00:54:11.686 [restartedMain] INFO  com.sermas.x.men.Application - Starting Application using Java 21.0.11 with PID 68260 (R:\OneDrive - King's College London\Workspace\Projects\SERMAS_KCL\Repositories\X-Men(Spring-Boot)\X-Men_3.0\target\classes started by Rish in R:\OneDrive - King's College London\Workspace\Projects\SERMAS_KCL\Repositories\X-Men(Spring-Boot)\X-Men_3.0)
00:54:11.687 [restartedMain] INFO  com.sermas.x.men.Application - No active profile set, falling back to 1 default profile: "default"
00:54:11.749 [restartedMain] INFO  o.s.b.d.e.DevToolsPropertyDefaultsPostProcessor - Devtools property defaults active! Set 'spring.devtools.add-properties' to 'false' to disable
00:54:13.383 [restartedMain] INFO  o.s.b.w.e.tomcat.TomcatWebServer - Tomcat initialized with port 8081 (http)
00:54:13.393 [restartedMain] INFO  o.a.coyote.http11.Http11NioProtocol - Initializing ProtocolHandler ["http-nio-8081"]
00:54:13.397 [restartedMain] INFO  o.a.catalina.core.StandardService - Starting service [Tomcat]
00:54:13.397 [restartedMain] INFO  o.a.catalina.core.StandardEngine - Starting Servlet engine: [Apache Tomcat/10.1.31]
00:54:13.448 [restartedMain] INFO  o.a.c.c.C.[Tomcat].[localhost].[/] - Initializing Spring embedded WebApplicationContext
00:54:13.449 [restartedMain] INFO  o.s.b.w.s.c.ServletWebServerApplicationContext - Root WebApplicationContext: initialization completed in 1698 ms
00:54:14.083 [restartedMain] INFO  c.s.x.m.s.HaskellDerivationFetcher - HaskellDerivationFetcher initialized with base URL: http://localhost:9091
00:54:14.195 [restartedMain] INFO  c.sermas.x.men.service.SettingsStore - Applied persisted vocabulary from C:\Users\Dell\.xmen\settings.json.
00:54:14.195 [restartedMain] INFO  c.sermas.x.men.service.SettingsStore - Applied persisted active theme 'ocean-cobalt'.
00:54:14.195 [restartedMain] INFO  c.sermas.x.men.service.SettingsStore - Applied persisted UI preferences.
00:54:14.357 [restartedMain] WARN  o.s.b.a.s.s.UserDetailsServiceAutoConfiguration - 

Using generated security password: 625282ba-654e-48a7-aea1-7d59652e27f5

This generated password is for development use only. Your security configuration must be updated before running your application in production.

00:54:14.383 [restartedMain] INFO  o.s.s.c.a.a.c.InitializeUserDetailsBeanManagerConfigurer$InitializeUserDetailsManagerConfigurer - Global AuthenticationManager configured with UserDetailsService bean with name inMemoryUserDetailsManager
00:54:14.746 [restartedMain] INFO  o.s.b.a.e.web.EndpointLinksResolver - Exposing 1 endpoint beneath base path '/actuator'
00:54:15.022 [restartedMain] WARN  o.s.b.a.t.ThymeleafAutoConfiguration$DefaultTemplateResolverConfiguration - Cannot find template location: classpath:/templates/ (please add some templates, check your Thymeleaf configuration, or set spring.thymeleaf.check-template-location=false)
00:54:15.239 [restartedMain] INFO  o.s.b.d.a.OptionalLiveReloadServer - LiveReload server is running on port 35729
00:54:15.288 [restartedMain] INFO  o.a.coyote.http11.Http11NioProtocol - Starting ProtocolHandler ["http-nio-8081"]
00:54:15.311 [restartedMain] INFO  o.s.b.w.e.tomcat.TomcatWebServer - Tomcat started on port 8081 (http) with context path '/'
00:54:15.329 [restartedMain] INFO  com.sermas.x.men.Application - Started Application in 4.118 seconds (process running for 4.735)
00:54:15.451 [JavaFX-Launcher] WARN  javafx - Unsupported JavaFX configuration: classes were loaded from 'unnamed module @7f416310'
00:54:21.841 [JavaFX Application Thread] WARN  javafx.css - CSS Error parsing file:/R:/OneDrive%20-%20King's%20College%20London/Workspace/Projects/SERMAS_KCL/Repositories/X-Men(Spring-Boot)/X-Men_3.0/target/classes/css/main-v2.css: Expected LBRACE at [428,4]
00:54:22.153 [http-nio-8081-exec-1] INFO  o.a.c.c.C.[Tomcat].[localhost].[/] - Initializing Spring DispatcherServlet 'dispatcherServlet'
00:54:22.154 [http-nio-8081-exec-1] INFO  o.s.web.servlet.DispatcherServlet - Initializing Servlet 'dispatcherServlet'
00:54:22.156 [http-nio-8081-exec-1] INFO  o.s.web.servlet.DispatcherServlet - Completed initialization in 2 ms
01:03:39.121 [File Watcher] INFO  o.s.b.d.a.LocalDevToolsAutoConfiguration$RestartingClassPathChangeChangedEventListener - Restarting due to 160 class path changes (2 additions, 158 deletions, 0 modifications)
01:03:39.223 [Thread-5] INFO  o.a.coyote.http11.Http11NioProtocol - Stopping ProtocolHandler ["http-nio-8081"]
01:03:40.133 [restartedMain] INFO  com.sermas.x.men.Application - Starting Application using Java 21.0.11 with PID 68260 (R:\OneDrive - King's College London\Workspace\Projects\SERMAS_KCL\Repositories\X-Men(Spring-Boot)\X-Men_3.0\target\classes started by Rish in R:\OneDrive - King's College London\Workspace\Projects\SERMAS_KCL\Repositories\X-Men(Spring-Boot)\X-Men_3.0)
01:03:40.134 [restartedMain] INFO  com.sermas.x.men.Application - No active profile set, falling back to 1 default profile: "default"
01:03:41.080 [restartedMain] INFO  o.s.b.w.e.tomcat.TomcatWebServer - Tomcat initialized with port 8081 (http)
01:03:41.082 [restartedMain] INFO  o.a.coyote.http11.Http11NioProtocol - Initializing ProtocolHandler ["http-nio-8081"]
01:03:41.084 [restartedMain] INFO  o.a.catalina.core.StandardService - Starting service [Tomcat]
01:03:41.084 [restartedMain] INFO  o.a.catalina.core.StandardEngine - Starting Servlet engine: [Apache Tomcat/10.1.31]
01:03:41.121 [restartedMain] INFO  o.a.c.c.C.[Tomcat].[localhost].[/] - Initializing Spring embedded WebApplicationContext
01:03:41.121 [restartedMain] INFO  o.s.b.w.s.c.ServletWebServerApplicationContext - Root WebApplicationContext: initialization completed in 958 ms
01:03:41.406 [restartedMain] WARN  o.s.b.a.t.ThymeleafAutoConfiguration$DefaultTemplateResolverConfiguration - Cannot find template location: classpath:/templates/ (please add some templates, check your Thymeleaf configuration, or set spring.thymeleaf.check-template-location=false)
01:03:41.632 [restartedMain] WARN  o.s.b.a.s.s.UserDetailsServiceAutoConfiguration - 

Using generated security password: 06c5c1be-d3a0-4fdd-b5ab-e4d0b7ef812c

This generated password is for development use only. Your security configuration must be updated before running your application in production.

01:03:41.637 [restartedMain] INFO  o.s.s.c.a.a.c.InitializeUserDetailsBeanManagerConfigurer$InitializeUserDetailsManagerConfigurer - Global AuthenticationManager configured with UserDetailsService bean with name inMemoryUserDetailsManager
01:03:41.702 [restartedMain] INFO  o.s.b.a.e.web.EndpointLinksResolver - Exposing 1 endpoint beneath base path '/actuator'
01:03:41.740 [restartedMain] INFO  o.s.b.d.a.OptionalLiveReloadServer - LiveReload server is running on port 35729
01:03:41.768 [restartedMain] INFO  o.a.coyote.http11.Http11NioProtocol - Starting ProtocolHandler ["http-nio-8081"]
01:03:41.778 [restartedMain] INFO  o.s.b.w.e.tomcat.TomcatWebServer - Tomcat started on port 8081 (http) with context path '/'
01:03:41.798 [restartedMain] INFO  com.sermas.x.men.Application - Started Application in 1.972 seconds (process running for 571.204)
01:03:41.809 [restartedMain] INFO  o.s.b.a.l.ConditionEvaluationReportLogger - 

Error starting ApplicationContext. To display the condition evaluation report re-run your application with 'debug' enabled.
01:03:41.869 [restartedMain] ERROR o.s.boot.SpringApplication - Application run failed
java.lang.NoClassDefFoundError: com/sermas/x/men/user_interface/XMenInterface
	at com.sermas.x.men.Application.run(Application.java:35)
	at org.springframework.boot.SpringApplication.lambda$callRunner$5(SpringApplication.java:790)
	at org.springframework.util.function.ThrowingConsumer$1.acceptWithException(ThrowingConsumer.java:83)
	at org.springframework.util.function.ThrowingConsumer.accept(ThrowingConsumer.java:60)
	at org.springframework.util.function.ThrowingConsumer$1.accept(ThrowingConsumer.java:88)
	at org.springframework.boot.SpringApplication.callRunner(SpringApplication.java:798)
	at org.springframework.boot.SpringApplication.callRunner(SpringApplication.java:789)
	at org.springframework.boot.SpringApplication.lambda$callRunners$3(SpringApplication.java:774)
	at java.base/java.util.stream.ForEachOps$ForEachOp$OfRef.accept(ForEachOps.java:184)
	at java.base/java.util.stream.SortedOps$SizedRefSortingSink.end(SortedOps.java:357)
	at java.base/java.util.stream.AbstractPipeline.copyInto(AbstractPipeline.java:510)
	at java.base/java.util.stream.AbstractPipeline.wrapAndCopyInto(AbstractPipeline.java:499)
	at java.base/java.util.stream.ForEachOps$ForEachOp.evaluateSequential(ForEachOps.java:151)
	at java.base/java.util.stream.ForEachOps$ForEachOp$OfRef.evaluateSequential(ForEachOps.java:174)
	at java.base/java.util.stream.AbstractPipeline.evaluate(AbstractPipeline.java:234)
	at java.base/java.util.stream.ReferencePipeline.forEach(ReferencePipeline.java:596)
	at org.springframework.boot.SpringApplication.callRunners(SpringApplication.java:774)
	at org.springframework.boot.SpringApplication.run(SpringApplication.java:342)
	at org.springframework.boot.SpringApplication.run(SpringApplication.java:1363)
	at org.springframework.boot.SpringApplication.run(SpringApplication.java:1352)
	at com.sermas.x.men.Application.main(Application.java:20)
	at java.base/jdk.internal.reflect.DirectMethodHandleAccessor.invoke(DirectMethodHandleAccessor.java:103)
	at java.base/java.lang.reflect.Method.invoke(Method.java:580)
	at org.springframework.boot.devtools.restart.RestartLauncher.run(RestartLauncher.java:50)
Caused by: java.lang.ClassNotFoundException: com.sermas.x.men.user_interface.XMenInterface
	at java.base/jdk.internal.loader.BuiltinClassLoader.loadClass(BuiltinClassLoader.java:641)
	at java.base/jdk.internal.loader.ClassLoaders$AppClassLoader.loadClass(ClassLoaders.java:188)
	at java.base/java.lang.ClassLoader.loadClass(ClassLoader.java:526)
	... 24 common frames omitted
01:03:46.631 [restartedMain] INFO  com.sermas.x.men.Application - Starting Application using Java 21.0.11 with PID 68260 (R:\OneDrive - King's College London\Workspace\Projects\SERMAS_KCL\Repositories\X-Men(Spring-Boot)\X-Men_3.0\target\classes started by Rish in R:\OneDrive - King's College London\Workspace\Projects\SERMAS_KCL\Repositories\X-Men(Spring-Boot)\X-Men_3.0)
01:03:46.631 [restartedMain] INFO  com.sermas.x.men.Application - No active profile set, falling back to 1 default profile: "default"
01:03:47.274 [restartedMain] INFO  o.s.b.w.e.tomcat.TomcatWebServer - Tomcat initialized with port 8081 (http)
01:03:47.275 [restartedMain] INFO  o.a.coyote.http11.Http11NioProtocol - Initializing ProtocolHandler ["http-nio-8081"]
01:03:47.276 [restartedMain] INFO  o.a.catalina.core.StandardService - Starting service [Tomcat]
01:03:47.276 [restartedMain] INFO  o.a.catalina.core.StandardEngine - Starting Servlet engine: [Apache Tomcat/10.1.31]
01:03:47.301 [restartedMain] INFO  o.a.c.c.C.[Tomcat].[localhost].[/] - Initializing Spring embedded WebApplicationContext
01:03:47.302 [restartedMain] INFO  o.s.b.w.s.c.ServletWebServerApplicationContext - Root WebApplicationContext: initialization completed in 666 ms
01:03:47.424 [restartedMain] INFO  c.s.x.m.s.HaskellDerivationFetcher - HaskellDerivationFetcher initialized with base URL: http://localhost:9091
01:03:47.470 [restartedMain] INFO  c.sermas.x.men.service.SettingsStore - Applied persisted vocabulary from C:\Users\Dell\.xmen\settings.json.
01:03:47.471 [restartedMain] INFO  c.sermas.x.men.service.SettingsStore - Applied persisted active theme 'ocean-cobalt'.
01:03:47.471 [restartedMain] INFO  c.sermas.x.men.service.SettingsStore - Applied persisted UI preferences.
01:03:47.498 [restartedMain] WARN  o.s.b.a.s.s.UserDetailsServiceAutoConfiguration - 

Using generated security password: 44e2a6f2-5df5-4337-8fb0-d0f869dbffcc

This generated password is for development use only. Your security configuration must be updated before running your application in production.

01:03:47.499 [restartedMain] INFO  o.s.s.c.a.a.c.InitializeUserDetailsBeanManagerConfigurer$InitializeUserDetailsManagerConfigurer - Global AuthenticationManager configured with UserDetailsService bean with name inMemoryUserDetailsManager
01:03:47.603 [restartedMain] INFO  o.s.b.a.e.web.EndpointLinksResolver - Exposing 1 endpoint beneath base path '/actuator'
01:03:47.653 [restartedMain] WARN  o.s.b.a.t.ThymeleafAutoConfiguration$DefaultTemplateResolverConfiguration - Cannot find template location: classpath:/templates/ (please add some templates, check your Thymeleaf configuration, or set spring.thymeleaf.check-template-location=false)
01:03:47.699 [restartedMain] INFO  o.s.b.d.a.OptionalLiveReloadServer - LiveReload server is running on port 35729
01:03:47.713 [restartedMain] INFO  o.a.coyote.http11.Http11NioProtocol - Starting ProtocolHandler ["http-nio-8081"]
01:03:47.726 [restartedMain] INFO  o.s.b.w.e.tomcat.TomcatWebServer - Tomcat started on port 8081 (http) with context path '/'
01:03:47.731 [restartedMain] INFO  com.sermas.x.men.Application - Started Application in 1.154 seconds (process running for 577.138)
01:03:47.738 [restartedMain] INFO  o.s.b.a.l.ConditionEvaluationReportLogger - 

Error starting ApplicationContext. To display the condition evaluation report re-run your application with 'debug' enabled.
01:03:47.744 [restartedMain] ERROR o.s.boot.SpringApplication - Application run failed
java.lang.IllegalStateException: Application launch must not be called more than once
	at com.sun.javafx.application.LauncherImpl.launchApplication(LauncherImpl.java:176)
	at com.sun.javafx.application.LauncherImpl.launchApplication(LauncherImpl.java:154)
	at javafx.application.Application.launch(Application.java:233)
	at com.sermas.x.men.Application.run(Application.java:35)
	at org.springframework.boot.SpringApplication.lambda$callRunner$5(SpringApplication.java:790)
	at org.springframework.util.function.ThrowingConsumer$1.acceptWithException(ThrowingConsumer.java:83)
	at org.springframework.util.function.ThrowingConsumer.accept(ThrowingConsumer.java:60)
	at org.springframework.util.function.ThrowingConsumer$1.accept(ThrowingConsumer.java:88)
	at org.springframework.boot.SpringApplication.callRunner(SpringApplication.java:798)
	at org.springframework.boot.SpringApplication.callRunner(SpringApplication.java:789)
	at org.springframework.boot.SpringApplication.lambda$callRunners$3(SpringApplication.java:774)
	at java.base/java.util.stream.ForEachOps$ForEachOp$OfRef.accept(ForEachOps.java:184)
	at java.base/java.util.stream.SortedOps$SizedRefSortingSink.end(SortedOps.java:357)
	at java.base/java.util.stream.AbstractPipeline.copyInto(AbstractPipeline.java:510)
	at java.base/java.util.stream.AbstractPipeline.wrapAndCopyInto(AbstractPipeline.java:499)
	at java.base/java.util.stream.ForEachOps$ForEachOp.evaluateSequential(ForEachOps.java:151)
	at java.base/java.util.stream.ForEachOps$ForEachOp$OfRef.evaluateSequential(ForEachOps.java:174)
	at java.base/java.util.stream.AbstractPipeline.evaluate(AbstractPipeline.java:234)
	at java.base/java.util.stream.ReferencePipeline.forEach(ReferencePipeline.java:596)
	at org.springframework.boot.SpringApplication.callRunners(SpringApplication.java:774)
	at org.springframework.boot.SpringApplication.run(SpringApplication.java:342)
	at org.springframework.boot.SpringApplication.run(SpringApplication.java:1363)
	at org.springframework.boot.SpringApplication.run(SpringApplication.java:1352)
	at com.sermas.x.men.Application.main(Application.java:20)
	at java.base/jdk.internal.reflect.DirectMethodHandleAccessor.invoke(DirectMethodHandleAccessor.java:103)
	at java.base/java.lang.reflect.Method.invoke(Method.java:580)
	at org.springframework.boot.devtools.restart.RestartLauncher.run(RestartLauncher.java:50)
01:03:50.504 [main] INFO  c.s.x.m.s.chatbot.ChatBotService - Extracted 7 AIML brain resources into C:\Users\Dell\AppData\Local\Temp\xmen-aiml-2511751292539161967\xmen
01:03:50.507 [main] INFO  c.s.x.m.s.chatbot.ChatBotService - Loading X-Men AIML brain from C:\Users\Dell\AppData\Local\Temp\xmen-aiml-2511751292539161967\xmen\
01:03:50.687 [main] INFO  c.s.x.m.s.chatbot.ChatBotService - ChatBotService status: AIML brain loaded from C:\Users\Dell\AppData\Local\Temp\xmen-aiml-2511751292539161967\xmen\
01:05:13.833 [restartedMain] INFO  com.sermas.x.men.Application - Starting Application using Java 21.0.11 with PID 68260 (R:\OneDrive - King's College London\Workspace\Projects\SERMAS_KCL\Repositories\X-Men(Spring-Boot)\X-Men_3.0\target\classes started by Rish in R:\OneDrive - King's College London\Workspace\Projects\SERMAS_KCL\Repositories\X-Men(Spring-Boot)\X-Men_3.0)
01:05:13.833 [restartedMain] INFO  com.sermas.x.men.Application - No active profile set, falling back to 1 default profile: "default"
01:05:14.290 [restartedMain] INFO  o.s.b.w.e.tomcat.TomcatWebServer - Tomcat initialized with port 8081 (http)
01:05:14.290 [restartedMain] INFO  o.a.coyote.http11.Http11NioProtocol - Initializing ProtocolHandler ["http-nio-8081"]
01:05:14.291 [restartedMain] INFO  o.a.catalina.core.StandardService - Starting service [Tomcat]
01:05:14.292 [restartedMain] INFO  o.a.catalina.core.StandardEngine - Starting Servlet engine: [Apache Tomcat/10.1.31]
01:05:14.319 [restartedMain] INFO  o.a.c.c.C.[Tomcat].[localhost].[/] - Initializing Spring embedded WebApplicationContext
01:05:14.320 [restartedMain] INFO  o.s.b.w.s.c.ServletWebServerApplicationContext - Root WebApplicationContext: initialization completed in 484 ms
01:05:14.457 [restartedMain] WARN  o.s.b.a.t.ThymeleafAutoConfiguration$DefaultTemplateResolverConfiguration - Cannot find template location: classpath:/templates/ (please add some templates, check your Thymeleaf configuration, or set spring.thymeleaf.check-template-location=false)
01:05:14.530 [restartedMain] WARN  o.s.b.a.s.s.UserDetailsServiceAutoConfiguration - 

Using generated security password: 535d0d67-c683-4e80-b532-965084abd2dc

This generated password is for development use only. Your security configuration must be updated before running your application in production.

01:05:14.531 [restartedMain] INFO  o.s.s.c.a.a.c.InitializeUserDetailsBeanManagerConfigurer$InitializeUserDetailsManagerConfigurer - Global AuthenticationManager configured with UserDetailsService bean with name inMemoryUserDetailsManager
01:05:14.540 [restartedMain] INFO  o.s.b.a.e.web.EndpointLinksResolver - Exposing 1 endpoint beneath base path '/actuator'
01:05:14.560 [restartedMain] INFO  o.s.b.d.a.OptionalLiveReloadServer - LiveReload server is running on port 35729
01:05:14.570 [restartedMain] INFO  o.a.coyote.http11.Http11NioProtocol - Starting ProtocolHandler ["http-nio-8081"]
01:05:14.577 [restartedMain] INFO  o.s.b.w.e.tomcat.TomcatWebServer - Tomcat started on port 8081 (http) with context path '/'
01:05:14.582 [restartedMain] INFO  com.sermas.x.men.Application - Started Application in 0.849 seconds (process running for 663.988)
01:05:14.585 [restartedMain] INFO  o.s.b.a.l.ConditionEvaluationReportLogger - 

Error starting ApplicationContext. To display the condition evaluation report re-run your application with 'debug' enabled.
01:05:14.589 [restartedMain] ERROR o.s.boot.SpringApplication - Application run failed
java.lang.NoClassDefFoundError: com/sermas/x/men/user_interface/XMenInterface
	at com.sermas.x.men.Application.run(Application.java:35)
	at org.springframework.boot.SpringApplication.lambda$callRunner$5(SpringApplication.java:790)
	at org.springframework.util.function.ThrowingConsumer$1.acceptWithException(ThrowingConsumer.java:83)
	at org.springframework.util.function.ThrowingConsumer.accept(ThrowingConsumer.java:60)
	at org.springframework.util.function.ThrowingConsumer$1.accept(ThrowingConsumer.java:88)
	at org.springframework.boot.SpringApplication.callRunner(SpringApplication.java:798)
	at org.springframework.boot.SpringApplication.callRunner(SpringApplication.java:789)
	at org.springframework.boot.SpringApplication.lambda$callRunners$3(SpringApplication.java:774)
	at java.base/java.util.stream.ForEachOps$ForEachOp$OfRef.accept(ForEachOps.java:184)
	at java.base/java.util.stream.SortedOps$SizedRefSortingSink.end(SortedOps.java:357)
	at java.base/java.util.stream.AbstractPipeline.copyInto(AbstractPipeline.java:510)
	at java.base/java.util.stream.AbstractPipeline.wrapAndCopyInto(AbstractPipeline.java:499)
	at java.base/java.util.stream.ForEachOps$ForEachOp.evaluateSequential(ForEachOps.java:151)
	at java.base/java.util.stream.ForEachOps$ForEachOp$OfRef.evaluateSequential(ForEachOps.java:174)
	at java.base/java.util.stream.AbstractPipeline.evaluate(AbstractPipeline.java:234)
	at java.base/java.util.stream.ReferencePipeline.forEach(ReferencePipeline.java:596)
	at org.springframework.boot.SpringApplication.callRunners(SpringApplication.java:774)
	at org.springframework.boot.SpringApplication.run(SpringApplication.java:342)
	at org.springframework.boot.SpringApplication.run(SpringApplication.java:1363)
	at org.springframework.boot.SpringApplication.run(SpringApplication.java:1352)
	at com.sermas.x.men.Application.main(Application.java:20)
	at java.base/jdk.internal.reflect.DirectMethodHandleAccessor.invoke(DirectMethodHandleAccessor.java:103)
	at java.base/java.lang.reflect.Method.invoke(Method.java:580)
	at org.springframework.boot.devtools.restart.RestartLauncher.run(RestartLauncher.java:50)
Caused by: java.lang.ClassNotFoundException: com.sermas.x.men.user_interface.XMenInterface
	... 24 common frames omitted
01:05:19.440 [restartedMain] INFO  com.sermas.x.men.Application - Starting Application using Java 21.0.11 with PID 68260 (R:\OneDrive - King's College London\Workspace\Projects\SERMAS_KCL\Repositories\X-Men(Spring-Boot)\X-Men_3.0\target\classes started by Rish in R:\OneDrive - King's College London\Workspace\Projects\SERMAS_KCL\Repositories\X-Men(Spring-Boot)\X-Men_3.0)
01:05:19.440 [restartedMain] INFO  com.sermas.x.men.Application - No active profile set, falling back to 1 default profile: "default"
01:05:19.838 [restartedMain] INFO  o.s.b.w.e.tomcat.TomcatWebServer - Tomcat initialized with port 8081 (http)
01:05:19.839 [restartedMain] INFO  o.a.coyote.http11.Http11NioProtocol - Initializing ProtocolHandler ["http-nio-8081"]
01:05:19.839 [restartedMain] INFO  o.a.catalina.core.StandardService - Starting service [Tomcat]
01:05:19.839 [restartedMain] INFO  o.a.catalina.core.StandardEngine - Starting Servlet engine: [Apache Tomcat/10.1.31]
01:05:19.867 [restartedMain] INFO  o.a.c.c.C.[Tomcat].[localhost].[/] - Initializing Spring embedded WebApplicationContext
01:05:19.867 [restartedMain] INFO  o.s.b.w.s.c.ServletWebServerApplicationContext - Root WebApplicationContext: initialization completed in 425 ms
01:05:20.029 [restartedMain] INFO  c.s.x.m.s.HaskellDerivationFetcher - HaskellDerivationFetcher initialized with base URL: http://localhost:9091
01:05:20.065 [restartedMain] INFO  c.sermas.x.men.service.SettingsStore - Applied persisted vocabulary from C:\Users\Dell\.xmen\settings.json.
01:05:20.065 [restartedMain] INFO  c.sermas.x.men.service.SettingsStore - Applied persisted active theme 'ocean-cobalt'.
01:05:20.065 [restartedMain] INFO  c.sermas.x.men.service.SettingsStore - Applied persisted UI preferences.
01:05:20.101 [restartedMain] WARN  o.s.b.a.s.s.UserDetailsServiceAutoConfiguration - 

Using generated security password: a0a61b15-f1d0-4b5c-b26f-68af5f79d0a3

This generated password is for development use only. Your security configuration must be updated before running your application in production.

01:05:20.102 [restartedMain] INFO  o.s.s.c.a.a.c.InitializeUserDetailsBeanManagerConfigurer$InitializeUserDetailsManagerConfigurer - Global AuthenticationManager configured with UserDetailsService bean with name inMemoryUserDetailsManager
01:05:20.197 [restartedMain] INFO  o.s.b.a.e.web.EndpointLinksResolver - Exposing 1 endpoint beneath base path '/actuator'
01:05:20.236 [restartedMain] WARN  o.s.b.a.t.ThymeleafAutoConfiguration$DefaultTemplateResolverConfiguration - Cannot find template location: classpath:/templates/ (please add some templates, check your Thymeleaf configuration, or set spring.thymeleaf.check-template-location=false)
01:05:20.267 [restartedMain] INFO  o.s.b.d.a.OptionalLiveReloadServer - LiveReload server is running on port 35729
01:05:20.285 [restartedMain] INFO  o.a.coyote.http11.Http11NioProtocol - Starting ProtocolHandler ["http-nio-8081"]
01:05:20.290 [restartedMain] INFO  o.s.b.w.e.tomcat.TomcatWebServer - Tomcat started on port 8081 (http) with context path '/'
01:05:20.295 [restartedMain] INFO  com.sermas.x.men.Application - Started Application in 0.903 seconds (process running for 669.702)
01:05:20.300 [restartedMain] INFO  o.s.b.a.l.ConditionEvaluationReportLogger - 

Error starting ApplicationContext. To display the condition evaluation report re-run your application with 'debug' enabled.
01:05:20.305 [restartedMain] ERROR o.s.boot.SpringApplication - Application run failed
java.lang.IllegalStateException: Application launch must not be called more than once
	at com.sun.javafx.application.LauncherImpl.launchApplication(LauncherImpl.java:176)
	at com.sun.javafx.application.LauncherImpl.launchApplication(LauncherImpl.java:154)
	at javafx.application.Application.launch(Application.java:233)
	at com.sermas.x.men.Application.run(Application.java:55)
	at org.springframework.boot.SpringApplication.lambda$callRunner$5(SpringApplication.java:790)
	at org.springframework.util.function.ThrowingConsumer$1.acceptWithException(ThrowingConsumer.java:83)
	at org.springframework.util.function.ThrowingConsumer.accept(ThrowingConsumer.java:60)
	at org.springframework.util.function.ThrowingConsumer$1.accept(ThrowingConsumer.java:88)
	at org.springframework.boot.SpringApplication.callRunner(SpringApplication.java:798)
	at org.springframework.boot.SpringApplication.callRunner(SpringApplication.java:789)
	at org.springframework.boot.SpringApplication.lambda$callRunners$3(SpringApplication.java:774)
	at java.base/java.util.stream.ForEachOps$ForEachOp$OfRef.accept(ForEachOps.java:184)
	at java.base/java.util.stream.SortedOps$SizedRefSortingSink.end(SortedOps.java:357)
	at java.base/java.util.stream.AbstractPipeline.copyInto(AbstractPipeline.java:510)
	at java.base/java.util.stream.AbstractPipeline.wrapAndCopyInto(AbstractPipeline.java:499)
	at java.base/java.util.stream.ForEachOps$ForEachOp.evaluateSequential(ForEachOps.java:151)
	at java.base/java.util.stream.ForEachOps$ForEachOp$OfRef.evaluateSequential(ForEachOps.java:174)
	at java.base/java.util.stream.AbstractPipeline.evaluate(AbstractPipeline.java:234)
	at java.base/java.util.stream.ReferencePipeline.forEach(ReferencePipeline.java:596)
	at org.springframework.boot.SpringApplication.callRunners(SpringApplication.java:774)
	at org.springframework.boot.SpringApplication.run(SpringApplication.java:342)
	at org.springframework.boot.SpringApplication.run(SpringApplication.java:1363)
	at org.springframework.boot.SpringApplication.run(SpringApplication.java:1352)
	at com.sermas.x.men.Application.main(Application.java:26)
	at java.base/jdk.internal.reflect.DirectMethodHandleAccessor.invoke(DirectMethodHandleAccessor.java:103)
	at java.base/java.lang.reflect.Method.invoke(Method.java:580)
	at org.springframework.boot.devtools.restart.RestartLauncher.run(RestartLauncher.java:50)
01:05:23.357 [main] INFO  c.s.x.m.s.chatbot.ChatBotService - Extracted 7 AIML brain resources into C:\Users\Dell\AppData\Local\Temp\xmen-aiml-5296697393144239883\xmen
01:05:23.363 [main] INFO  c.s.x.m.s.chatbot.ChatBotService - Loading X-Men AIML brain from C:\Users\Dell\AppData\Local\Temp\xmen-aiml-5296697393144239883\xmen\
01:05:23.589 [main] INFO  c.s.x.m.s.chatbot.ChatBotService - ChatBotService status: AIML brain loaded from C:\Users\Dell\AppData\Local\Temp\xmen-aiml-5296697393144239883\xmen\
01:07:40.869 [restartedMain] INFO  com.sermas.x.men.Application - Starting Application using Java 21.0.11 with PID 68260 (started by Rish in R:\OneDrive - King's College London\Workspace\Projects\SERMAS_KCL\Repositories\X-Men(Spring-Boot)\X-Men_3.0)
01:07:40.870 [restartedMain] INFO  com.sermas.x.men.Application - No active profile set, falling back to 1 default profile: "default"
01:07:41.227 [restartedMain] INFO  o.s.b.w.e.tomcat.TomcatWebServer - Tomcat initialized with port 8080 (http)
01:07:41.228 [restartedMain] INFO  o.a.coyote.http11.Http11NioProtocol - Initializing ProtocolHandler ["http-nio-8080"]
01:07:41.228 [restartedMain] INFO  o.a.catalina.core.StandardService - Starting service [Tomcat]
01:07:41.228 [restartedMain] INFO  o.a.catalina.core.StandardEngine - Starting Servlet engine: [Apache Tomcat/10.1.31]
01:07:41.251 [restartedMain] INFO  o.a.c.c.C.[Tomcat].[localhost].[/] - Initializing Spring embedded WebApplicationContext
01:07:41.252 [restartedMain] INFO  o.s.b.w.s.c.ServletWebServerApplicationContext - Root WebApplicationContext: initialization completed in 380 ms
01:07:41.327 [restartedMain] WARN  o.s.b.a.t.ThymeleafAutoConfiguration$DefaultTemplateResolverConfiguration - Cannot find template location: classpath:/templates/ (please add some templates, check your Thymeleaf configuration, or set spring.thymeleaf.check-template-location=false)
01:07:41.370 [restartedMain] WARN  o.s.b.a.s.s.UserDetailsServiceAutoConfiguration - 

Using generated security password: dab918ed-2cd2-42ce-a91f-7850c5935093

This generated password is for development use only. Your security configuration must be updated before running your application in production.

01:07:41.371 [restartedMain] INFO  o.s.s.c.a.a.c.InitializeUserDetailsBeanManagerConfigurer$InitializeUserDetailsManagerConfigurer - Global AuthenticationManager configured with UserDetailsService bean with name inMemoryUserDetailsManager
01:07:41.376 [restartedMain] INFO  o.s.b.a.e.web.EndpointLinksResolver - Exposing 1 endpoint beneath base path '/actuator'
01:07:41.386 [restartedMain] INFO  o.s.b.d.a.OptionalLiveReloadServer - LiveReload server is running on port 35729
01:07:41.393 [restartedMain] INFO  o.a.coyote.http11.Http11NioProtocol - Starting ProtocolHandler ["http-nio-8080"]
01:07:41.398 [restartedMain] INFO  o.s.b.w.e.tomcat.TomcatWebServer - Tomcat started on port 8080 (http) with context path '/'
01:07:41.401 [restartedMain] INFO  com.sermas.x.men.Application - Started Application in 0.571 seconds (process running for 810.807)
01:07:41.404 [restartedMain] INFO  o.s.b.a.l.ConditionEvaluationReportLogger - 

Error starting ApplicationContext. To display the condition evaluation report re-run your application with 'debug' enabled.
01:07:41.408 [restartedMain] ERROR o.s.boot.SpringApplication - Application run failed
java.lang.NoClassDefFoundError: com/sermas/x/men/user_interface/XMenInterface
	at com.sermas.x.men.Application.run(Application.java:35)
	at org.springframework.boot.SpringApplication.lambda$callRunner$5(SpringApplication.java:790)
	at org.springframework.util.function.ThrowingConsumer$1.acceptWithException(ThrowingConsumer.java:83)
	at org.springframework.util.function.ThrowingConsumer.accept(ThrowingConsumer.java:60)
	at org.springframework.util.function.ThrowingConsumer$1.accept(ThrowingConsumer.java:88)
	at org.springframework.boot.SpringApplication.callRunner(SpringApplication.java:798)
	at org.springframework.boot.SpringApplication.callRunner(SpringApplication.java:789)
	at org.springframework.boot.SpringApplication.lambda$callRunners$3(SpringApplication.java:774)
	at java.base/java.util.stream.ForEachOps$ForEachOp$OfRef.accept(ForEachOps.java:184)
	at java.base/java.util.stream.SortedOps$SizedRefSortingSink.end(SortedOps.java:357)
	at java.base/java.util.stream.AbstractPipeline.copyInto(AbstractPipeline.java:510)
	at java.base/java.util.stream.AbstractPipeline.wrapAndCopyInto(AbstractPipeline.java:499)
	at java.base/java.util.stream.ForEachOps$ForEachOp.evaluateSequential(ForEachOps.java:151)
	at java.base/java.util.stream.ForEachOps$ForEachOp$OfRef.evaluateSequential(ForEachOps.java:174)
	at java.base/java.util.stream.AbstractPipeline.evaluate(AbstractPipeline.java:234)
	at java.base/java.util.stream.ReferencePipeline.forEach(ReferencePipeline.java:596)
	at org.springframework.boot.SpringApplication.callRunners(SpringApplication.java:774)
	at org.springframework.boot.SpringApplication.run(SpringApplication.java:342)
	at org.springframework.boot.SpringApplication.run(SpringApplication.java:1363)
	at org.springframework.boot.SpringApplication.run(SpringApplication.java:1352)
	at com.sermas.x.men.Application.main(Application.java:20)
	at java.base/jdk.internal.reflect.DirectMethodHandleAccessor.invoke(DirectMethodHandleAccessor.java:103)
	at java.base/java.lang.reflect.Method.invoke(Method.java:580)
	at org.springframework.boot.devtools.restart.RestartLauncher.run(RestartLauncher.java:50)
Caused by: java.lang.ClassNotFoundException: com.sermas.x.men.user_interface.XMenInterface
	... 24 common frames omitted
01:07:43.918 [restartedMain] INFO  com.sermas.x.men.Application - Starting Application using Java 21.0.11 with PID 68260 (R:\OneDrive - King's College London\Workspace\Projects\SERMAS_KCL\Repositories\X-Men(Spring-Boot)\X-Men_3.0\target\classes started by Rish in R:\OneDrive - King's College London\Workspace\Projects\SERMAS_KCL\Repositories\X-Men(Spring-Boot)\X-Men_3.0)
01:07:43.919 [restartedMain] INFO  com.sermas.x.men.Application - No active profile set, falling back to 1 default profile: "default"
01:07:44.266 [restartedMain] INFO  o.s.b.w.e.tomcat.TomcatWebServer - Tomcat initialized with port 8081 (http)
01:07:44.267 [restartedMain] INFO  o.a.coyote.http11.Http11NioProtocol - Initializing ProtocolHandler ["http-nio-8081"]
01:07:44.268 [restartedMain] INFO  o.a.catalina.core.StandardService - Starting service [Tomcat]
01:07:44.268 [restartedMain] INFO  o.a.catalina.core.StandardEngine - Starting Servlet engine: [Apache Tomcat/10.1.31]
01:07:44.288 [restartedMain] INFO  o.a.c.c.C.[Tomcat].[localhost].[/] - Initializing Spring embedded WebApplicationContext
01:07:44.289 [restartedMain] INFO  o.s.b.w.s.c.ServletWebServerApplicationContext - Root WebApplicationContext: initialization completed in 368 ms
01:07:44.388 [restartedMain] WARN  o.s.b.a.t.ThymeleafAutoConfiguration$DefaultTemplateResolverConfiguration - Cannot find template location: classpath:/templates/ (please add some templates, check your Thymeleaf configuration, or set spring.thymeleaf.check-template-location=false)
01:07:44.447 [restartedMain] WARN  o.s.b.a.s.s.UserDetailsServiceAutoConfiguration - 

Using generated security password: 3adc7547-a55c-4e60-aa09-ac23dc061e6e

This generated password is for development use only. Your security configuration must be updated before running your application in production.

01:07:44.448 [restartedMain] INFO  o.s.s.c.a.a.c.InitializeUserDetailsBeanManagerConfigurer$InitializeUserDetailsManagerConfigurer - Global AuthenticationManager configured with UserDetailsService bean with name inMemoryUserDetailsManager
01:07:44.453 [restartedMain] INFO  o.s.b.a.e.web.EndpointLinksResolver - Exposing 1 endpoint beneath base path '/actuator'
01:07:44.468 [restartedMain] INFO  o.s.b.d.a.OptionalLiveReloadServer - LiveReload server is running on port 35729
01:07:44.477 [restartedMain] INFO  o.a.coyote.http11.Http11NioProtocol - Starting ProtocolHandler ["http-nio-8081"]
01:07:44.482 [restartedMain] INFO  o.s.b.w.e.tomcat.TomcatWebServer - Tomcat started on port 8081 (http) with context path '/'
01:07:44.485 [restartedMain] INFO  com.sermas.x.men.Application - Started Application in 0.609 seconds (process running for 813.892)
01:07:44.488 [restartedMain] INFO  o.s.b.a.l.ConditionEvaluationReportLogger - 

Error starting ApplicationContext. To display the condition evaluation report re-run your application with 'debug' enabled.
01:07:44.489 [restartedMain] ERROR o.s.boot.SpringApplication - Application run failed
java.lang.NoClassDefFoundError: com/sermas/x/men/user_interface/XMenInterface
	at com.sermas.x.men.Application.run(Application.java:35)
	at org.springframework.boot.SpringApplication.lambda$callRunner$5(SpringApplication.java:790)
	at org.springframework.util.function.ThrowingConsumer$1.acceptWithException(ThrowingConsumer.java:83)
	at org.springframework.util.function.ThrowingConsumer.accept(ThrowingConsumer.java:60)
	at org.springframework.util.function.ThrowingConsumer$1.accept(ThrowingConsumer.java:88)
	at org.springframework.boot.SpringApplication.callRunner(SpringApplication.java:798)
	at org.springframework.boot.SpringApplication.callRunner(SpringApplication.java:789)
	at org.springframework.boot.SpringApplication.lambda$callRunners$3(SpringApplication.java:774)
	at java.base/java.util.stream.ForEachOps$ForEachOp$OfRef.accept(ForEachOps.java:184)
	at java.base/java.util.stream.SortedOps$SizedRefSortingSink.end(SortedOps.java:357)
	at java.base/java.util.stream.AbstractPipeline.copyInto(AbstractPipeline.java:510)
	at java.base/java.util.stream.AbstractPipeline.wrapAndCopyInto(AbstractPipeline.java:499)
	at java.base/java.util.stream.ForEachOps$ForEachOp.evaluateSequential(ForEachOps.java:151)
	at java.base/java.util.stream.ForEachOps$ForEachOp$OfRef.evaluateSequential(ForEachOps.java:174)
	at java.base/java.util.stream.AbstractPipeline.evaluate(AbstractPipeline.java:234)
	at java.base/java.util.stream.ReferencePipeline.forEach(ReferencePipeline.java:596)
	at org.springframework.boot.SpringApplication.callRunners(SpringApplication.java:774)
	at org.springframework.boot.SpringApplication.run(SpringApplication.java:342)
	at org.springframework.boot.SpringApplication.run(SpringApplication.java:1363)
	at org.springframework.boot.SpringApplication.run(SpringApplication.java:1352)
	at com.sermas.x.men.Application.main(Application.java:20)
	at java.base/jdk.internal.reflect.DirectMethodHandleAccessor.invoke(DirectMethodHandleAccessor.java:103)
	at java.base/java.lang.reflect.Method.invoke(Method.java:580)
	at org.springframework.boot.devtools.restart.RestartLauncher.run(RestartLauncher.java:50)
Caused by: java.lang.ClassNotFoundException: com.sermas.x.men.user_interface.XMenInterface
	... 24 common frames omitted
01:07:50.172 [restartedMain] INFO  com.sermas.x.men.Application - Starting Application using Java 21.0.11 with PID 68260 (R:\OneDrive - King's College London\Workspace\Projects\SERMAS_KCL\Repositories\X-Men(Spring-Boot)\X-Men_3.0\target\classes started by Rish in R:\OneDrive - King's College London\Workspace\Projects\SERMAS_KCL\Repositories\X-Men(Spring-Boot)\X-Men_3.0)
01:07:50.172 [restartedMain] INFO  com.sermas.x.men.Application - No active profile set, falling back to 1 default profile: "default"
01:07:50.651 [restartedMain] INFO  o.s.b.w.e.tomcat.TomcatWebServer - Tomcat initialized with port 8081 (http)
01:07:50.652 [restartedMain] INFO  o.a.coyote.http11.Http11NioProtocol - Initializing ProtocolHandler ["http-nio-8081"]
01:07:50.652 [restartedMain] INFO  o.a.catalina.core.StandardService - Starting service [Tomcat]
01:07:50.652 [restartedMain] INFO  o.a.catalina.core.StandardEngine - Starting Servlet engine: [Apache Tomcat/10.1.31]
01:07:50.675 [restartedMain] INFO  o.a.c.c.C.[Tomcat].[localhost].[/] - Initializing Spring embedded WebApplicationContext
01:07:50.675 [restartedMain] INFO  o.s.b.w.s.c.ServletWebServerApplicationContext - Root WebApplicationContext: initialization completed in 500 ms
01:07:50.760 [restartedMain] INFO  c.s.x.m.s.HaskellDerivationFetcher - HaskellDerivationFetcher initialized with base URL: http://localhost:9091
01:07:50.798 [restartedMain] INFO  c.sermas.x.men.service.SettingsStore - Applied persisted vocabulary from C:\Users\Dell\.xmen\settings.json.
01:07:50.798 [restartedMain] INFO  c.sermas.x.men.service.SettingsStore - Applied persisted active theme 'ocean-cobalt'.
01:07:50.799 [restartedMain] INFO  c.sermas.x.men.service.SettingsStore - Applied persisted UI preferences.
01:07:50.832 [restartedMain] WARN  o.s.b.a.s.s.UserDetailsServiceAutoConfiguration - 

Using generated security password: beb202df-5747-4b71-b3ef-b5aa2442f9aa

This generated password is for development use only. Your security configuration must be updated before running your application in production.

01:07:50.833 [restartedMain] INFO  o.s.s.c.a.a.c.InitializeUserDetailsBeanManagerConfigurer$InitializeUserDetailsManagerConfigurer - Global AuthenticationManager configured with UserDetailsService bean with name inMemoryUserDetailsManager
01:07:50.914 [restartedMain] INFO  o.s.b.a.e.web.EndpointLinksResolver - Exposing 1 endpoint beneath base path '/actuator'
01:07:50.955 [restartedMain] WARN  o.s.b.a.t.ThymeleafAutoConfiguration$DefaultTemplateResolverConfiguration - Cannot find template location: classpath:/templates/ (please add some templates, check your Thymeleaf configuration, or set spring.thymeleaf.check-template-location=false)
01:07:50.990 [restartedMain] INFO  o.s.b.d.a.OptionalLiveReloadServer - LiveReload server is running on port 35729
01:07:51.005 [restartedMain] INFO  o.a.coyote.http11.Http11NioProtocol - Starting ProtocolHandler ["http-nio-8081"]
01:07:51.020 [restartedMain] INFO  o.s.b.w.e.tomcat.TomcatWebServer - Tomcat started on port 8081 (http) with context path '/'
01:07:51.026 [restartedMain] INFO  com.sermas.x.men.Application - Started Application in 0.89 seconds (process running for 820.433)
01:07:51.034 [restartedMain] INFO  o.s.b.a.l.ConditionEvaluationReportLogger - 

Error starting ApplicationContext. To display the condition evaluation report re-run your application with 'debug' enabled.
01:07:51.037 [restartedMain] ERROR o.s.boot.SpringApplication - Application run failed
java.lang.IllegalStateException: Application launch must not be called more than once
	at com.sun.javafx.application.LauncherImpl.launchApplication(LauncherImpl.java:176)
	at com.sun.javafx.application.LauncherImpl.launchApplication(LauncherImpl.java:154)
	at javafx.application.Application.launch(Application.java:233)
	at com.sermas.x.men.Application.run(Application.java:55)
	at org.springframework.boot.SpringApplication.lambda$callRunner$5(SpringApplication.java:790)
	at org.springframework.util.function.ThrowingConsumer$1.acceptWithException(ThrowingConsumer.java:83)
	at org.springframework.util.function.ThrowingConsumer.accept(ThrowingConsumer.java:60)
	at org.springframework.util.function.ThrowingConsumer$1.accept(ThrowingConsumer.java:88)
	at org.springframework.boot.SpringApplication.callRunner(SpringApplication.java:798)
	at org.springframework.boot.SpringApplication.callRunner(SpringApplication.java:789)
	at org.springframework.boot.SpringApplication.lambda$callRunners$3(SpringApplication.java:774)
	at java.base/java.util.stream.ForEachOps$ForEachOp$OfRef.accept(ForEachOps.java:184)
	at java.base/java.util.stream.SortedOps$SizedRefSortingSink.end(SortedOps.java:357)
	at java.base/java.util.stream.AbstractPipeline.copyInto(AbstractPipeline.java:510)
	at java.base/java.util.stream.AbstractPipeline.wrapAndCopyInto(AbstractPipeline.java:499)
	at java.base/java.util.stream.ForEachOps$ForEachOp.evaluateSequential(ForEachOps.java:151)
	at java.base/java.util.stream.ForEachOps$ForEachOp$OfRef.evaluateSequential(ForEachOps.java:174)
	at java.base/java.util.stream.AbstractPipeline.evaluate(AbstractPipeline.java:234)
	at java.base/java.util.stream.ReferencePipeline.forEach(ReferencePipeline.java:596)
	at org.springframework.boot.SpringApplication.callRunners(SpringApplication.java:774)
	at org.springframework.boot.SpringApplication.run(SpringApplication.java:342)
	at org.springframework.boot.SpringApplication.run(SpringApplication.java:1363)
	at org.springframework.boot.SpringApplication.run(SpringApplication.java:1352)
	at com.sermas.x.men.Application.main(Application.java:26)
	at java.base/jdk.internal.reflect.DirectMethodHandleAccessor.invoke(DirectMethodHandleAccessor.java:103)
	at java.base/java.lang.reflect.Method.invoke(Method.java:580)
	at org.springframework.boot.devtools.restart.RestartLauncher.run(RestartLauncher.java:50)
01:08:05.463 [restartedMain] INFO  com.sermas.x.men.Application - Starting Application using Java 21.0.11 with PID 53416 (R:\OneDrive - King's College London\Workspace\Projects\SERMAS_KCL\Repositories\X-Men(Spring-Boot)\X-Men_3.0\target\classes started by Rish in R:\OneDrive - King's College London\Workspace\Projects\SERMAS_KCL\Repositories\X-Men(Spring-Boot)\X-Men_3.0)
01:08:05.465 [restartedMain] INFO  com.sermas.x.men.Application - No active profile set, falling back to 1 default profile: "default"
01:08:05.564 [restartedMain] INFO  o.s.b.d.e.DevToolsPropertyDefaultsPostProcessor - Devtools property defaults active! Set 'spring.devtools.add-properties' to 'false' to disable
01:08:07.352 [restartedMain] INFO  o.s.b.w.e.tomcat.TomcatWebServer - Tomcat initialized with port 8081 (http)
01:08:07.365 [restartedMain] INFO  o.a.coyote.http11.Http11NioProtocol - Initializing ProtocolHandler ["http-nio-8081"]
01:08:07.369 [restartedMain] INFO  o.a.catalina.core.StandardService - Starting service [Tomcat]
01:08:07.369 [restartedMain] INFO  o.a.catalina.core.StandardEngine - Starting Servlet engine: [Apache Tomcat/10.1.31]
01:08:07.427 [restartedMain] INFO  o.a.c.c.C.[Tomcat].[localhost].[/] - Initializing Spring embedded WebApplicationContext
01:08:07.429 [restartedMain] INFO  o.s.b.w.s.c.ServletWebServerApplicationContext - Root WebApplicationContext: initialization completed in 1861 ms
01:08:08.062 [restartedMain] INFO  c.s.x.m.s.HaskellDerivationFetcher - HaskellDerivationFetcher initialized with base URL: http://localhost:9091
01:08:08.212 [restartedMain] INFO  c.sermas.x.men.service.SettingsStore - Applied persisted vocabulary from C:\Users\Dell\.xmen\settings.json.
01:08:08.212 [restartedMain] INFO  c.sermas.x.men.service.SettingsStore - Applied persisted active theme 'ocean-cobalt'.
01:08:08.212 [restartedMain] INFO  c.sermas.x.men.service.SettingsStore - Applied persisted UI preferences.
01:08:08.382 [restartedMain] WARN  o.s.b.a.s.s.UserDetailsServiceAutoConfiguration - 

Using generated security password: 30eafaf4-82bc-4651-89d4-aa03c838264f

This generated password is for development use only. Your security configuration must be updated before running your application in production.

01:08:08.424 [restartedMain] INFO  o.s.s.c.a.a.c.InitializeUserDetailsBeanManagerConfigurer$InitializeUserDetailsManagerConfigurer - Global AuthenticationManager configured with UserDetailsService bean with name inMemoryUserDetailsManager
01:08:08.853 [restartedMain] INFO  o.s.b.a.e.web.EndpointLinksResolver - Exposing 1 endpoint beneath base path '/actuator'
01:08:09.167 [restartedMain] WARN  o.s.b.a.t.ThymeleafAutoConfiguration$DefaultTemplateResolverConfiguration - Cannot find template location: classpath:/templates/ (please add some templates, check your Thymeleaf configuration, or set spring.thymeleaf.check-template-location=false)
01:08:09.432 [restartedMain] WARN  o.s.b.d.a.OptionalLiveReloadServer - Unable to start LiveReload server
01:08:09.494 [restartedMain] INFO  o.a.coyote.http11.Http11NioProtocol - Starting ProtocolHandler ["http-nio-8081"]
01:08:09.524 [restartedMain] INFO  o.s.b.w.e.tomcat.TomcatWebServer - Tomcat started on port 8081 (http) with context path '/'
01:08:09.547 [restartedMain] INFO  com.sermas.x.men.Application - Started Application in 4.754 seconds (process running for 5.477)
01:08:09.689 [JavaFX-Launcher] WARN  javafx - Unsupported JavaFX configuration: classes were loaded from 'unnamed module @2473b9ce'
01:08:16.443 [JavaFX Application Thread] WARN  javafx.css - CSS Error parsing file:/R:/OneDrive%20-%20King's%20College%20London/Workspace/Projects/SERMAS_KCL/Repositories/X-Men(Spring-Boot)/X-Men_3.0/target/classes/css/main-v2.css: Expected LBRACE at [428,4]
01:08:16.817 [http-nio-8081-exec-1] INFO  o.a.c.c.C.[Tomcat].[localhost].[/] - Initializing Spring DispatcherServlet 'dispatcherServlet'
01:08:16.817 [http-nio-8081-exec-1] INFO  o.s.web.servlet.DispatcherServlet - Initializing Servlet 'dispatcherServlet'
01:08:16.822 [http-nio-8081-exec-1] INFO  o.s.web.servlet.DispatcherServlet - Completed initialization in 5 ms
01:08:24.139 [JavaFX Application Thread] INFO  c.s.x.m.s.chatbot.ChatBotService - Extracted 6 AIML brain resources into C:\Users\Dell\AppData\Local\Temp\xmen-aiml-902180125272105839\xmen
01:08:24.139 [JavaFX Application Thread] INFO  c.s.x.m.s.chatbot.ChatBotService - Loading X-Men AIML brain from C:\Users\Dell\AppData\Local\Temp\xmen-aiml-902180125272105839\xmen\
01:08:24.259 [JavaFX Application Thread] INFO  c.s.x.m.s.chatbot.ChatBotService - ChatBotService status: AIML brain loaded from C:\Users\Dell\AppData\Local\Temp\xmen-aiml-902180125272105839\xmen\
01:21:48.658 [restartedMain] INFO  com.sermas.x.men.Application - Starting Application using Java 21.0.11 with PID 68260 (R:\OneDrive - King's College London\Workspace\Projects\SERMAS_KCL\Repositories\X-Men(Spring-Boot)\X-Men_3.0\target\classes started by Rish in R:\OneDrive - King's College London\Workspace\Projects\SERMAS_KCL\Repositories\X-Men(Spring-Boot)\X-Men_3.0)
01:21:48.661 [restartedMain] INFO  com.sermas.x.men.Application - No active profile set, falling back to 1 default profile: "default"
01:21:49.656 [restartedMain] INFO  o.s.b.w.e.tomcat.TomcatWebServer - Tomcat initialized with port 8081 (http)
01:21:49.659 [restartedMain] INFO  o.a.coyote.http11.Http11NioProtocol - Initializing ProtocolHandler ["http-nio-8081"]
01:21:49.660 [restartedMain] INFO  o.a.catalina.core.StandardService - Starting service [Tomcat]
01:21:49.662 [restartedMain] INFO  o.a.catalina.core.StandardEngine - Starting Servlet engine: [Apache Tomcat/10.1.31]
01:21:49.728 [restartedMain] INFO  o.a.c.c.C.[Tomcat].[localhost].[/] - Initializing Spring embedded WebApplicationContext
01:21:49.729 [restartedMain] INFO  o.s.b.w.s.c.ServletWebServerApplicationContext - Root WebApplicationContext: initialization completed in 1053 ms
01:21:50.053 [restartedMain] WARN  o.s.b.a.t.ThymeleafAutoConfiguration$DefaultTemplateResolverConfiguration - Cannot find template location: classpath:/templates/ (please add some templates, check your Thymeleaf configuration, or set spring.thymeleaf.check-template-location=false)
01:21:50.247 [restartedMain] WARN  o.s.b.a.s.s.UserDetailsServiceAutoConfiguration - 

Using generated security password: c9667c58-1ce6-42d9-a0da-c498bed3b205

This generated password is for development use only. Your security configuration must be updated before running your application in production.

01:21:50.252 [restartedMain] INFO  o.s.s.c.a.a.c.InitializeUserDetailsBeanManagerConfigurer$InitializeUserDetailsManagerConfigurer - Global AuthenticationManager configured with UserDetailsService bean with name inMemoryUserDetailsManager
01:21:50.271 [restartedMain] INFO  o.s.b.a.e.web.EndpointLinksResolver - Exposing 1 endpoint beneath base path '/actuator'
01:21:50.308 [restartedMain] INFO  o.s.b.d.a.OptionalLiveReloadServer - LiveReload server is running on port 35729
01:21:50.339 [restartedMain] INFO  o.a.coyote.http11.Http11NioProtocol - Starting ProtocolHandler ["http-nio-8081"]
01:21:50.355 [restartedMain] INFO  o.s.b.w.e.tomcat.TomcatWebServer - Tomcat started on port 8081 (http) with context path '/'
01:21:50.369 [restartedMain] INFO  com.sermas.x.men.Application - Started Application in 1.997 seconds (process running for 1659.776)
01:21:50.376 [restartedMain] INFO  o.s.b.a.l.ConditionEvaluationReportLogger - 

Error starting ApplicationContext. To display the condition evaluation report re-run your application with 'debug' enabled.
01:21:50.384 [restartedMain] ERROR o.s.boot.SpringApplication - Application run failed
java.lang.NoClassDefFoundError: com/sermas/x/men/user_interface/XMenInterface
	at com.sermas.x.men.Application.run(Application.java:35)
	at org.springframework.boot.SpringApplication.lambda$callRunner$5(SpringApplication.java:790)
	at org.springframework.util.function.ThrowingConsumer$1.acceptWithException(ThrowingConsumer.java:83)
	at org.springframework.util.function.ThrowingConsumer.accept(ThrowingConsumer.java:60)
	at org.springframework.util.function.ThrowingConsumer$1.accept(ThrowingConsumer.java:88)
	at org.springframework.boot.SpringApplication.callRunner(SpringApplication.java:798)
	at org.springframework.boot.SpringApplication.callRunner(SpringApplication.java:789)
	at org.springframework.boot.SpringApplication.lambda$callRunners$3(SpringApplication.java:774)
	at java.base/java.util.stream.ForEachOps$ForEachOp$OfRef.accept(ForEachOps.java:184)
	at java.base/java.util.stream.SortedOps$SizedRefSortingSink.end(SortedOps.java:357)
	at java.base/java.util.stream.AbstractPipeline.copyInto(AbstractPipeline.java:510)
	at java.base/java.util.stream.AbstractPipeline.wrapAndCopyInto(AbstractPipeline.java:499)
	at java.base/java.util.stream.ForEachOps$ForEachOp.evaluateSequential(ForEachOps.java:151)
	at java.base/java.util.stream.ForEachOps$ForEachOp$OfRef.evaluateSequential(ForEachOps.java:174)
	at java.base/java.util.stream.AbstractPipeline.evaluate(AbstractPipeline.java:234)
	at java.base/java.util.stream.ReferencePipeline.forEach(ReferencePipeline.java:596)
	at org.springframework.boot.SpringApplication.callRunners(SpringApplication.java:774)
	at org.springframework.boot.SpringApplication.run(SpringApplication.java:342)
	at org.springframework.boot.SpringApplication.run(SpringApplication.java:1363)
	at org.springframework.boot.SpringApplication.run(SpringApplication.java:1352)
	at com.sermas.x.men.Application.main(Application.java:20)
	at java.base/jdk.internal.reflect.DirectMethodHandleAccessor.invoke(DirectMethodHandleAccessor.java:103)
	at java.base/java.lang.reflect.Method.invoke(Method.java:580)
	at org.springframework.boot.devtools.restart.RestartLauncher.run(RestartLauncher.java:50)
Caused by: java.lang.ClassNotFoundException: com.sermas.x.men.user_interface.XMenInterface
	... 24 common frames omitted
01:21:54.744 [restartedMain] INFO  com.sermas.x.men.Application - Starting Application using Java 21.0.11 with PID 68260 (R:\OneDrive - King's College London\Workspace\Projects\SERMAS_KCL\Repositories\X-Men(Spring-Boot)\X-Men_3.0\target\classes started by Rish in R:\OneDrive - King's College London\Workspace\Projects\SERMAS_KCL\Repositories\X-Men(Spring-Boot)\X-Men_3.0)
01:21:54.744 [restartedMain] INFO  com.sermas.x.men.Application - No active profile set, falling back to 1 default profile: "default"
01:21:55.489 [restartedMain] INFO  o.s.b.w.e.tomcat.TomcatWebServer - Tomcat initialized with port 8081 (http)
01:21:55.491 [restartedMain] INFO  o.a.coyote.http11.Http11NioProtocol - Initializing ProtocolHandler ["http-nio-8081"]
01:21:55.492 [restartedMain] INFO  o.a.catalina.core.StandardService - Starting service [Tomcat]
01:21:55.493 [restartedMain] INFO  o.a.catalina.core.StandardEngine - Starting Servlet engine: [Apache Tomcat/10.1.31]
01:21:55.529 [restartedMain] INFO  o.a.c.c.C.[Tomcat].[localhost].[/] - Initializing Spring embedded WebApplicationContext
01:21:55.530 [restartedMain] INFO  o.s.b.w.s.c.ServletWebServerApplicationContext - Root WebApplicationContext: initialization completed in 781 ms
01:21:55.772 [restartedMain] INFO  c.s.x.m.s.HaskellDerivationFetcher - HaskellDerivationFetcher initialized with base URL: http://localhost:9091
01:21:55.866 [restartedMain] INFO  c.sermas.x.men.service.SettingsStore - Applied persisted vocabulary from C:\Users\Dell\.xmen\settings.json.
01:21:55.867 [restartedMain] INFO  c.sermas.x.men.service.SettingsStore - Applied persisted active theme 'ocean-cobalt'.
01:21:55.867 [restartedMain] INFO  c.sermas.x.men.service.SettingsStore - Applied persisted UI preferences.
01:21:55.909 [restartedMain] WARN  o.s.b.a.s.s.UserDetailsServiceAutoConfiguration - 

Using generated security password: 3606ef44-ba71-491c-8e19-937fe5cce07f

This generated password is for development use only. Your security configuration must be updated before running your application in production.

01:21:55.913 [restartedMain] INFO  o.s.s.c.a.a.c.InitializeUserDetailsBeanManagerConfigurer$InitializeUserDetailsManagerConfigurer - Global AuthenticationManager configured with UserDetailsService bean with name inMemoryUserDetailsManager
01:21:56.018 [restartedMain] INFO  o.s.b.a.e.web.EndpointLinksResolver - Exposing 1 endpoint beneath base path '/actuator'
01:21:56.064 [restartedMain] WARN  o.s.b.a.t.ThymeleafAutoConfiguration$DefaultTemplateResolverConfiguration - Cannot find template location: classpath:/templates/ (please add some templates, check your Thymeleaf configuration, or set spring.thymeleaf.check-template-location=false)
01:21:56.098 [restartedMain] INFO  o.s.b.d.a.OptionalLiveReloadServer - LiveReload server is running on port 35729
01:21:56.110 [restartedMain] INFO  o.a.coyote.http11.Http11NioProtocol - Starting ProtocolHandler ["http-nio-8081"]
01:21:56.118 [restartedMain] INFO  o.s.b.w.e.tomcat.TomcatWebServer - Tomcat started on port 8081 (http) with context path '/'
01:21:56.126 [restartedMain] INFO  com.sermas.x.men.Application - Started Application in 1.461 seconds (process running for 1665.533)
01:21:56.140 [restartedMain] INFO  o.s.b.a.l.ConditionEvaluationReportLogger - 

Error starting ApplicationContext. To display the condition evaluation report re-run your application with 'debug' enabled.
01:21:56.144 [restartedMain] ERROR o.s.boot.SpringApplication - Application run failed
java.lang.IllegalStateException: Application launch must not be called more than once
	at com.sun.javafx.application.LauncherImpl.launchApplication(LauncherImpl.java:176)
	at com.sun.javafx.application.LauncherImpl.launchApplication(LauncherImpl.java:154)
	at javafx.application.Application.launch(Application.java:233)
	at com.sermas.x.men.Application.run(Application.java:55)
	at org.springframework.boot.SpringApplication.lambda$callRunner$5(SpringApplication.java:790)
	at org.springframework.util.function.ThrowingConsumer$1.acceptWithException(ThrowingConsumer.java:83)
	at org.springframework.util.function.ThrowingConsumer.accept(ThrowingConsumer.java:60)
	at org.springframework.util.function.ThrowingConsumer$1.accept(ThrowingConsumer.java:88)
	at org.springframework.boot.SpringApplication.callRunner(SpringApplication.java:798)
	at org.springframework.boot.SpringApplication.callRunner(SpringApplication.java:789)
	at org.springframework.boot.SpringApplication.lambda$callRunners$3(SpringApplication.java:774)
	at java.base/java.util.stream.ForEachOps$ForEachOp$OfRef.accept(ForEachOps.java:184)
	at java.base/java.util.stream.SortedOps$SizedRefSortingSink.end(SortedOps.java:357)
	at java.base/java.util.stream.AbstractPipeline.copyInto(AbstractPipeline.java:510)
	at java.base/java.util.stream.AbstractPipeline.wrapAndCopyInto(AbstractPipeline.java:499)
	at java.base/java.util.stream.ForEachOps$ForEachOp.evaluateSequential(ForEachOps.java:151)
	at java.base/java.util.stream.ForEachOps$ForEachOp$OfRef.evaluateSequential(ForEachOps.java:174)
	at java.base/java.util.stream.AbstractPipeline.evaluate(AbstractPipeline.java:234)
	at java.base/java.util.stream.ReferencePipeline.forEach(ReferencePipeline.java:596)
	at org.springframework.boot.SpringApplication.callRunners(SpringApplication.java:774)
	at org.springframework.boot.SpringApplication.run(SpringApplication.java:342)
	at org.springframework.boot.SpringApplication.run(SpringApplication.java:1363)
	at org.springframework.boot.SpringApplication.run(SpringApplication.java:1352)
	at com.sermas.x.men.Application.main(Application.java:26)
	at java.base/jdk.internal.reflect.DirectMethodHandleAccessor.invoke(DirectMethodHandleAccessor.java:103)
	at java.base/java.lang.reflect.Method.invoke(Method.java:580)
	at org.springframework.boot.devtools.restart.RestartLauncher.run(RestartLauncher.java:50)
01:23:34.115 [restartedMain] INFO  com.sermas.x.men.Application - Starting Application using Java 21.0.11 with PID 68260 (R:\OneDrive - King's College London\Workspace\Projects\SERMAS_KCL\Repositories\X-Men(Spring-Boot)\X-Men_3.0\target\classes started by Rish in R:\OneDrive - King's College London\Workspace\Projects\SERMAS_KCL\Repositories\X-Men(Spring-Boot)\X-Men_3.0)
01:23:34.116 [restartedMain] INFO  com.sermas.x.men.Application - No active profile set, falling back to 1 default profile: "default"
01:23:34.575 [restartedMain] INFO  o.s.b.w.e.tomcat.TomcatWebServer - Tomcat initialized with port 8081 (http)
01:23:34.577 [restartedMain] INFO  o.a.coyote.http11.Http11NioProtocol - Initializing ProtocolHandler ["http-nio-8081"]
01:23:34.578 [restartedMain] INFO  o.a.catalina.core.StandardService - Starting service [Tomcat]
01:23:34.578 [restartedMain] INFO  o.a.catalina.core.StandardEngine - Starting Servlet engine: [Apache Tomcat/10.1.31]
01:23:34.616 [restartedMain] INFO  o.a.c.c.C.[Tomcat].[localhost].[/] - Initializing Spring embedded WebApplicationContext
01:23:34.617 [restartedMain] INFO  o.s.b.w.s.c.ServletWebServerApplicationContext - Root WebApplicationContext: initialization completed in 498 ms
01:23:34.798 [restartedMain] WARN  o.s.b.a.t.ThymeleafAutoConfiguration$DefaultTemplateResolverConfiguration - Cannot find template location: classpath:/templates/ (please add some templates, check your Thymeleaf configuration, or set spring.thymeleaf.check-template-location=false)
01:23:34.876 [restartedMain] WARN  o.s.b.a.s.s.UserDetailsServiceAutoConfiguration - 

Using generated security password: aca0e676-aecd-4b50-9674-cc2ca123dece

This generated password is for development use only. Your security configuration must be updated before running your application in production.

01:23:34.877 [restartedMain] INFO  o.s.s.c.a.a.c.InitializeUserDetailsBeanManagerConfigurer$InitializeUserDetailsManagerConfigurer - Global AuthenticationManager configured with UserDetailsService bean with name inMemoryUserDetailsManager
01:23:34.885 [restartedMain] INFO  o.s.b.a.e.web.EndpointLinksResolver - Exposing 1 endpoint beneath base path '/actuator'
01:23:34.907 [restartedMain] INFO  o.s.b.d.a.OptionalLiveReloadServer - LiveReload server is running on port 35729
01:23:34.916 [restartedMain] INFO  o.a.coyote.http11.Http11NioProtocol - Starting ProtocolHandler ["http-nio-8081"]
01:23:34.924 [restartedMain] INFO  o.s.b.w.e.tomcat.TomcatWebServer - Tomcat started on port 8081 (http) with context path '/'
01:23:34.935 [restartedMain] INFO  com.sermas.x.men.Application - Started Application in 0.881 seconds (process running for 1764.342)
01:23:34.939 [restartedMain] INFO  o.s.b.a.l.ConditionEvaluationReportLogger - 

Error starting ApplicationContext. To display the condition evaluation report re-run your application with 'debug' enabled.
01:23:34.943 [restartedMain] ERROR o.s.boot.SpringApplication - Application run failed
java.lang.NoClassDefFoundError: com/sermas/x/men/user_interface/XMenInterface
	at com.sermas.x.men.Application.run(Application.java:35)
	at org.springframework.boot.SpringApplication.lambda$callRunner$5(SpringApplication.java:790)
	at org.springframework.util.function.ThrowingConsumer$1.acceptWithException(ThrowingConsumer.java:83)
	at org.springframework.util.function.ThrowingConsumer.accept(ThrowingConsumer.java:60)
	at org.springframework.util.function.ThrowingConsumer$1.accept(ThrowingConsumer.java:88)
	at org.springframework.boot.SpringApplication.callRunner(SpringApplication.java:798)
	at org.springframework.boot.SpringApplication.callRunner(SpringApplication.java:789)
	at org.springframework.boot.SpringApplication.lambda$callRunners$3(SpringApplication.java:774)
	at java.base/java.util.stream.ForEachOps$ForEachOp$OfRef.accept(ForEachOps.java:184)
	at java.base/java.util.stream.SortedOps$SizedRefSortingSink.end(SortedOps.java:357)
	at java.base/java.util.stream.AbstractPipeline.copyInto(AbstractPipeline.java:510)
	at java.base/java.util.stream.AbstractPipeline.wrapAndCopyInto(AbstractPipeline.java:499)
	at java.base/java.util.stream.ForEachOps$ForEachOp.evaluateSequential(ForEachOps.java:151)
	at java.base/java.util.stream.ForEachOps$ForEachOp$OfRef.evaluateSequential(ForEachOps.java:174)
	at java.base/java.util.stream.AbstractPipeline.evaluate(AbstractPipeline.java:234)
	at java.base/java.util.stream.ReferencePipeline.forEach(ReferencePipeline.java:596)
	at org.springframework.boot.SpringApplication.callRunners(SpringApplication.java:774)
	at org.springframework.boot.SpringApplication.run(SpringApplication.java:342)
	at org.springframework.boot.SpringApplication.run(SpringApplication.java:1363)
	at org.springframework.boot.SpringApplication.run(SpringApplication.java:1352)
	at com.sermas.x.men.Application.main(Application.java:20)
	at java.base/jdk.internal.reflect.DirectMethodHandleAccessor.invoke(DirectMethodHandleAccessor.java:103)
	at java.base/java.lang.reflect.Method.invoke(Method.java:580)
	at org.springframework.boot.devtools.restart.RestartLauncher.run(RestartLauncher.java:50)
Caused by: java.lang.ClassNotFoundException: com.sermas.x.men.user_interface.XMenInterface
	... 24 common frames omitted
01:23:41.772 [restartedMain] INFO  com.sermas.x.men.Application - Starting Application using Java 21.0.11 with PID 68260 (R:\OneDrive - King's College London\Workspace\Projects\SERMAS_KCL\Repositories\X-Men(Spring-Boot)\X-Men_3.0\target\classes started by Rish in R:\OneDrive - King's College London\Workspace\Projects\SERMAS_KCL\Repositories\X-Men(Spring-Boot)\X-Men_3.0)
01:23:41.774 [restartedMain] INFO  com.sermas.x.men.Application - No active profile set, falling back to 1 default profile: "default"
01:23:42.402 [restartedMain] INFO  o.s.b.w.e.tomcat.TomcatWebServer - Tomcat initialized with port 8081 (http)
01:23:42.403 [restartedMain] INFO  o.a.coyote.http11.Http11NioProtocol - Initializing ProtocolHandler ["http-nio-8081"]
01:23:42.403 [restartedMain] INFO  o.a.catalina.core.StandardService - Starting service [Tomcat]
01:23:42.404 [restartedMain] INFO  o.a.catalina.core.StandardEngine - Starting Servlet engine: [Apache Tomcat/10.1.31]
01:23:42.434 [restartedMain] INFO  o.a.c.c.C.[Tomcat].[localhost].[/] - Initializing Spring embedded WebApplicationContext
01:23:42.435 [restartedMain] INFO  o.s.b.w.s.c.ServletWebServerApplicationContext - Root WebApplicationContext: initialization completed in 656 ms
01:23:42.586 [restartedMain] INFO  c.s.x.m.s.HaskellDerivationFetcher - HaskellDerivationFetcher initialized with base URL: http://localhost:9091
01:23:42.658 [restartedMain] INFO  c.sermas.x.men.service.SettingsStore - Applied persisted vocabulary from C:\Users\Dell\.xmen\settings.json.
01:23:42.659 [restartedMain] INFO  c.sermas.x.men.service.SettingsStore - Applied persisted active theme 'ocean-cobalt'.
01:23:42.659 [restartedMain] INFO  c.sermas.x.men.service.SettingsStore - Applied persisted UI preferences.
01:23:42.705 [restartedMain] WARN  o.s.b.a.s.s.UserDetailsServiceAutoConfiguration - 

Using generated security password: 84e3b7da-320f-40e8-8cf7-97b28d493361

This generated password is for development use only. Your security configuration must be updated before running your application in production.

01:23:42.707 [restartedMain] INFO  o.s.s.c.a.a.c.InitializeUserDetailsBeanManagerConfigurer$InitializeUserDetailsManagerConfigurer - Global AuthenticationManager configured with UserDetailsService bean with name inMemoryUserDetailsManager
01:23:42.814 [restartedMain] INFO  o.s.b.a.e.web.EndpointLinksResolver - Exposing 1 endpoint beneath base path '/actuator'
01:23:42.857 [restartedMain] WARN  o.s.b.a.t.ThymeleafAutoConfiguration$DefaultTemplateResolverConfiguration - Cannot find template location: classpath:/templates/ (please add some templates, check your Thymeleaf configuration, or set spring.thymeleaf.check-template-location=false)
01:23:42.886 [restartedMain] INFO  o.s.b.d.a.OptionalLiveReloadServer - LiveReload server is running on port 35729
01:23:42.896 [restartedMain] INFO  o.a.coyote.http11.Http11NioProtocol - Starting ProtocolHandler ["http-nio-8081"]
01:23:42.903 [restartedMain] INFO  o.s.b.w.e.tomcat.TomcatWebServer - Tomcat started on port 8081 (http) with context path '/'
01:23:42.922 [restartedMain] INFO  com.sermas.x.men.Application - Started Application in 1.24 seconds (process running for 1772.328)
01:23:42.927 [restartedMain] INFO  o.s.b.a.l.ConditionEvaluationReportLogger - 

Error starting ApplicationContext. To display the condition evaluation report re-run your application with 'debug' enabled.
01:23:42.932 [restartedMain] ERROR o.s.boot.SpringApplication - Application run failed
java.lang.IllegalStateException: Application launch must not be called more than once
	at com.sun.javafx.application.LauncherImpl.launchApplication(LauncherImpl.java:176)
	at com.sun.javafx.application.LauncherImpl.launchApplication(LauncherImpl.java:154)
	at javafx.application.Application.launch(Application.java:233)
	at com.sermas.x.men.Application.run(Application.java:55)
	at org.springframework.boot.SpringApplication.lambda$callRunner$5(SpringApplication.java:790)
	at org.springframework.util.function.ThrowingConsumer$1.acceptWithException(ThrowingConsumer.java:83)
	at org.springframework.util.function.ThrowingConsumer.accept(ThrowingConsumer.java:60)
	at org.springframework.util.function.ThrowingConsumer$1.accept(ThrowingConsumer.java:88)
	at org.springframework.boot.SpringApplication.callRunner(SpringApplication.java:798)
	at org.springframework.boot.SpringApplication.callRunner(SpringApplication.java:789)
	at org.springframework.boot.SpringApplication.lambda$callRunners$3(SpringApplication.java:774)
	at java.base/java.util.stream.ForEachOps$ForEachOp$OfRef.accept(ForEachOps.java:184)
	at java.base/java.util.stream.SortedOps$SizedRefSortingSink.end(SortedOps.java:357)
	at java.base/java.util.stream.AbstractPipeline.copyInto(AbstractPipeline.java:510)
	at java.base/java.util.stream.AbstractPipeline.wrapAndCopyInto(AbstractPipeline.java:499)
	at java.base/java.util.stream.ForEachOps$ForEachOp.evaluateSequential(ForEachOps.java:151)
	at java.base/java.util.stream.ForEachOps$ForEachOp$OfRef.evaluateSequential(ForEachOps.java:174)
	at java.base/java.util.stream.AbstractPipeline.evaluate(AbstractPipeline.java:234)
	at java.base/java.util.stream.ReferencePipeline.forEach(ReferencePipeline.java:596)
	at org.springframework.boot.SpringApplication.callRunners(SpringApplication.java:774)
	at org.springframework.boot.SpringApplication.run(SpringApplication.java:342)
	at org.springframework.boot.SpringApplication.run(SpringApplication.java:1363)
	at org.springframework.boot.SpringApplication.run(SpringApplication.java:1352)
	at com.sermas.x.men.Application.main(Application.java:26)
	at java.base/jdk.internal.reflect.DirectMethodHandleAccessor.invoke(DirectMethodHandleAccessor.java:103)
	at java.base/java.lang.reflect.Method.invoke(Method.java:580)
	at org.springframework.boot.devtools.restart.RestartLauncher.run(RestartLauncher.java:50)
01:23:50.721 [JavaFX Application Thread] INFO  c.s.x.m.s.chatbot.ChatBotService - Extracted 6 AIML brain resources into C:\Users\Dell\AppData\Local\Temp\xmen-aiml-12759909221419411269\xmen
01:23:50.725 [JavaFX Application Thread] INFO  c.s.x.m.s.chatbot.ChatBotService - Loading X-Men AIML brain from C:\Users\Dell\AppData\Local\Temp\xmen-aiml-12759909221419411269\xmen\
01:23:50.959 [JavaFX Application Thread] INFO  c.s.x.m.s.chatbot.ChatBotService - ChatBotService status: AIML brain loaded from C:\Users\Dell\AppData\Local\Temp\xmen-aiml-12759909221419411269\xmen\
01:25:23.340 [restartedMain] INFO  com.sermas.x.men.Application - Starting Application using Java 21.0.11 with PID 68260 (R:\OneDrive - King's College London\Workspace\Projects\SERMAS_KCL\Repositories\X-Men(Spring-Boot)\X-Men_3.0\target\classes started by Rish in R:\OneDrive - King's College London\Workspace\Projects\SERMAS_KCL\Repositories\X-Men(Spring-Boot)\X-Men_3.0)
01:25:23.340 [restartedMain] INFO  com.sermas.x.men.Application - No active profile set, falling back to 1 default profile: "default"
01:25:23.731 [restartedMain] INFO  o.s.b.w.e.tomcat.TomcatWebServer - Tomcat initialized with port 8081 (http)
01:25:23.732 [restartedMain] INFO  o.a.coyote.http11.Http11NioProtocol - Initializing ProtocolHandler ["http-nio-8081"]
01:25:23.732 [restartedMain] INFO  o.a.catalina.core.StandardService - Starting service [Tomcat]
01:25:23.732 [restartedMain] INFO  o.a.catalina.core.StandardEngine - Starting Servlet engine: [Apache Tomcat/10.1.31]
01:25:23.756 [restartedMain] INFO  o.a.c.c.C.[Tomcat].[localhost].[/] - Initializing Spring embedded WebApplicationContext
01:25:23.756 [restartedMain] INFO  o.s.b.w.s.c.ServletWebServerApplicationContext - Root WebApplicationContext: initialization completed in 414 ms
01:25:23.877 [restartedMain] WARN  o.s.b.a.t.ThymeleafAutoConfiguration$DefaultTemplateResolverConfiguration - Cannot find template location: classpath:/templates/ (please add some templates, check your Thymeleaf configuration, or set spring.thymeleaf.check-template-location=false)
01:25:23.930 [restartedMain] WARN  o.s.b.a.s.s.UserDetailsServiceAutoConfiguration - 

Using generated security password: f7ddffa1-bb72-45e5-9ed6-a37db405fdcc

This generated password is for development use only. Your security configuration must be updated before running your application in production.

01:25:23.931 [restartedMain] INFO  o.s.s.c.a.a.c.InitializeUserDetailsBeanManagerConfigurer$InitializeUserDetailsManagerConfigurer - Global AuthenticationManager configured with UserDetailsService bean with name inMemoryUserDetailsManager
01:25:23.936 [restartedMain] INFO  o.s.b.a.e.web.EndpointLinksResolver - Exposing 1 endpoint beneath base path '/actuator'
01:25:23.955 [restartedMain] INFO  o.s.b.d.a.OptionalLiveReloadServer - LiveReload server is running on port 35729
01:25:23.966 [restartedMain] INFO  o.a.coyote.http11.Http11NioProtocol - Starting ProtocolHandler ["http-nio-8081"]
01:25:23.970 [restartedMain] INFO  o.s.b.w.e.tomcat.TomcatWebServer - Tomcat started on port 8081 (http) with context path '/'
01:25:23.975 [restartedMain] INFO  com.sermas.x.men.Application - Started Application in 0.693 seconds (process running for 1873.382)
01:25:23.978 [restartedMain] INFO  o.s.b.a.l.ConditionEvaluationReportLogger - 

Error starting ApplicationContext. To display the condition evaluation report re-run your application with 'debug' enabled.
01:25:23.980 [restartedMain] ERROR o.s.boot.SpringApplication - Application run failed
java.lang.NoClassDefFoundError: com/sermas/x/men/user_interface/XMenInterface
	at com.sermas.x.men.Application.run(Application.java:35)
	at org.springframework.boot.SpringApplication.lambda$callRunner$5(SpringApplication.java:790)
	at org.springframework.util.function.ThrowingConsumer$1.acceptWithException(ThrowingConsumer.java:83)
	at org.springframework.util.function.ThrowingConsumer.accept(ThrowingConsumer.java:60)
	at org.springframework.util.function.ThrowingConsumer$1.accept(ThrowingConsumer.java:88)
	at org.springframework.boot.SpringApplication.callRunner(SpringApplication.java:798)
	at org.springframework.boot.SpringApplication.callRunner(SpringApplication.java:789)
	at org.springframework.boot.SpringApplication.lambda$callRunners$3(SpringApplication.java:774)
	at java.base/java.util.stream.ForEachOps$ForEachOp$OfRef.accept(ForEachOps.java:184)
	at java.base/java.util.stream.SortedOps$SizedRefSortingSink.end(SortedOps.java:357)
	at java.base/java.util.stream.AbstractPipeline.copyInto(AbstractPipeline.java:510)
	at java.base/java.util.stream.AbstractPipeline.wrapAndCopyInto(AbstractPipeline.java:499)
	at java.base/java.util.stream.ForEachOps$ForEachOp.evaluateSequential(ForEachOps.java:151)
	at java.base/java.util.stream.ForEachOps$ForEachOp$OfRef.evaluateSequential(ForEachOps.java:174)
	at java.base/java.util.stream.AbstractPipeline.evaluate(AbstractPipeline.java:234)
	at java.base/java.util.stream.ReferencePipeline.forEach(ReferencePipeline.java:596)
	at org.springframework.boot.SpringApplication.callRunners(SpringApplication.java:774)
	at org.springframework.boot.SpringApplication.run(SpringApplication.java:342)
	at org.springframework.boot.SpringApplication.run(SpringApplication.java:1363)
	at org.springframework.boot.SpringApplication.run(SpringApplication.java:1352)
	at com.sermas.x.men.Application.main(Application.java:20)
	at java.base/jdk.internal.reflect.DirectMethodHandleAccessor.invoke(DirectMethodHandleAccessor.java:103)
	at java.base/java.lang.reflect.Method.invoke(Method.java:580)
	at org.springframework.boot.devtools.restart.RestartLauncher.run(RestartLauncher.java:50)
Caused by: java.lang.ClassNotFoundException: com.sermas.x.men.user_interface.XMenInterface
	... 24 common frames omitted
01:25:30.780 [restartedMain] INFO  com.sermas.x.men.Application - Starting Application using Java 21.0.11 with PID 68260 (R:\OneDrive - King's College London\Workspace\Projects\SERMAS_KCL\Repositories\X-Men(Spring-Boot)\X-Men_3.0\target\classes started by Rish in R:\OneDrive - King's College London\Workspace\Projects\SERMAS_KCL\Repositories\X-Men(Spring-Boot)\X-Men_3.0)
01:25:30.780 [restartedMain] INFO  com.sermas.x.men.Application - No active profile set, falling back to 1 default profile: "default"
01:25:31.271 [restartedMain] INFO  o.s.b.w.e.tomcat.TomcatWebServer - Tomcat initialized with port 8081 (http)
01:25:31.272 [restartedMain] INFO  o.a.coyote.http11.Http11NioProtocol - Initializing ProtocolHandler ["http-nio-8081"]
01:25:31.272 [restartedMain] INFO  o.a.catalina.core.StandardService - Starting service [Tomcat]
01:25:31.272 [restartedMain] INFO  o.a.catalina.core.StandardEngine - Starting Servlet engine: [Apache Tomcat/10.1.31]
01:25:31.300 [restartedMain] INFO  o.a.c.c.C.[Tomcat].[localhost].[/] - Initializing Spring embedded WebApplicationContext
01:25:31.301 [restartedMain] INFO  o.s.b.w.s.c.ServletWebServerApplicationContext - Root WebApplicationContext: initialization completed in 512 ms
01:25:31.402 [restartedMain] INFO  c.s.x.m.s.HaskellDerivationFetcher - HaskellDerivationFetcher initialized with base URL: http://localhost:9091
01:25:31.450 [restartedMain] INFO  c.sermas.x.men.service.SettingsStore - Applied persisted vocabulary from C:\Users\Dell\.xmen\settings.json.
01:25:31.451 [restartedMain] INFO  c.sermas.x.men.service.SettingsStore - Applied persisted active theme 'ocean-cobalt'.
01:25:31.451 [restartedMain] INFO  c.sermas.x.men.service.SettingsStore - Applied persisted UI preferences.
01:25:31.503 [restartedMain] WARN  o.s.b.a.s.s.UserDetailsServiceAutoConfiguration - 

Using generated security password: a67a338e-a62e-4320-b5e4-40fec75cd894

This generated password is for development use only. Your security configuration must be updated before running your application in production.

01:25:31.505 [restartedMain] INFO  o.s.s.c.a.a.c.InitializeUserDetailsBeanManagerConfigurer$InitializeUserDetailsManagerConfigurer - Global AuthenticationManager configured with UserDetailsService bean with name inMemoryUserDetailsManager
01:25:31.609 [restartedMain] INFO  o.s.b.a.e.web.EndpointLinksResolver - Exposing 1 endpoint beneath base path '/actuator'
01:25:31.654 [restartedMain] WARN  o.s.b.a.t.ThymeleafAutoConfiguration$DefaultTemplateResolverConfiguration - Cannot find template location: classpath:/templates/ (please add some templates, check your Thymeleaf configuration, or set spring.thymeleaf.check-template-location=false)
01:25:31.688 [restartedMain] INFO  o.s.b.d.a.OptionalLiveReloadServer - LiveReload server is running on port 35729
01:25:31.699 [restartedMain] INFO  o.a.coyote.http11.Http11NioProtocol - Starting ProtocolHandler ["http-nio-8081"]
01:25:31.706 [restartedMain] INFO  o.s.b.w.e.tomcat.TomcatWebServer - Tomcat started on port 8081 (http) with context path '/'
01:25:31.712 [restartedMain] INFO  com.sermas.x.men.Application - Started Application in 0.989 seconds (process running for 1881.119)
01:25:31.718 [restartedMain] INFO  o.s.b.a.l.ConditionEvaluationReportLogger - 

Error starting ApplicationContext. To display the condition evaluation report re-run your application with 'debug' enabled.
01:25:31.721 [restartedMain] ERROR o.s.boot.SpringApplication - Application run failed
java.lang.IllegalStateException: Application launch must not be called more than once
	at com.sun.javafx.application.LauncherImpl.launchApplication(LauncherImpl.java:176)
	at com.sun.javafx.application.LauncherImpl.launchApplication(LauncherImpl.java:154)
	at javafx.application.Application.launch(Application.java:233)
	at com.sermas.x.men.Application.run(Application.java:55)
	at org.springframework.boot.SpringApplication.lambda$callRunner$5(SpringApplication.java:790)
	at org.springframework.util.function.ThrowingConsumer$1.acceptWithException(ThrowingConsumer.java:83)
	at org.springframework.util.function.ThrowingConsumer.accept(ThrowingConsumer.java:60)
	at org.springframework.util.function.ThrowingConsumer$1.accept(ThrowingConsumer.java:88)
	at org.springframework.boot.SpringApplication.callRunner(SpringApplication.java:798)
	at org.springframework.boot.SpringApplication.callRunner(SpringApplication.java:789)
	at org.springframework.boot.SpringApplication.lambda$callRunners$3(SpringApplication.java:774)
	at java.base/java.util.stream.ForEachOps$ForEachOp$OfRef.accept(ForEachOps.java:184)
	at java.base/java.util.stream.SortedOps$SizedRefSortingSink.end(SortedOps.java:357)
	at java.base/java.util.stream.AbstractPipeline.copyInto(AbstractPipeline.java:510)
	at java.base/java.util.stream.AbstractPipeline.wrapAndCopyInto(AbstractPipeline.java:499)
	at java.base/java.util.stream.ForEachOps$ForEachOp.evaluateSequential(ForEachOps.java:151)
	at java.base/java.util.stream.ForEachOps$ForEachOp$OfRef.evaluateSequential(ForEachOps.java:174)
	at java.base/java.util.stream.AbstractPipeline.evaluate(AbstractPipeline.java:234)
	at java.base/java.util.stream.ReferencePipeline.forEach(ReferencePipeline.java:596)
	at org.springframework.boot.SpringApplication.callRunners(SpringApplication.java:774)
	at org.springframework.boot.SpringApplication.run(SpringApplication.java:342)
	at org.springframework.boot.SpringApplication.run(SpringApplication.java:1363)
	at org.springframework.boot.SpringApplication.run(SpringApplication.java:1352)
	at com.sermas.x.men.Application.main(Application.java:26)
	at java.base/jdk.internal.reflect.DirectMethodHandleAccessor.invoke(DirectMethodHandleAccessor.java:103)
	at java.base/java.lang.reflect.Method.invoke(Method.java:580)
	at org.springframework.boot.devtools.restart.RestartLauncher.run(RestartLauncher.java:50)
01:25:34.875 [main] INFO  c.s.x.m.s.chatbot.ChatBotService - Extracted 6 AIML brain resources into C:\Users\Dell\AppData\Local\Temp\xmen-aiml-13973815979567439644\xmen
01:25:34.880 [main] INFO  c.s.x.m.s.chatbot.ChatBotService - Loading X-Men AIML brain from C:\Users\Dell\AppData\Local\Temp\xmen-aiml-13973815979567439644\xmen\
01:25:35.091 [main] INFO  c.s.x.m.s.chatbot.ChatBotService - ChatBotService status: AIML brain loaded from C:\Users\Dell\AppData\Local\Temp\xmen-aiml-13973815979567439644\xmen\
01:27:26.890 [restartedMain] INFO  com.sermas.x.men.Application - Starting Application using Java 21.0.11 with PID 68260 (started by Rish in R:\OneDrive - King's College London\Workspace\Projects\SERMAS_KCL\Repositories\X-Men(Spring-Boot)\X-Men_3.0)
01:27:26.890 [restartedMain] INFO  com.sermas.x.men.Application - No active profile set, falling back to 1 default profile: "default"
01:27:27.149 [restartedMain] INFO  o.s.b.w.e.tomcat.TomcatWebServer - Tomcat initialized with port 8080 (http)
01:27:27.150 [restartedMain] INFO  o.a.coyote.http11.Http11NioProtocol - Initializing ProtocolHandler ["http-nio-8080"]
01:27:27.151 [restartedMain] INFO  o.a.catalina.core.StandardService - Starting service [Tomcat]
01:27:27.151 [restartedMain] INFO  o.a.catalina.core.StandardEngine - Starting Servlet engine: [Apache Tomcat/10.1.31]
01:27:27.171 [restartedMain] INFO  o.a.c.c.C.[Tomcat].[localhost].[/] - Initializing Spring embedded WebApplicationContext
01:27:27.171 [restartedMain] INFO  o.s.b.w.s.c.ServletWebServerApplicationContext - Root WebApplicationContext: initialization completed in 280 ms
01:27:27.246 [restartedMain] WARN  o.s.b.a.t.ThymeleafAutoConfiguration$DefaultTemplateResolverConfiguration - Cannot find template location: classpath:/templates/ (please add some templates, check your Thymeleaf configuration, or set spring.thymeleaf.check-template-location=false)
01:27:27.285 [restartedMain] WARN  o.s.b.a.s.s.UserDetailsServiceAutoConfiguration - 

Using generated security password: 5cf9842e-87d9-4b7d-a6f5-8d792135a29b

This generated password is for development use only. Your security configuration must be updated before running your application in production.

01:27:27.287 [restartedMain] INFO  o.s.s.c.a.a.c.InitializeUserDetailsBeanManagerConfigurer$InitializeUserDetailsManagerConfigurer - Global AuthenticationManager configured with UserDetailsService bean with name inMemoryUserDetailsManager
01:27:27.291 [restartedMain] INFO  o.s.b.a.e.web.EndpointLinksResolver - Exposing 1 endpoint beneath base path '/actuator'
01:27:27.302 [restartedMain] INFO  o.s.b.d.a.OptionalLiveReloadServer - LiveReload server is running on port 35729
01:27:27.310 [restartedMain] INFO  o.a.coyote.http11.Http11NioProtocol - Starting ProtocolHandler ["http-nio-8080"]
01:27:27.315 [restartedMain] INFO  o.s.b.w.e.tomcat.TomcatWebServer - Tomcat started on port 8080 (http) with context path '/'
01:27:27.321 [restartedMain] INFO  com.sermas.x.men.Application - Started Application in 0.461 seconds (process running for 1996.727)
01:27:27.323 [restartedMain] INFO  o.s.b.a.l.ConditionEvaluationReportLogger - 

Error starting ApplicationContext. To display the condition evaluation report re-run your application with 'debug' enabled.
01:27:27.327 [restartedMain] ERROR o.s.boot.SpringApplication - Application run failed
java.lang.NoClassDefFoundError: com/sermas/x/men/user_interface/XMenInterface
	at com.sermas.x.men.Application.run(Application.java:35)
	at org.springframework.boot.SpringApplication.lambda$callRunner$5(SpringApplication.java:790)
	at org.springframework.util.function.ThrowingConsumer$1.acceptWithException(ThrowingConsumer.java:83)
	at org.springframework.util.function.ThrowingConsumer.accept(ThrowingConsumer.java:60)
	at org.springframework.util.function.ThrowingConsumer$1.accept(ThrowingConsumer.java:88)
	at org.springframework.boot.SpringApplication.callRunner(SpringApplication.java:798)
	at org.springframework.boot.SpringApplication.callRunner(SpringApplication.java:789)
	at org.springframework.boot.SpringApplication.lambda$callRunners$3(SpringApplication.java:774)
	at java.base/java.util.stream.ForEachOps$ForEachOp$OfRef.accept(ForEachOps.java:184)
	at java.base/java.util.stream.SortedOps$SizedRefSortingSink.end(SortedOps.java:357)
	at java.base/java.util.stream.AbstractPipeline.copyInto(AbstractPipeline.java:510)
	at java.base/java.util.stream.AbstractPipeline.wrapAndCopyInto(AbstractPipeline.java:499)
	at java.base/java.util.stream.ForEachOps$ForEachOp.evaluateSequential(ForEachOps.java:151)
	at java.base/java.util.stream.ForEachOps$ForEachOp$OfRef.evaluateSequential(ForEachOps.java:174)
	at java.base/java.util.stream.AbstractPipeline.evaluate(AbstractPipeline.java:234)
	at java.base/java.util.stream.ReferencePipeline.forEach(ReferencePipeline.java:596)
	at org.springframework.boot.SpringApplication.callRunners(SpringApplication.java:774)
	at org.springframework.boot.SpringApplication.run(SpringApplication.java:342)
	at org.springframework.boot.SpringApplication.run(SpringApplication.java:1363)
	at org.springframework.boot.SpringApplication.run(SpringApplication.java:1352)
	at com.sermas.x.men.Application.main(Application.java:20)
	at java.base/jdk.internal.reflect.DirectMethodHandleAccessor.invoke(DirectMethodHandleAccessor.java:103)
	at java.base/java.lang.reflect.Method.invoke(Method.java:580)
	at org.springframework.boot.devtools.restart.RestartLauncher.run(RestartLauncher.java:50)
Caused by: java.lang.ClassNotFoundException: com.sermas.x.men.user_interface.XMenInterface
	... 24 common frames omitted
01:27:30.949 [restartedMain] INFO  com.sermas.x.men.Application - Starting Application using Java 21.0.11 with PID 68260 (R:\OneDrive - King's College London\Workspace\Projects\SERMAS_KCL\Repositories\X-Men(Spring-Boot)\X-Men_3.0\target\classes started by Rish in R:\OneDrive - King's College London\Workspace\Projects\SERMAS_KCL\Repositories\X-Men(Spring-Boot)\X-Men_3.0)
01:27:30.951 [restartedMain] INFO  com.sermas.x.men.Application - No active profile set, falling back to 1 default profile: "default"
01:27:31.344 [restartedMain] INFO  o.s.b.w.e.tomcat.TomcatWebServer - Tomcat initialized with port 8081 (http)
01:27:31.346 [restartedMain] INFO  o.a.coyote.http11.Http11NioProtocol - Initializing ProtocolHandler ["http-nio-8081"]
01:27:31.347 [restartedMain] INFO  o.a.catalina.core.StandardService - Starting service [Tomcat]
01:27:31.347 [restartedMain] INFO  o.a.catalina.core.StandardEngine - Starting Servlet engine: [Apache Tomcat/10.1.31]
01:27:31.374 [restartedMain] INFO  o.a.c.c.C.[Tomcat].[localhost].[/] - Initializing Spring embedded WebApplicationContext
01:27:31.374 [restartedMain] INFO  o.s.b.w.s.c.ServletWebServerApplicationContext - Root WebApplicationContext: initialization completed in 421 ms
01:27:31.727 [restartedMain] WARN  o.s.b.a.t.ThymeleafAutoConfiguration$DefaultTemplateResolverConfiguration - Cannot find template location: classpath:/templates/ (please add some templates, check your Thymeleaf configuration, or set spring.thymeleaf.check-template-location=false)
01:27:31.879 [restartedMain] WARN  o.s.b.a.s.s.UserDetailsServiceAutoConfiguration - 

Using generated security password: 3410292a-dae0-4631-9237-4ea4ba6e61e9

This generated password is for development use only. Your security configuration must be updated before running your application in production.

01:27:31.885 [restartedMain] INFO  o.s.s.c.a.a.c.InitializeUserDetailsBeanManagerConfigurer$InitializeUserDetailsManagerConfigurer - Global AuthenticationManager configured with UserDetailsService bean with name inMemoryUserDetailsManager
01:27:31.903 [restartedMain] INFO  o.s.b.a.e.web.EndpointLinksResolver - Exposing 1 endpoint beneath base path '/actuator'
01:27:31.925 [restartedMain] INFO  o.s.b.d.a.OptionalLiveReloadServer - LiveReload server is running on port 35729
01:27:31.939 [restartedMain] INFO  o.a.coyote.http11.Http11NioProtocol - Starting ProtocolHandler ["http-nio-8081"]
01:27:31.949 [restartedMain] INFO  o.s.b.w.e.tomcat.TomcatWebServer - Tomcat started on port 8081 (http) with context path '/'
01:27:31.961 [restartedMain] INFO  com.sermas.x.men.Application - Started Application in 1.161 seconds (process running for 2001.367)
01:27:31.967 [restartedMain] INFO  o.s.b.a.l.ConditionEvaluationReportLogger - 

Error starting ApplicationContext. To display the condition evaluation report re-run your application with 'debug' enabled.
01:27:31.975 [restartedMain] ERROR o.s.boot.SpringApplication - Application run failed
java.lang.NoClassDefFoundError: com/sermas/x/men/user_interface/XMenInterface
	at com.sermas.x.men.Application.run(Application.java:35)
	at org.springframework.boot.SpringApplication.lambda$callRunner$5(SpringApplication.java:790)
	at org.springframework.util.function.ThrowingConsumer$1.acceptWithException(ThrowingConsumer.java:83)
	at org.springframework.util.function.ThrowingConsumer.accept(ThrowingConsumer.java:60)
	at org.springframework.util.function.ThrowingConsumer$1.accept(ThrowingConsumer.java:88)
	at org.springframework.boot.SpringApplication.callRunner(SpringApplication.java:798)
	at org.springframework.boot.SpringApplication.callRunner(SpringApplication.java:789)
	at org.springframework.boot.SpringApplication.lambda$callRunners$3(SpringApplication.java:774)
	at java.base/java.util.stream.ForEachOps$ForEachOp$OfRef.accept(ForEachOps.java:184)
	at java.base/java.util.stream.SortedOps$SizedRefSortingSink.end(SortedOps.java:357)
	at java.base/java.util.stream.AbstractPipeline.copyInto(AbstractPipeline.java:510)
	at java.base/java.util.stream.AbstractPipeline.wrapAndCopyInto(AbstractPipeline.java:499)
	at java.base/java.util.stream.ForEachOps$ForEachOp.evaluateSequential(ForEachOps.java:151)
	at java.base/java.util.stream.ForEachOps$ForEachOp$OfRef.evaluateSequential(ForEachOps.java:174)
	at java.base/java.util.stream.AbstractPipeline.evaluate(AbstractPipeline.java:234)
	at java.base/java.util.stream.ReferencePipeline.forEach(ReferencePipeline.java:596)
	at org.springframework.boot.SpringApplication.callRunners(SpringApplication.java:774)
	at org.springframework.boot.SpringApplication.run(SpringApplication.java:342)
	at org.springframework.boot.SpringApplication.run(SpringApplication.java:1363)
	at org.springframework.boot.SpringApplication.run(SpringApplication.java:1352)
	at com.sermas.x.men.Application.main(Application.java:20)
	at java.base/jdk.internal.reflect.DirectMethodHandleAccessor.invoke(DirectMethodHandleAccessor.java:103)
	at java.base/java.lang.reflect.Method.invoke(Method.java:580)
	at org.springframework.boot.devtools.restart.RestartLauncher.run(RestartLauncher.java:50)
Caused by: java.lang.ClassNotFoundException: com.sermas.x.men.user_interface.XMenInterface
	... 24 common frames omitted
01:27:37.264 [restartedMain] INFO  com.sermas.x.men.Application - Starting Application using Java 21.0.11 with PID 68260 (R:\OneDrive - King's College London\Workspace\Projects\SERMAS_KCL\Repositories\X-Men(Spring-Boot)\X-Men_3.0\target\classes started by Rish in R:\OneDrive - King's College London\Workspace\Projects\SERMAS_KCL\Repositories\X-Men(Spring-Boot)\X-Men_3.0)
01:27:37.265 [restartedMain] INFO  com.sermas.x.men.Application - No active profile set, falling back to 1 default profile: "default"
01:27:37.643 [restartedMain] INFO  o.s.b.w.e.tomcat.TomcatWebServer - Tomcat initialized with port 8081 (http)
01:27:37.644 [restartedMain] INFO  o.a.coyote.http11.Http11NioProtocol - Initializing ProtocolHandler ["http-nio-8081"]
01:27:37.644 [restartedMain] INFO  o.a.catalina.core.StandardService - Starting service [Tomcat]
01:27:37.645 [restartedMain] INFO  o.a.catalina.core.StandardEngine - Starting Servlet engine: [Apache Tomcat/10.1.31]
01:27:37.674 [restartedMain] INFO  o.a.c.c.C.[Tomcat].[localhost].[/] - Initializing Spring embedded WebApplicationContext
01:27:37.675 [restartedMain] INFO  o.s.b.w.s.c.ServletWebServerApplicationContext - Root WebApplicationContext: initialization completed in 408 ms
01:27:37.756 [restartedMain] INFO  c.s.x.m.s.HaskellDerivationFetcher - HaskellDerivationFetcher initialized with base URL: http://localhost:9091
01:27:37.796 [restartedMain] INFO  c.sermas.x.men.service.SettingsStore - Applied persisted vocabulary from C:\Users\Dell\.xmen\settings.json.
01:27:37.796 [restartedMain] INFO  c.sermas.x.men.service.SettingsStore - Applied persisted active theme 'ocean-cobalt'.
01:27:37.796 [restartedMain] INFO  c.sermas.x.men.service.SettingsStore - Applied persisted UI preferences.
01:27:37.819 [restartedMain] WARN  o.s.b.a.s.s.UserDetailsServiceAutoConfiguration - 

Using generated security password: 1e68710d-404d-4dbe-a175-751f9c08e26f

This generated password is for development use only. Your security configuration must be updated before running your application in production.

01:27:37.820 [restartedMain] INFO  o.s.s.c.a.a.c.InitializeUserDetailsBeanManagerConfigurer$InitializeUserDetailsManagerConfigurer - Global AuthenticationManager configured with UserDetailsService bean with name inMemoryUserDetailsManager
01:27:37.867 [restartedMain] INFO  o.s.b.a.e.web.EndpointLinksResolver - Exposing 1 endpoint beneath base path '/actuator'
01:27:37.897 [restartedMain] WARN  o.s.b.a.t.ThymeleafAutoConfiguration$DefaultTemplateResolverConfiguration - Cannot find template location: classpath:/templates/ (please add some templates, check your Thymeleaf configuration, or set spring.thymeleaf.check-template-location=false)
01:27:37.918 [restartedMain] INFO  o.s.b.d.a.OptionalLiveReloadServer - LiveReload server is running on port 35729
01:27:37.957 [restartedMain] INFO  o.a.coyote.http11.Http11NioProtocol - Starting ProtocolHandler ["http-nio-8081"]
01:27:37.962 [restartedMain] INFO  o.s.b.w.e.tomcat.TomcatWebServer - Tomcat started on port 8081 (http) with context path '/'
01:27:37.967 [restartedMain] INFO  com.sermas.x.men.Application - Started Application in 0.732 seconds (process running for 2007.374)
01:27:37.972 [restartedMain] INFO  o.s.b.a.l.ConditionEvaluationReportLogger - 

Error starting ApplicationContext. To display the condition evaluation report re-run your application with 'debug' enabled.
01:27:37.974 [restartedMain] ERROR o.s.boot.SpringApplication - Application run failed
java.lang.IllegalStateException: Application launch must not be called more than once
	at com.sun.javafx.application.LauncherImpl.launchApplication(LauncherImpl.java:176)
	at com.sun.javafx.application.LauncherImpl.launchApplication(LauncherImpl.java:154)
	at javafx.application.Application.launch(Application.java:233)
	at com.sermas.x.men.Application.run(Application.java:55)
	at org.springframework.boot.SpringApplication.lambda$callRunner$5(SpringApplication.java:790)
	at org.springframework.util.function.ThrowingConsumer$1.acceptWithException(ThrowingConsumer.java:83)
	at org.springframework.util.function.ThrowingConsumer.accept(ThrowingConsumer.java:60)
	at org.springframework.util.function.ThrowingConsumer$1.accept(ThrowingConsumer.java:88)
	at org.springframework.boot.SpringApplication.callRunner(SpringApplication.java:798)
	at org.springframework.boot.SpringApplication.callRunner(SpringApplication.java:789)
	at org.springframework.boot.SpringApplication.lambda$callRunners$3(SpringApplication.java:774)
	at java.base/java.util.stream.ForEachOps$ForEachOp$OfRef.accept(ForEachOps.java:184)
	at java.base/java.util.stream.SortedOps$SizedRefSortingSink.end(SortedOps.java:357)
	at java.base/java.util.stream.AbstractPipeline.copyInto(AbstractPipeline.java:510)
	at java.base/java.util.stream.AbstractPipeline.wrapAndCopyInto(AbstractPipeline.java:499)
	at java.base/java.util.stream.ForEachOps$ForEachOp.evaluateSequential(ForEachOps.java:151)
	at java.base/java.util.stream.ForEachOps$ForEachOp$OfRef.evaluateSequential(ForEachOps.java:174)
	at java.base/java.util.stream.AbstractPipeline.evaluate(AbstractPipeline.java:234)
	at java.base/java.util.stream.ReferencePipeline.forEach(ReferencePipeline.java:596)
	at org.springframework.boot.SpringApplication.callRunners(SpringApplication.java:774)
	at org.springframework.boot.SpringApplication.run(SpringApplication.java:342)
	at org.springframework.boot.SpringApplication.run(SpringApplication.java:1363)
	at org.springframework.boot.SpringApplication.run(SpringApplication.java:1352)
	at com.sermas.x.men.Application.main(Application.java:26)
	at java.base/jdk.internal.reflect.DirectMethodHandleAccessor.invoke(DirectMethodHandleAccessor.java:103)
	at java.base/java.lang.reflect.Method.invoke(Method.java:580)
	at org.springframework.boot.devtools.restart.RestartLauncher.run(RestartLauncher.java:50)
01:27:52.760 [restartedMain] INFO  com.sermas.x.men.Application - Starting Application using Java 21.0.11 with PID 22580 (R:\OneDrive - King's College London\Workspace\Projects\SERMAS_KCL\Repositories\X-Men(Spring-Boot)\X-Men_3.0\target\classes started by Rish in R:\OneDrive - King's College London\Workspace\Projects\SERMAS_KCL\Repositories\X-Men(Spring-Boot)\X-Men_3.0)
01:27:52.762 [restartedMain] INFO  com.sermas.x.men.Application - No active profile set, falling back to 1 default profile: "default"
01:27:52.819 [restartedMain] INFO  o.s.b.d.e.DevToolsPropertyDefaultsPostProcessor - Devtools property defaults active! Set 'spring.devtools.add-properties' to 'false' to disable
01:27:54.265 [restartedMain] INFO  o.s.b.w.e.tomcat.TomcatWebServer - Tomcat initialized with port 8081 (http)
01:27:54.277 [restartedMain] INFO  o.a.coyote.http11.Http11NioProtocol - Initializing ProtocolHandler ["http-nio-8081"]
01:27:54.279 [restartedMain] INFO  o.a.catalina.core.StandardService - Starting service [Tomcat]
01:27:54.279 [restartedMain] INFO  o.a.catalina.core.StandardEngine - Starting Servlet engine: [Apache Tomcat/10.1.31]
01:27:54.321 [restartedMain] INFO  o.a.c.c.C.[Tomcat].[localhost].[/] - Initializing Spring embedded WebApplicationContext
01:27:54.322 [restartedMain] INFO  o.s.b.w.s.c.ServletWebServerApplicationContext - Root WebApplicationContext: initialization completed in 1501 ms
01:27:54.938 [restartedMain] INFO  c.s.x.m.s.HaskellDerivationFetcher - HaskellDerivationFetcher initialized with base URL: http://localhost:9091
01:27:55.061 [restartedMain] INFO  c.sermas.x.men.service.SettingsStore - Applied persisted vocabulary from C:\Users\Dell\.xmen\settings.json.
01:27:55.061 [restartedMain] INFO  c.sermas.x.men.service.SettingsStore - Applied persisted active theme 'ocean-cobalt'.
01:27:55.061 [restartedMain] INFO  c.sermas.x.men.service.SettingsStore - Applied persisted UI preferences.
01:27:55.240 [restartedMain] WARN  o.s.b.a.s.s.UserDetailsServiceAutoConfiguration - 

Using generated security password: 108ed244-6009-4af6-ab3a-f98dc1e0abf0

This generated password is for development use only. Your security configuration must be updated before running your application in production.

01:27:55.278 [restartedMain] INFO  o.s.s.c.a.a.c.InitializeUserDetailsBeanManagerConfigurer$InitializeUserDetailsManagerConfigurer - Global AuthenticationManager configured with UserDetailsService bean with name inMemoryUserDetailsManager
01:27:55.721 [restartedMain] INFO  o.s.b.a.e.web.EndpointLinksResolver - Exposing 1 endpoint beneath base path '/actuator'
01:27:56.008 [restartedMain] WARN  o.s.b.a.t.ThymeleafAutoConfiguration$DefaultTemplateResolverConfiguration - Cannot find template location: classpath:/templates/ (please add some templates, check your Thymeleaf configuration, or set spring.thymeleaf.check-template-location=false)
01:27:56.250 [restartedMain] WARN  o.s.b.d.a.OptionalLiveReloadServer - Unable to start LiveReload server
01:27:56.317 [restartedMain] INFO  o.a.coyote.http11.Http11NioProtocol - Starting ProtocolHandler ["http-nio-8081"]
01:27:56.354 [restartedMain] INFO  o.s.b.w.e.tomcat.TomcatWebServer - Tomcat started on port 8081 (http) with context path '/'
01:27:56.374 [restartedMain] INFO  com.sermas.x.men.Application - Started Application in 4.079 seconds (process running for 4.799)
01:27:56.500 [JavaFX-Launcher] WARN  javafx - Unsupported JavaFX configuration: classes were loaded from 'unnamed module @2473b9ce'
01:28:03.615 [http-nio-8081-exec-1] INFO  o.a.c.c.C.[Tomcat].[localhost].[/] - Initializing Spring DispatcherServlet 'dispatcherServlet'
01:28:03.615 [http-nio-8081-exec-1] INFO  o.s.web.servlet.DispatcherServlet - Initializing Servlet 'dispatcherServlet'
01:28:03.619 [http-nio-8081-exec-1] INFO  o.s.web.servlet.DispatcherServlet - Completed initialization in 3 ms
01:29:27.947 [JavaFX Application Thread] INFO  c.s.x.m.s.chatbot.ChatBotService - Extracted 6 AIML brain resources into C:\Users\Dell\AppData\Local\Temp\xmen-aiml-5551266151197403160\xmen
01:29:27.949 [JavaFX Application Thread] INFO  c.s.x.m.s.chatbot.ChatBotService - Loading X-Men AIML brain from C:\Users\Dell\AppData\Local\Temp\xmen-aiml-5551266151197403160\xmen\
01:29:28.121 [JavaFX Application Thread] INFO  c.s.x.m.s.chatbot.ChatBotService - ChatBotService status: AIML brain loaded from C:\Users\Dell\AppData\Local\Temp\xmen-aiml-5551266151197403160\xmen\
02:00:21.396 [restartedMain] INFO  com.sermas.x.men.Application - Starting Application using Java 21.0.11 with PID 68260 (R:\OneDrive - King's College London\Workspace\Projects\SERMAS_KCL\Repositories\X-Men(Spring-Boot)\X-Men_3.0\target\classes started by Rish in R:\OneDrive - King's College London\Workspace\Projects\SERMAS_KCL\Repositories\X-Men(Spring-Boot)\X-Men_3.0)
02:00:21.396 [restartedMain] INFO  com.sermas.x.men.Application - No active profile set, falling back to 1 default profile: "default"
02:00:21.748 [restartedMain] INFO  o.s.b.w.e.tomcat.TomcatWebServer - Tomcat initialized with port 8081 (http)
02:00:21.749 [restartedMain] INFO  o.a.coyote.http11.Http11NioProtocol - Initializing ProtocolHandler ["http-nio-8081"]
02:00:21.749 [restartedMain] INFO  o.a.catalina.core.StandardService - Starting service [Tomcat]
02:00:21.749 [restartedMain] INFO  o.a.catalina.core.StandardEngine - Starting Servlet engine: [Apache Tomcat/10.1.31]
02:00:21.774 [restartedMain] INFO  o.a.c.c.C.[Tomcat].[localhost].[/] - Initializing Spring embedded WebApplicationContext
02:00:21.774 [restartedMain] INFO  o.s.b.w.s.c.ServletWebServerApplicationContext - Root WebApplicationContext: initialization completed in 375 ms
02:00:21.881 [restartedMain] WARN  o.s.b.a.t.ThymeleafAutoConfiguration$DefaultTemplateResolverConfiguration - Cannot find template location: classpath:/templates/ (please add some templates, check your Thymeleaf configuration, or set spring.thymeleaf.check-template-location=false)
02:00:21.952 [restartedMain] WARN  o.s.b.a.s.s.UserDetailsServiceAutoConfiguration - 

Using generated security password: 0ccc84e2-e497-499c-9285-8e1593559172

This generated password is for development use only. Your security configuration must be updated before running your application in production.

02:00:21.954 [restartedMain] INFO  o.s.s.c.a.a.c.InitializeUserDetailsBeanManagerConfigurer$InitializeUserDetailsManagerConfigurer - Global AuthenticationManager configured with UserDetailsService bean with name inMemoryUserDetailsManager
02:00:21.961 [restartedMain] INFO  o.s.b.a.e.web.EndpointLinksResolver - Exposing 1 endpoint beneath base path '/actuator'
02:00:21.976 [restartedMain] INFO  o.s.b.d.a.OptionalLiveReloadServer - LiveReload server is running on port 35729
02:00:21.988 [restartedMain] INFO  o.a.coyote.http11.Http11NioProtocol - Starting ProtocolHandler ["http-nio-8081"]
02:00:22.003 [restartedMain] INFO  o.s.b.w.e.tomcat.TomcatWebServer - Tomcat started on port 8081 (http) with context path '/'
02:00:22.012 [restartedMain] INFO  com.sermas.x.men.Application - Started Application in 0.677 seconds (process running for 3971.418)
02:00:22.017 [restartedMain] INFO  o.s.b.a.l.ConditionEvaluationReportLogger - 

Error starting ApplicationContext. To display the condition evaluation report re-run your application with 'debug' enabled.
02:00:22.022 [restartedMain] ERROR o.s.boot.SpringApplication - Application run failed
java.lang.NoClassDefFoundError: com/sermas/x/men/user_interface/XMenInterface
	at com.sermas.x.men.Application.run(Application.java:35)
	at org.springframework.boot.SpringApplication.lambda$callRunner$5(SpringApplication.java:790)
	at org.springframework.util.function.ThrowingConsumer$1.acceptWithException(ThrowingConsumer.java:83)
	at org.springframework.util.function.ThrowingConsumer.accept(ThrowingConsumer.java:60)
	at org.springframework.util.function.ThrowingConsumer$1.accept(ThrowingConsumer.java:88)
	at org.springframework.boot.SpringApplication.callRunner(SpringApplication.java:798)
	at org.springframework.boot.SpringApplication.callRunner(SpringApplication.java:789)
	at org.springframework.boot.SpringApplication.lambda$callRunners$3(SpringApplication.java:774)
	at java.base/java.util.stream.ForEachOps$ForEachOp$OfRef.accept(ForEachOps.java:184)
	at java.base/java.util.stream.SortedOps$SizedRefSortingSink.end(SortedOps.java:357)
	at java.base/java.util.stream.AbstractPipeline.copyInto(AbstractPipeline.java:510)
	at java.base/java.util.stream.AbstractPipeline.wrapAndCopyInto(AbstractPipeline.java:499)
	at java.base/java.util.stream.ForEachOps$ForEachOp.evaluateSequential(ForEachOps.java:151)
	at java.base/java.util.stream.ForEachOps$ForEachOp$OfRef.evaluateSequential(ForEachOps.java:174)
	at java.base/java.util.stream.AbstractPipeline.evaluate(AbstractPipeline.java:234)
	at java.base/java.util.stream.ReferencePipeline.forEach(ReferencePipeline.java:596)
	at org.springframework.boot.SpringApplication.callRunners(SpringApplication.java:774)
	at org.springframework.boot.SpringApplication.run(SpringApplication.java:342)
	at org.springframework.boot.SpringApplication.run(SpringApplication.java:1363)
	at org.springframework.boot.SpringApplication.run(SpringApplication.java:1352)
	at com.sermas.x.men.Application.main(Application.java:20)
	at java.base/jdk.internal.reflect.DirectMethodHandleAccessor.invoke(DirectMethodHandleAccessor.java:103)
	at java.base/java.lang.reflect.Method.invoke(Method.java:580)
	at org.springframework.boot.devtools.restart.RestartLauncher.run(RestartLauncher.java:50)
Caused by: java.lang.ClassNotFoundException: com.sermas.x.men.user_interface.XMenInterface
	... 24 common frames omitted
02:00:28.320 [restartedMain] INFO  com.sermas.x.men.Application - Starting Application using Java 21.0.11 with PID 68260 (R:\OneDrive - King's College London\Workspace\Projects\SERMAS_KCL\Repositories\X-Men(Spring-Boot)\X-Men_3.0\target\classes started by Rish in R:\OneDrive - King's College London\Workspace\Projects\SERMAS_KCL\Repositories\X-Men(Spring-Boot)\X-Men_3.0)
02:00:28.320 [restartedMain] INFO  com.sermas.x.men.Application - No active profile set, falling back to 1 default profile: "default"
02:00:28.695 [restartedMain] INFO  o.s.b.w.e.tomcat.TomcatWebServer - Tomcat initialized with port 8081 (http)
02:00:28.696 [restartedMain] INFO  o.a.coyote.http11.Http11NioProtocol - Initializing ProtocolHandler ["http-nio-8081"]
02:00:28.697 [restartedMain] INFO  o.a.catalina.core.StandardService - Starting service [Tomcat]
02:00:28.697 [restartedMain] INFO  o.a.catalina.core.StandardEngine - Starting Servlet engine: [Apache Tomcat/10.1.31]
02:00:28.749 [restartedMain] INFO  o.a.c.c.C.[Tomcat].[localhost].[/] - Initializing Spring embedded WebApplicationContext
02:00:28.749 [restartedMain] INFO  o.s.b.w.s.c.ServletWebServerApplicationContext - Root WebApplicationContext: initialization completed in 428 ms
02:00:28.827 [restartedMain] WARN  o.s.b.w.s.c.AnnotationConfigServletWebServerApplicationContext - Exception encountered during context initialization - cancelling refresh attempt: org.springframework.beans.factory.UnsatisfiedDependencyException: Error creating bean with name 'addMutationController': Unsatisfied dependency expressed through field 'fileLoadingService': Error creating bean with name 'fileLoadingService': Unsatisfied dependency expressed through field 'mutationGeneratorService': No qualifying bean of type 'com.sermas.x.men.service.MutationGeneratorService' available: expected at least 1 bean which qualifies as autowire candidate. Dependency annotations: {@org.springframework.beans.factory.annotation.Autowired(required=true)}
02:00:28.828 [restartedMain] INFO  o.a.catalina.core.StandardService - Stopping service [Tomcat]
02:00:28.836 [restartedMain] INFO  o.s.b.a.l.ConditionEvaluationReportLogger - 

Error starting ApplicationContext. To display the condition evaluation report re-run your application with 'debug' enabled.
02:00:28.850 [restartedMain] ERROR o.s.b.d.LoggingFailureAnalysisReporter - 

***************************
APPLICATION FAILED TO START
***************************

Description:

Field mutationGeneratorService in com.sermas.x.men.service.FileLoadingService required a bean of type 'com.sermas.x.men.service.MutationGeneratorService' that could not be found.

The injection point has the following annotations:
	- @org.springframework.beans.factory.annotation.Autowired(required=true)


Action:

Consider defining a bean of type 'com.sermas.x.men.service.MutationGeneratorService' in your configuration.

02:00:46.938 [restartedMain] INFO  com.sermas.x.men.Application - Starting Application using Java 21.0.11 with PID 68260 (R:\OneDrive - King's College London\Workspace\Projects\SERMAS_KCL\Repositories\X-Men(Spring-Boot)\X-Men_3.0\target\classes started by Rish in R:\OneDrive - King's College London\Workspace\Projects\SERMAS_KCL\Repositories\X-Men(Spring-Boot)\X-Men_3.0)
02:00:46.938 [restartedMain] INFO  com.sermas.x.men.Application - No active profile set, falling back to 1 default profile: "default"
02:00:47.369 [restartedMain] INFO  o.s.b.w.e.tomcat.TomcatWebServer - Tomcat initialized with port 8081 (http)
02:00:47.375 [restartedMain] INFO  o.a.coyote.http11.Http11NioProtocol - Initializing ProtocolHandler ["http-nio-8081"]
02:00:47.376 [restartedMain] INFO  o.a.catalina.core.StandardService - Starting service [Tomcat]
02:00:47.376 [restartedMain] INFO  o.a.catalina.core.StandardEngine - Starting Servlet engine: [Apache Tomcat/10.1.31]
02:00:47.407 [restartedMain] INFO  o.a.c.c.C.[Tomcat-1].[localhost].[/] - Initializing Spring embedded WebApplicationContext
02:00:47.407 [restartedMain] INFO  o.s.b.w.s.c.ServletWebServerApplicationContext - Root WebApplicationContext: initialization completed in 467 ms
02:00:47.528 [restartedMain] WARN  o.s.b.a.t.ThymeleafAutoConfiguration$DefaultTemplateResolverConfiguration - Cannot find template location: classpath:/templates/ (please add some templates, check your Thymeleaf configuration, or set spring.thymeleaf.check-template-location=false)
02:00:47.571 [restartedMain] WARN  o.s.b.a.s.s.UserDetailsServiceAutoConfiguration - 

Using generated security password: b0ed8f24-55e4-45ce-9f91-8f9a7b04db0a

This generated password is for development use only. Your security configuration must be updated before running your application in production.

02:00:47.572 [restartedMain] INFO  o.s.s.c.a.a.c.InitializeUserDetailsBeanManagerConfigurer$InitializeUserDetailsManagerConfigurer - Global AuthenticationManager configured with UserDetailsService bean with name inMemoryUserDetailsManager
02:00:47.578 [restartedMain] INFO  o.s.b.a.e.web.EndpointLinksResolver - Exposing 1 endpoint beneath base path '/actuator'
02:00:47.590 [restartedMain] INFO  o.s.b.d.a.OptionalLiveReloadServer - LiveReload server is running on port 35729
02:00:47.599 [restartedMain] INFO  o.a.coyote.http11.Http11NioProtocol - Starting ProtocolHandler ["http-nio-8081"]
02:00:47.603 [restartedMain] INFO  o.s.b.w.e.tomcat.TomcatWebServer - Tomcat started on port 8081 (http) with context path '/'
02:00:47.607 [restartedMain] INFO  com.sermas.x.men.Application - Started Application in 0.73 seconds (process running for 3997.014)
02:00:47.610 [restartedMain] INFO  o.s.b.a.l.ConditionEvaluationReportLogger - 

Error starting ApplicationContext. To display the condition evaluation report re-run your application with 'debug' enabled.
02:00:47.614 [restartedMain] ERROR o.s.boot.SpringApplication - Application run failed
java.lang.NoClassDefFoundError: com/sermas/x/men/user_interface/XMenInterface
	at com.sermas.x.men.Application.run(Application.java:35)
	at org.springframework.boot.SpringApplication.lambda$callRunner$5(SpringApplication.java:790)
	at org.springframework.util.function.ThrowingConsumer$1.acceptWithException(ThrowingConsumer.java:83)
	at org.springframework.util.function.ThrowingConsumer.accept(ThrowingConsumer.java:60)
	at org.springframework.util.function.ThrowingConsumer$1.accept(ThrowingConsumer.java:88)
	at org.springframework.boot.SpringApplication.callRunner(SpringApplication.java:798)
	at org.springframework.boot.SpringApplication.callRunner(SpringApplication.java:789)
	at org.springframework.boot.SpringApplication.lambda$callRunners$3(SpringApplication.java:774)
	at java.base/java.util.stream.ForEachOps$ForEachOp$OfRef.accept(ForEachOps.java:184)
	at java.base/java.util.stream.SortedOps$SizedRefSortingSink.end(SortedOps.java:357)
	at java.base/java.util.stream.AbstractPipeline.copyInto(AbstractPipeline.java:510)
	at java.base/java.util.stream.AbstractPipeline.wrapAndCopyInto(AbstractPipeline.java:499)
	at java.base/java.util.stream.ForEachOps$ForEachOp.evaluateSequential(ForEachOps.java:151)
	at java.base/java.util.stream.ForEachOps$ForEachOp$OfRef.evaluateSequential(ForEachOps.java:174)
	at java.base/java.util.stream.AbstractPipeline.evaluate(AbstractPipeline.java:234)
	at java.base/java.util.stream.ReferencePipeline.forEach(ReferencePipeline.java:596)
	at org.springframework.boot.SpringApplication.callRunners(SpringApplication.java:774)
	at org.springframework.boot.SpringApplication.run(SpringApplication.java:342)
	at org.springframework.boot.SpringApplication.run(SpringApplication.java:1363)
	at org.springframework.boot.SpringApplication.run(SpringApplication.java:1352)
	at com.sermas.x.men.Application.main(Application.java:20)
	at java.base/jdk.internal.reflect.DirectMethodHandleAccessor.invoke(DirectMethodHandleAccessor.java:103)
	at java.base/java.lang.reflect.Method.invoke(Method.java:580)
	at org.springframework.boot.devtools.restart.RestartLauncher.run(RestartLauncher.java:50)
Caused by: java.lang.ClassNotFoundException: com.sermas.x.men.user_interface.XMenInterface
	... 24 common frames omitted
02:00:53.373 [restartedMain] INFO  com.sermas.x.men.Application - Starting Application using Java 21.0.11 with PID 68260 (R:\OneDrive - King's College London\Workspace\Projects\SERMAS_KCL\Repositories\X-Men(Spring-Boot)\X-Men_3.0\target\classes started by Rish in R:\OneDrive - King's College London\Workspace\Projects\SERMAS_KCL\Repositories\X-Men(Spring-Boot)\X-Men_3.0)
02:00:53.373 [restartedMain] INFO  com.sermas.x.men.Application - No active profile set, falling back to 1 default profile: "default"
02:00:53.649 [restartedMain] INFO  o.s.b.w.e.tomcat.TomcatWebServer - Tomcat initialized with port 8081 (http)
02:00:53.649 [restartedMain] INFO  o.a.coyote.http11.Http11NioProtocol - Initializing ProtocolHandler ["http-nio-8081"]
02:00:53.650 [restartedMain] INFO  o.a.catalina.core.StandardService - Starting service [Tomcat]
02:00:53.650 [restartedMain] INFO  o.a.catalina.core.StandardEngine - Starting Servlet engine: [Apache Tomcat/10.1.31]
02:00:53.663 [restartedMain] INFO  o.a.c.c.C.[Tomcat-1].[localhost].[/] - Initializing Spring embedded WebApplicationContext
02:00:53.664 [restartedMain] INFO  o.s.b.w.s.c.ServletWebServerApplicationContext - Root WebApplicationContext: initialization completed in 288 ms
02:00:53.739 [restartedMain] INFO  c.s.x.m.s.HaskellDerivationFetcher - HaskellDerivationFetcher initialized with base URL: http://localhost:9091
02:00:53.772 [restartedMain] INFO  c.sermas.x.men.service.SettingsStore - Applied persisted vocabulary from C:\Users\Dell\.xmen\settings.json.
02:00:53.772 [restartedMain] INFO  c.sermas.x.men.service.SettingsStore - Applied persisted active theme 'ocean-cobalt'.
02:00:53.772 [restartedMain] INFO  c.sermas.x.men.service.SettingsStore - Applied persisted UI preferences.
02:00:53.804 [restartedMain] WARN  o.s.b.a.s.s.UserDetailsServiceAutoConfiguration - 

Using generated security password: 7d8ac7a7-088a-4eb6-88b4-75f4c9815deb

This generated password is for development use only. Your security configuration must be updated before running your application in production.

02:00:53.805 [restartedMain] INFO  o.s.s.c.a.a.c.InitializeUserDetailsBeanManagerConfigurer$InitializeUserDetailsManagerConfigurer - Global AuthenticationManager configured with UserDetailsService bean with name inMemoryUserDetailsManager
02:00:53.861 [restartedMain] INFO  o.s.b.a.e.web.EndpointLinksResolver - Exposing 1 endpoint beneath base path '/actuator'
02:00:53.877 [restartedMain] WARN  o.s.b.a.t.ThymeleafAutoConfiguration$DefaultTemplateResolverConfiguration - Cannot find template location: classpath:/templates/ (please add some templates, check your Thymeleaf configuration, or set spring.thymeleaf.check-template-location=false)
02:00:53.894 [restartedMain] INFO  o.s.b.d.a.OptionalLiveReloadServer - LiveReload server is running on port 35729
02:00:53.898 [restartedMain] INFO  o.a.coyote.http11.Http11NioProtocol - Starting ProtocolHandler ["http-nio-8081"]
02:00:53.901 [restartedMain] INFO  o.s.b.w.e.tomcat.TomcatWebServer - Tomcat started on port 8081 (http) with context path '/'
02:00:53.904 [restartedMain] INFO  com.sermas.x.men.Application - Started Application in 0.57 seconds (process running for 4003.31)
02:00:53.908 [restartedMain] INFO  o.s.b.a.l.ConditionEvaluationReportLogger - 

Error starting ApplicationContext. To display the condition evaluation report re-run your application with 'debug' enabled.
02:00:53.911 [restartedMain] ERROR o.s.boot.SpringApplication - Application run failed
java.lang.IllegalStateException: Application launch must not be called more than once
	at com.sun.javafx.application.LauncherImpl.launchApplication(LauncherImpl.java:176)
	at com.sun.javafx.application.LauncherImpl.launchApplication(LauncherImpl.java:154)
	at javafx.application.Application.launch(Application.java:233)
	at com.sermas.x.men.Application.run(Application.java:55)
	at org.springframework.boot.SpringApplication.lambda$callRunner$5(SpringApplication.java:790)
	at org.springframework.util.function.ThrowingConsumer$1.acceptWithException(ThrowingConsumer.java:83)
	at org.springframework.util.function.ThrowingConsumer.accept(ThrowingConsumer.java:60)
	at org.springframework.util.function.ThrowingConsumer$1.accept(ThrowingConsumer.java:88)
	at org.springframework.boot.SpringApplication.callRunner(SpringApplication.java:798)
	at org.springframework.boot.SpringApplication.callRunner(SpringApplication.java:789)
	at org.springframework.boot.SpringApplication.lambda$callRunners$3(SpringApplication.java:774)
	at java.base/java.util.stream.ForEachOps$ForEachOp$OfRef.accept(ForEachOps.java:184)
	at java.base/java.util.stream.SortedOps$SizedRefSortingSink.end(SortedOps.java:357)
	at java.base/java.util.stream.AbstractPipeline.copyInto(AbstractPipeline.java:510)
	at java.base/java.util.stream.AbstractPipeline.wrapAndCopyInto(AbstractPipeline.java:499)
	at java.base/java.util.stream.ForEachOps$ForEachOp.evaluateSequential(ForEachOps.java:151)
	at java.base/java.util.stream.ForEachOps$ForEachOp$OfRef.evaluateSequential(ForEachOps.java:174)
	at java.base/java.util.stream.AbstractPipeline.evaluate(AbstractPipeline.java:234)
	at java.base/java.util.stream.ReferencePipeline.forEach(ReferencePipeline.java:596)
	at org.springframework.boot.SpringApplication.callRunners(SpringApplication.java:774)
	at org.springframework.boot.SpringApplication.run(SpringApplication.java:342)
	at org.springframework.boot.SpringApplication.run(SpringApplication.java:1363)
	at org.springframework.boot.SpringApplication.run(SpringApplication.java:1352)
	at com.sermas.x.men.Application.main(Application.java:26)
	at java.base/jdk.internal.reflect.DirectMethodHandleAccessor.invoke(DirectMethodHandleAccessor.java:103)
	at java.base/java.lang.reflect.Method.invoke(Method.java:580)
	at org.springframework.boot.devtools.restart.RestartLauncher.run(RestartLauncher.java:50)
02:01:05.741 [restartedMain] INFO  com.sermas.x.men.Application - Starting Application using Java 21.0.11 with PID 68260 (R:\OneDrive - King's College London\Workspace\Projects\SERMAS_KCL\Repositories\X-Men(Spring-Boot)\X-Men_3.0\target\classes started by Rish in R:\OneDrive - King's College London\Workspace\Projects\SERMAS_KCL\Repositories\X-Men(Spring-Boot)\X-Men_3.0)
02:01:05.741 [restartedMain] INFO  com.sermas.x.men.Application - No active profile set, falling back to 1 default profile: "default"
02:01:05.957 [restartedMain] INFO  o.s.b.w.e.tomcat.TomcatWebServer - Tomcat initialized with port 8081 (http)
02:01:05.958 [restartedMain] INFO  o.a.coyote.http11.Http11NioProtocol - Initializing ProtocolHandler ["http-nio-8081"]
02:01:05.958 [restartedMain] INFO  o.a.catalina.core.StandardService - Starting service [Tomcat]
02:01:05.958 [restartedMain] INFO  o.a.catalina.core.StandardEngine - Starting Servlet engine: [Apache Tomcat/10.1.31]
02:01:05.972 [restartedMain] INFO  o.a.c.c.C.[Tomcat-1].[localhost].[/] - Initializing Spring embedded WebApplicationContext
02:01:05.972 [restartedMain] INFO  o.s.b.w.s.c.ServletWebServerApplicationContext - Root WebApplicationContext: initialization completed in 229 ms
02:01:06.033 [restartedMain] WARN  o.s.b.a.t.ThymeleafAutoConfiguration$DefaultTemplateResolverConfiguration - Cannot find template location: classpath:/templates/ (please add some templates, check your Thymeleaf configuration, or set spring.thymeleaf.check-template-location=false)
02:01:06.062 [restartedMain] WARN  o.s.b.a.s.s.UserDetailsServiceAutoConfiguration - 

Using generated security password: eb985e61-b2c2-431c-ac4f-031823450e1f

This generated password is for development use only. Your security configuration must be updated before running your application in production.

02:01:06.063 [restartedMain] INFO  o.s.s.c.a.a.c.InitializeUserDetailsBeanManagerConfigurer$InitializeUserDetailsManagerConfigurer - Global AuthenticationManager configured with UserDetailsService bean with name inMemoryUserDetailsManager
02:01:06.068 [restartedMain] INFO  o.s.b.a.e.web.EndpointLinksResolver - Exposing 1 endpoint beneath base path '/actuator'
02:01:06.078 [restartedMain] INFO  o.s.b.d.a.OptionalLiveReloadServer - LiveReload server is running on port 35729
02:01:06.081 [restartedMain] INFO  o.a.coyote.http11.Http11NioProtocol - Starting ProtocolHandler ["http-nio-8081"]
02:01:06.086 [restartedMain] INFO  o.s.b.w.e.tomcat.TomcatWebServer - Tomcat started on port 8081 (http) with context path '/'
02:01:06.090 [restartedMain] INFO  com.sermas.x.men.Application - Started Application in 0.388 seconds (process running for 4015.497)
02:01:06.092 [restartedMain] INFO  o.s.b.a.l.ConditionEvaluationReportLogger - 

Error starting ApplicationContext. To display the condition evaluation report re-run your application with 'debug' enabled.
02:01:06.094 [restartedMain] ERROR o.s.boot.SpringApplication - Application run failed
java.lang.NoClassDefFoundError: com/sermas/x/men/user_interface/XMenInterface
	at com.sermas.x.men.Application.run(Application.java:35)
	at org.springframework.boot.SpringApplication.lambda$callRunner$5(SpringApplication.java:790)
	at org.springframework.util.function.ThrowingConsumer$1.acceptWithException(ThrowingConsumer.java:83)
	at org.springframework.util.function.ThrowingConsumer.accept(ThrowingConsumer.java:60)
	at org.springframework.util.function.ThrowingConsumer$1.accept(ThrowingConsumer.java:88)
	at org.springframework.boot.SpringApplication.callRunner(SpringApplication.java:798)
	at org.springframework.boot.SpringApplication.callRunner(SpringApplication.java:789)
	at org.springframework.boot.SpringApplication.lambda$callRunners$3(SpringApplication.java:774)
	at java.base/java.util.stream.ForEachOps$ForEachOp$OfRef.accept(ForEachOps.java:184)
	at java.base/java.util.stream.SortedOps$SizedRefSortingSink.end(SortedOps.java:357)
	at java.base/java.util.stream.AbstractPipeline.copyInto(AbstractPipeline.java:510)
	at java.base/java.util.stream.AbstractPipeline.wrapAndCopyInto(AbstractPipeline.java:499)
	at java.base/java.util.stream.ForEachOps$ForEachOp.evaluateSequential(ForEachOps.java:151)
	at java.base/java.util.stream.ForEachOps$ForEachOp$OfRef.evaluateSequential(ForEachOps.java:174)
	at java.base/java.util.stream.AbstractPipeline.evaluate(AbstractPipeline.java:234)
	at java.base/java.util.stream.ReferencePipeline.forEach(ReferencePipeline.java:596)
	at org.springframework.boot.SpringApplication.callRunners(SpringApplication.java:774)
	at org.springframework.boot.SpringApplication.run(SpringApplication.java:342)
	at org.springframework.boot.SpringApplication.run(SpringApplication.java:1363)
	at org.springframework.boot.SpringApplication.run(SpringApplication.java:1352)
	at com.sermas.x.men.Application.main(Application.java:20)
	at java.base/jdk.internal.reflect.DirectMethodHandleAccessor.invoke(DirectMethodHandleAccessor.java:103)
	at java.base/java.lang.reflect.Method.invoke(Method.java:580)
	at org.springframework.boot.devtools.restart.RestartLauncher.run(RestartLauncher.java:50)
Caused by: java.lang.ClassNotFoundException: com.sermas.x.men.user_interface.XMenInterface
	... 24 common frames omitted
02:01:11.971 [restartedMain] INFO  com.sermas.x.men.Application - Starting Application using Java 21.0.11 with PID 68260 (R:\OneDrive - King's College London\Workspace\Projects\SERMAS_KCL\Repositories\X-Men(Spring-Boot)\X-Men_3.0\target\classes started by Rish in R:\OneDrive - King's College London\Workspace\Projects\SERMAS_KCL\Repositories\X-Men(Spring-Boot)\X-Men_3.0)
02:01:11.971 [restartedMain] INFO  com.sermas.x.men.Application - No active profile set, falling back to 1 default profile: "default"
02:01:12.258 [restartedMain] INFO  o.s.b.w.e.tomcat.TomcatWebServer - Tomcat initialized with port 8081 (http)
02:01:12.259 [restartedMain] INFO  o.a.coyote.http11.Http11NioProtocol - Initializing ProtocolHandler ["http-nio-8081"]
02:01:12.259 [restartedMain] INFO  o.a.catalina.core.StandardService - Starting service [Tomcat]
02:01:12.259 [restartedMain] INFO  o.a.catalina.core.StandardEngine - Starting Servlet engine: [Apache Tomcat/10.1.31]
02:01:12.277 [restartedMain] INFO  o.a.c.c.C.[Tomcat-1].[localhost].[/] - Initializing Spring embedded WebApplicationContext
02:01:12.278 [restartedMain] INFO  o.s.b.w.s.c.ServletWebServerApplicationContext - Root WebApplicationContext: initialization completed in 304 ms
02:01:12.376 [restartedMain] INFO  c.s.x.m.s.HaskellDerivationFetcher - HaskellDerivationFetcher initialized with base URL: http://localhost:9091
02:01:12.406 [restartedMain] INFO  c.sermas.x.men.service.SettingsStore - Applied persisted vocabulary from C:\Users\Dell\.xmen\settings.json.
02:01:12.406 [restartedMain] INFO  c.sermas.x.men.service.SettingsStore - Applied persisted active theme 'ocean-cobalt'.
02:01:12.406 [restartedMain] INFO  c.sermas.x.men.service.SettingsStore - Applied persisted UI preferences.
02:01:12.432 [restartedMain] WARN  o.s.b.a.s.s.UserDetailsServiceAutoConfiguration - 

Using generated security password: ed8280ea-8a97-4a2a-8de7-6630bae2170c

This generated password is for development use only. Your security configuration must be updated before running your application in production.

02:01:12.433 [restartedMain] INFO  o.s.s.c.a.a.c.InitializeUserDetailsBeanManagerConfigurer$InitializeUserDetailsManagerConfigurer - Global AuthenticationManager configured with UserDetailsService bean with name inMemoryUserDetailsManager
02:01:12.491 [restartedMain] INFO  o.s.b.a.e.web.EndpointLinksResolver - Exposing 1 endpoint beneath base path '/actuator'
02:01:12.520 [restartedMain] WARN  o.s.b.a.t.ThymeleafAutoConfiguration$DefaultTemplateResolverConfiguration - Cannot find template location: classpath:/templates/ (please add some templates, check your Thymeleaf configuration, or set spring.thymeleaf.check-template-location=false)
02:01:12.537 [restartedMain] INFO  o.s.b.d.a.OptionalLiveReloadServer - LiveReload server is running on port 35729
02:01:12.545 [restartedMain] INFO  o.a.coyote.http11.Http11NioProtocol - Starting ProtocolHandler ["http-nio-8081"]
02:01:12.549 [restartedMain] INFO  o.s.b.w.e.tomcat.TomcatWebServer - Tomcat started on port 8081 (http) with context path '/'
02:01:12.553 [restartedMain] INFO  com.sermas.x.men.Application - Started Application in 0.601 seconds (process running for 4021.959)
02:01:12.557 [restartedMain] INFO  o.s.b.a.l.ConditionEvaluationReportLogger - 

Error starting ApplicationContext. To display the condition evaluation report re-run your application with 'debug' enabled.
02:01:12.561 [restartedMain] ERROR o.s.boot.SpringApplication - Application run failed
java.lang.IllegalStateException: Application launch must not be called more than once
	at com.sun.javafx.application.LauncherImpl.launchApplication(LauncherImpl.java:176)
	at com.sun.javafx.application.LauncherImpl.launchApplication(LauncherImpl.java:154)
	at javafx.application.Application.launch(Application.java:233)
	at com.sermas.x.men.Application.run(Application.java:55)
	at org.springframework.boot.SpringApplication.lambda$callRunner$5(SpringApplication.java:790)
	at org.springframework.util.function.ThrowingConsumer$1.acceptWithException(ThrowingConsumer.java:83)
	at org.springframework.util.function.ThrowingConsumer.accept(ThrowingConsumer.java:60)
	at org.springframework.util.function.ThrowingConsumer$1.accept(ThrowingConsumer.java:88)
	at org.springframework.boot.SpringApplication.callRunner(SpringApplication.java:798)
	at org.springframework.boot.SpringApplication.callRunner(SpringApplication.java:789)
	at org.springframework.boot.SpringApplication.lambda$callRunners$3(SpringApplication.java:774)
	at java.base/java.util.stream.ForEachOps$ForEachOp$OfRef.accept(ForEachOps.java:184)
	at java.base/java.util.stream.SortedOps$SizedRefSortingSink.end(SortedOps.java:357)
	at java.base/java.util.stream.AbstractPipeline.copyInto(AbstractPipeline.java:510)
	at java.base/java.util.stream.AbstractPipeline.wrapAndCopyInto(AbstractPipeline.java:499)
	at java.base/java.util.stream.ForEachOps$ForEachOp.evaluateSequential(ForEachOps.java:151)
	at java.base/java.util.stream.ForEachOps$ForEachOp$OfRef.evaluateSequential(ForEachOps.java:174)
	at java.base/java.util.stream.AbstractPipeline.evaluate(AbstractPipeline.java:234)
	at java.base/java.util.stream.ReferencePipeline.forEach(ReferencePipeline.java:596)
	at org.springframework.boot.SpringApplication.callRunners(SpringApplication.java:774)
	at org.springframework.boot.SpringApplication.run(SpringApplication.java:342)
	at org.springframework.boot.SpringApplication.run(SpringApplication.java:1363)
	at org.springframework.boot.SpringApplication.run(SpringApplication.java:1352)
	at com.sermas.x.men.Application.main(Application.java:26)
	at java.base/jdk.internal.reflect.DirectMethodHandleAccessor.invoke(DirectMethodHandleAccessor.java:103)
	at java.base/java.lang.reflect.Method.invoke(Method.java:580)
	at org.springframework.boot.devtools.restart.RestartLauncher.run(RestartLauncher.java:50)
02:01:18.798 [JavaFX Application Thread] INFO  c.s.x.m.s.chatbot.ChatBotService - Extracted 6 AIML brain resources into C:\Users\Dell\AppData\Local\Temp\xmen-aiml-6708405555380272526\xmen
02:01:18.803 [JavaFX Application Thread] INFO  c.s.x.m.s.chatbot.ChatBotService - Loading X-Men AIML brain from C:\Users\Dell\AppData\Local\Temp\xmen-aiml-6708405555380272526\xmen\
02:01:19.028 [JavaFX Application Thread] INFO  c.s.x.m.s.chatbot.ChatBotService - ChatBotService status: AIML brain loaded from C:\Users\Dell\AppData\Local\Temp\xmen-aiml-6708405555380272526\xmen\
02:01:45.104 [restartedMain] INFO  com.sermas.x.men.Application - Starting Application using Java 21.0.11 with PID 68260 (started by Rish in R:\OneDrive - King's College London\Workspace\Projects\SERMAS_KCL\Repositories\X-Men(Spring-Boot)\X-Men_3.0)
02:01:45.104 [restartedMain] INFO  com.sermas.x.men.Application - No active profile set, falling back to 1 default profile: "default"
02:01:45.269 [restartedMain] INFO  o.s.b.w.e.tomcat.TomcatWebServer - Tomcat initialized with port 8080 (http)
02:01:45.270 [restartedMain] INFO  o.a.coyote.http11.Http11NioProtocol - Initializing ProtocolHandler ["http-nio-8080"]
02:01:45.270 [restartedMain] INFO  o.a.catalina.core.StandardService - Starting service [Tomcat]
02:01:45.270 [restartedMain] INFO  o.a.catalina.core.StandardEngine - Starting Servlet engine: [Apache Tomcat/10.1.31]
02:01:45.283 [restartedMain] INFO  o.a.c.c.C.[Tomcat-1].[localhost].[/] - Initializing Spring embedded WebApplicationContext
02:01:45.284 [restartedMain] INFO  o.s.b.w.s.c.ServletWebServerApplicationContext - Root WebApplicationContext: initialization completed in 179 ms
02:01:45.329 [restartedMain] WARN  o.s.b.a.t.ThymeleafAutoConfiguration$DefaultTemplateResolverConfiguration - Cannot find template location: classpath:/templates/ (please add some templates, check your Thymeleaf configuration, or set spring.thymeleaf.check-template-location=false)
02:01:45.356 [restartedMain] WARN  o.s.b.a.s.s.UserDetailsServiceAutoConfiguration - 

Using generated security password: cecb9fe9-e770-46f0-a0bc-05925dc006b9

This generated password is for development use only. Your security configuration must be updated before running your application in production.

02:01:45.358 [restartedMain] INFO  o.s.s.c.a.a.c.InitializeUserDetailsBeanManagerConfigurer$InitializeUserDetailsManagerConfigurer - Global AuthenticationManager configured with UserDetailsService bean with name inMemoryUserDetailsManager
02:01:45.360 [restartedMain] INFO  o.s.b.a.e.web.EndpointLinksResolver - Exposing 1 endpoint beneath base path '/actuator'
02:01:45.368 [restartedMain] INFO  o.s.b.d.a.OptionalLiveReloadServer - LiveReload server is running on port 35729
02:01:45.375 [restartedMain] INFO  o.a.coyote.http11.Http11NioProtocol - Starting ProtocolHandler ["http-nio-8080"]
02:01:45.379 [restartedMain] INFO  o.s.b.w.e.tomcat.TomcatWebServer - Tomcat started on port 8080 (http) with context path '/'
02:01:45.382 [restartedMain] INFO  com.sermas.x.men.Application - Started Application in 0.3 seconds (process running for 4054.789)
02:01:45.384 [restartedMain] INFO  o.s.b.a.l.ConditionEvaluationReportLogger - 

Error starting ApplicationContext. To display the condition evaluation report re-run your application with 'debug' enabled.
02:01:45.386 [restartedMain] ERROR o.s.boot.SpringApplication - Application run failed
java.lang.NoClassDefFoundError: com/sermas/x/men/user_interface/XMenInterface
	at com.sermas.x.men.Application.run(Application.java:35)
	at org.springframework.boot.SpringApplication.lambda$callRunner$5(SpringApplication.java:790)
	at org.springframework.util.function.ThrowingConsumer$1.acceptWithException(ThrowingConsumer.java:83)
	at org.springframework.util.function.ThrowingConsumer.accept(ThrowingConsumer.java:60)
	at org.springframework.util.function.ThrowingConsumer$1.accept(ThrowingConsumer.java:88)
	at org.springframework.boot.SpringApplication.callRunner(SpringApplication.java:798)
	at org.springframework.boot.SpringApplication.callRunner(SpringApplication.java:789)
	at org.springframework.boot.SpringApplication.lambda$callRunners$3(SpringApplication.java:774)
	at java.base/java.util.stream.ForEachOps$ForEachOp$OfRef.accept(ForEachOps.java:184)
	at java.base/java.util.stream.SortedOps$SizedRefSortingSink.end(SortedOps.java:357)
	at java.base/java.util.stream.AbstractPipeline.copyInto(AbstractPipeline.java:510)
	at java.base/java.util.stream.AbstractPipeline.wrapAndCopyInto(AbstractPipeline.java:499)
	at java.base/java.util.stream.ForEachOps$ForEachOp.evaluateSequential(ForEachOps.java:151)
	at java.base/java.util.stream.ForEachOps$ForEachOp$OfRef.evaluateSequential(ForEachOps.java:174)
	at java.base/java.util.stream.AbstractPipeline.evaluate(AbstractPipeline.java:234)
	at java.base/java.util.stream.ReferencePipeline.forEach(ReferencePipeline.java:596)
	at org.springframework.boot.SpringApplication.callRunners(SpringApplication.java:774)
	at org.springframework.boot.SpringApplication.run(SpringApplication.java:342)
	at org.springframework.boot.SpringApplication.run(SpringApplication.java:1363)
	at org.springframework.boot.SpringApplication.run(SpringApplication.java:1352)
	at com.sermas.x.men.Application.main(Application.java:20)
	at java.base/jdk.internal.reflect.DirectMethodHandleAccessor.invoke(DirectMethodHandleAccessor.java:103)
	at java.base/java.lang.reflect.Method.invoke(Method.java:580)
	at org.springframework.boot.devtools.restart.RestartLauncher.run(RestartLauncher.java:50)
Caused by: java.lang.ClassNotFoundException: com.sermas.x.men.user_interface.XMenInterface
	... 24 common frames omitted
02:01:48.885 [restartedMain] INFO  com.sermas.x.men.Application - Starting Application using Java 21.0.11 with PID 68260 (R:\OneDrive - King's College London\Workspace\Projects\SERMAS_KCL\Repositories\X-Men(Spring-Boot)\X-Men_3.0\target\classes started by Rish in R:\OneDrive - King's College London\Workspace\Projects\SERMAS_KCL\Repositories\X-Men(Spring-Boot)\X-Men_3.0)
02:01:48.886 [restartedMain] INFO  com.sermas.x.men.Application - No active profile set, falling back to 1 default profile: "default"
02:01:49.049 [restartedMain] INFO  o.s.b.w.e.tomcat.TomcatWebServer - Tomcat initialized with port 8081 (http)
02:01:49.050 [restartedMain] INFO  o.a.coyote.http11.Http11NioProtocol - Initializing ProtocolHandler ["http-nio-8081"]
02:01:49.050 [restartedMain] INFO  o.a.catalina.core.StandardService - Starting service [Tomcat]
02:01:49.050 [restartedMain] INFO  o.a.catalina.core.StandardEngine - Starting Servlet engine: [Apache Tomcat/10.1.31]
02:01:49.064 [restartedMain] INFO  o.a.c.c.C.[Tomcat-1].[localhost].[/] - Initializing Spring embedded WebApplicationContext
02:01:49.064 [restartedMain] INFO  o.s.b.w.s.c.ServletWebServerApplicationContext - Root WebApplicationContext: initialization completed in 177 ms
02:01:49.112 [restartedMain] WARN  o.s.b.a.t.ThymeleafAutoConfiguration$DefaultTemplateResolverConfiguration - Cannot find template location: classpath:/templates/ (please add some templates, check your Thymeleaf configuration, or set spring.thymeleaf.check-template-location=false)
02:01:49.139 [restartedMain] WARN  o.s.b.a.s.s.UserDetailsServiceAutoConfiguration - 

Using generated security password: d9bb6c54-4069-407f-9194-37cfd8d41878

This generated password is for development use only. Your security configuration must be updated before running your application in production.

02:01:49.140 [restartedMain] INFO  o.s.s.c.a.a.c.InitializeUserDetailsBeanManagerConfigurer$InitializeUserDetailsManagerConfigurer - Global AuthenticationManager configured with UserDetailsService bean with name inMemoryUserDetailsManager
02:01:49.142 [restartedMain] INFO  o.s.b.a.e.web.EndpointLinksResolver - Exposing 1 endpoint beneath base path '/actuator'
02:01:49.149 [restartedMain] INFO  o.s.b.d.a.OptionalLiveReloadServer - LiveReload server is running on port 35729
02:01:49.152 [restartedMain] INFO  o.a.coyote.http11.Http11NioProtocol - Starting ProtocolHandler ["http-nio-8081"]
02:01:49.154 [restartedMain] INFO  o.s.b.w.e.tomcat.TomcatWebServer - Tomcat started on port 8081 (http) with context path '/'
02:01:49.158 [restartedMain] INFO  com.sermas.x.men.Application - Started Application in 0.302 seconds (process running for 4058.565)
02:01:49.159 [restartedMain] INFO  o.s.b.a.l.ConditionEvaluationReportLogger - 

Error starting ApplicationContext. To display the condition evaluation report re-run your application with 'debug' enabled.
02:01:49.160 [restartedMain] ERROR o.s.boot.SpringApplication - Application run failed
java.lang.NoClassDefFoundError: com/sermas/x/men/user_interface/XMenInterface
	at com.sermas.x.men.Application.run(Application.java:35)
	at org.springframework.boot.SpringApplication.lambda$callRunner$5(SpringApplication.java:790)
	at org.springframework.util.function.ThrowingConsumer$1.acceptWithException(ThrowingConsumer.java:83)
	at org.springframework.util.function.ThrowingConsumer.accept(ThrowingConsumer.java:60)
	at org.springframework.util.function.ThrowingConsumer$1.accept(ThrowingConsumer.java:88)
	at org.springframework.boot.SpringApplication.callRunner(SpringApplication.java:798)
	at org.springframework.boot.SpringApplication.callRunner(SpringApplication.java:789)
	at org.springframework.boot.SpringApplication.lambda$callRunners$3(SpringApplication.java:774)
	at java.base/java.util.stream.ForEachOps$ForEachOp$OfRef.accept(ForEachOps.java:184)
	at java.base/java.util.stream.SortedOps$SizedRefSortingSink.end(SortedOps.java:357)
	at java.base/java.util.stream.AbstractPipeline.copyInto(AbstractPipeline.java:510)
	at java.base/java.util.stream.AbstractPipeline.wrapAndCopyInto(AbstractPipeline.java:499)
	at java.base/java.util.stream.ForEachOps$ForEachOp.evaluateSequential(ForEachOps.java:151)
	at java.base/java.util.stream.ForEachOps$ForEachOp$OfRef.evaluateSequential(ForEachOps.java:174)
	at java.base/java.util.stream.AbstractPipeline.evaluate(AbstractPipeline.java:234)
	at java.base/java.util.stream.ReferencePipeline.forEach(ReferencePipeline.java:596)
	at org.springframework.boot.SpringApplication.callRunners(SpringApplication.java:774)
	at org.springframework.boot.SpringApplication.run(SpringApplication.java:342)
	at org.springframework.boot.SpringApplication.run(SpringApplication.java:1363)
	at org.springframework.boot.SpringApplication.run(SpringApplication.java:1352)
	at com.sermas.x.men.Application.main(Application.java:20)
	at java.base/jdk.internal.reflect.DirectMethodHandleAccessor.invoke(DirectMethodHandleAccessor.java:103)
	at java.base/java.lang.reflect.Method.invoke(Method.java:580)
	at org.springframework.boot.devtools.restart.RestartLauncher.run(RestartLauncher.java:50)
Caused by: java.lang.ClassNotFoundException: com.sermas.x.men.user_interface.XMenInterface
	... 24 common frames omitted
02:01:53.417 [restartedMain] INFO  com.sermas.x.men.Application - Starting Application using Java 21.0.11 with PID 68260 (R:\OneDrive - King's College London\Workspace\Projects\SERMAS_KCL\Repositories\X-Men(Spring-Boot)\X-Men_3.0\target\classes started by Rish in R:\OneDrive - King's College London\Workspace\Projects\SERMAS_KCL\Repositories\X-Men(Spring-Boot)\X-Men_3.0)
02:01:53.417 [restartedMain] INFO  com.sermas.x.men.Application - No active profile set, falling back to 1 default profile: "default"
02:01:53.615 [restartedMain] INFO  o.s.b.w.e.tomcat.TomcatWebServer - Tomcat initialized with port 8081 (http)
02:01:53.615 [restartedMain] INFO  o.a.coyote.http11.Http11NioProtocol - Initializing ProtocolHandler ["http-nio-8081"]
02:01:53.615 [restartedMain] INFO  o.a.catalina.core.StandardService - Starting service [Tomcat]
02:01:53.616 [restartedMain] INFO  o.a.catalina.core.StandardEngine - Starting Servlet engine: [Apache Tomcat/10.1.31]
02:01:53.636 [restartedMain] INFO  o.a.c.c.C.[Tomcat-1].[localhost].[/] - Initializing Spring embedded WebApplicationContext
02:01:53.636 [restartedMain] INFO  o.s.b.w.s.c.ServletWebServerApplicationContext - Root WebApplicationContext: initialization completed in 218 ms
02:01:53.685 [restartedMain] INFO  c.s.x.m.s.HaskellDerivationFetcher - HaskellDerivationFetcher initialized with base URL: http://localhost:9091
02:01:53.706 [restartedMain] INFO  c.sermas.x.men.service.SettingsStore - Applied persisted vocabulary from C:\Users\Dell\.xmen\settings.json.
02:01:53.706 [restartedMain] INFO  c.sermas.x.men.service.SettingsStore - Applied persisted active theme 'ocean-cobalt'.
02:01:53.708 [restartedMain] INFO  c.sermas.x.men.service.SettingsStore - Applied persisted UI preferences.
02:01:53.731 [restartedMain] WARN  o.s.b.a.s.s.UserDetailsServiceAutoConfiguration - 

Using generated security password: 68c8cda3-7e1c-4692-91d2-3666ad9c607a

This generated password is for development use only. Your security configuration must be updated before running your application in production.

02:01:53.732 [restartedMain] INFO  o.s.s.c.a.a.c.InitializeUserDetailsBeanManagerConfigurer$InitializeUserDetailsManagerConfigurer - Global AuthenticationManager configured with UserDetailsService bean with name inMemoryUserDetailsManager
02:01:53.774 [restartedMain] INFO  o.s.b.a.e.web.EndpointLinksResolver - Exposing 1 endpoint beneath base path '/actuator'
02:01:53.800 [restartedMain] WARN  o.s.b.a.t.ThymeleafAutoConfiguration$DefaultTemplateResolverConfiguration - Cannot find template location: classpath:/templates/ (please add some templates, check your Thymeleaf configuration, or set spring.thymeleaf.check-template-location=false)
02:01:53.813 [restartedMain] INFO  o.s.b.d.a.OptionalLiveReloadServer - LiveReload server is running on port 35729
02:01:53.817 [restartedMain] INFO  o.a.coyote.http11.Http11NioProtocol - Starting ProtocolHandler ["http-nio-8081"]
02:01:53.819 [restartedMain] INFO  o.s.b.w.e.tomcat.TomcatWebServer - Tomcat started on port 8081 (http) with context path '/'
02:01:53.822 [restartedMain] INFO  com.sermas.x.men.Application - Started Application in 0.423 seconds (process running for 4063.229)
02:01:53.826 [restartedMain] INFO  o.s.b.a.l.ConditionEvaluationReportLogger - 

Error starting ApplicationContext. To display the condition evaluation report re-run your application with 'debug' enabled.
02:01:53.829 [restartedMain] ERROR o.s.boot.SpringApplication - Application run failed
java.lang.IllegalStateException: Application launch must not be called more than once
	at com.sun.javafx.application.LauncherImpl.launchApplication(LauncherImpl.java:176)
	at com.sun.javafx.application.LauncherImpl.launchApplication(LauncherImpl.java:154)
	at javafx.application.Application.launch(Application.java:233)
	at com.sermas.x.men.Application.run(Application.java:55)
	at org.springframework.boot.SpringApplication.lambda$callRunner$5(SpringApplication.java:790)
	at org.springframework.util.function.ThrowingConsumer$1.acceptWithException(ThrowingConsumer.java:83)
	at org.springframework.util.function.ThrowingConsumer.accept(ThrowingConsumer.java:60)
	at org.springframework.util.function.ThrowingConsumer$1.accept(ThrowingConsumer.java:88)
	at org.springframework.boot.SpringApplication.callRunner(SpringApplication.java:798)
	at org.springframework.boot.SpringApplication.callRunner(SpringApplication.java:789)
	at org.springframework.boot.SpringApplication.lambda$callRunners$3(SpringApplication.java:774)
	at java.base/java.util.stream.ForEachOps$ForEachOp$OfRef.accept(ForEachOps.java:184)
	at java.base/java.util.stream.SortedOps$SizedRefSortingSink.end(SortedOps.java:357)
	at java.base/java.util.stream.AbstractPipeline.copyInto(AbstractPipeline.java:510)
	at java.base/java.util.stream.AbstractPipeline.wrapAndCopyInto(AbstractPipeline.java:499)
	at java.base/java.util.stream.ForEachOps$ForEachOp.evaluateSequential(ForEachOps.java:151)
	at java.base/java.util.stream.ForEachOps$ForEachOp$OfRef.evaluateSequential(ForEachOps.java:174)
	at java.base/java.util.stream.AbstractPipeline.evaluate(AbstractPipeline.java:234)
	at java.base/java.util.stream.ReferencePipeline.forEach(ReferencePipeline.java:596)
	at org.springframework.boot.SpringApplication.callRunners(SpringApplication.java:774)
	at org.springframework.boot.SpringApplication.run(SpringApplication.java:342)
	at org.springframework.boot.SpringApplication.run(SpringApplication.java:1363)
	at org.springframework.boot.SpringApplication.run(SpringApplication.java:1352)
	at com.sermas.x.men.Application.main(Application.java:26)
	at java.base/jdk.internal.reflect.DirectMethodHandleAccessor.invoke(DirectMethodHandleAccessor.java:103)
	at java.base/java.lang.reflect.Method.invoke(Method.java:580)
	at org.springframework.boot.devtools.restart.RestartLauncher.run(RestartLauncher.java:50)
02:02:05.266 [restartedMain] INFO  com.sermas.x.men.Application - Starting Application using Java 21.0.11 with PID 23708 (R:\OneDrive - King's College London\Workspace\Projects\SERMAS_KCL\Repositories\X-Men(Spring-Boot)\X-Men_3.0\target\classes started by Rish in R:\OneDrive - King's College London\Workspace\Projects\SERMAS_KCL\Repositories\X-Men(Spring-Boot)\X-Men_3.0)
02:02:05.267 [restartedMain] INFO  com.sermas.x.men.Application - No active profile set, falling back to 1 default profile: "default"
02:02:05.319 [restartedMain] INFO  o.s.b.d.e.DevToolsPropertyDefaultsPostProcessor - Devtools property defaults active! Set 'spring.devtools.add-properties' to 'false' to disable
02:02:06.848 [restartedMain] INFO  o.s.b.w.e.tomcat.TomcatWebServer - Tomcat initialized with port 8081 (http)
02:02:06.860 [restartedMain] INFO  o.a.coyote.http11.Http11NioProtocol - Initializing ProtocolHandler ["http-nio-8081"]
02:02:06.862 [restartedMain] INFO  o.a.catalina.core.StandardService - Starting service [Tomcat]
02:02:06.862 [restartedMain] INFO  o.a.catalina.core.StandardEngine - Starting Servlet engine: [Apache Tomcat/10.1.31]
02:02:06.906 [restartedMain] INFO  o.a.c.c.C.[Tomcat].[localhost].[/] - Initializing Spring embedded WebApplicationContext
02:02:06.907 [restartedMain] INFO  o.s.b.w.s.c.ServletWebServerApplicationContext - Root WebApplicationContext: initialization completed in 1587 ms
02:02:07.408 [restartedMain] INFO  c.s.x.m.s.HaskellDerivationFetcher - HaskellDerivationFetcher initialized with base URL: http://localhost:9091
02:02:07.513 [restartedMain] INFO  c.sermas.x.men.service.SettingsStore - Applied persisted vocabulary from C:\Users\Dell\.xmen\settings.json.
02:02:07.513 [restartedMain] INFO  c.sermas.x.men.service.SettingsStore - Applied persisted active theme 'ocean-cobalt'.
02:02:07.513 [restartedMain] INFO  c.sermas.x.men.service.SettingsStore - Applied persisted UI preferences.
02:02:07.659 [restartedMain] WARN  o.s.b.a.s.s.UserDetailsServiceAutoConfiguration - 

Using generated security password: 237433fd-7d02-4c26-b6b9-c099f34a3316

This generated password is for development use only. Your security configuration must be updated before running your application in production.

02:02:07.687 [restartedMain] INFO  o.s.s.c.a.a.c.InitializeUserDetailsBeanManagerConfigurer$InitializeUserDetailsManagerConfigurer - Global AuthenticationManager configured with UserDetailsService bean with name inMemoryUserDetailsManager
02:02:08.041 [restartedMain] INFO  o.s.b.a.e.web.EndpointLinksResolver - Exposing 1 endpoint beneath base path '/actuator'
02:02:08.297 [restartedMain] WARN  o.s.b.a.t.ThymeleafAutoConfiguration$DefaultTemplateResolverConfiguration - Cannot find template location: classpath:/templates/ (please add some templates, check your Thymeleaf configuration, or set spring.thymeleaf.check-template-location=false)
02:02:08.513 [restartedMain] WARN  o.s.b.d.a.OptionalLiveReloadServer - Unable to start LiveReload server
02:02:08.567 [restartedMain] INFO  o.a.coyote.http11.Http11NioProtocol - Starting ProtocolHandler ["http-nio-8081"]
02:02:08.596 [restartedMain] INFO  o.s.b.w.e.tomcat.TomcatWebServer - Tomcat started on port 8081 (http) with context path '/'
02:02:08.612 [restartedMain] INFO  com.sermas.x.men.Application - Started Application in 3.779 seconds (process running for 4.314)
02:02:08.716 [JavaFX-Launcher] WARN  javafx - Unsupported JavaFX configuration: classes were loaded from 'unnamed module @2473b9ce'
02:02:09.308 [JavaFX Application Thread] INFO  c.s.x.m.user_interface.XMenInterface - Splash video 'X - Men 2.0.mp4' loaded; playing at 1280.0x800.0 with audio.
02:02:21.564 [http-nio-8081-exec-1] INFO  o.a.c.c.C.[Tomcat].[localhost].[/] - Initializing Spring DispatcherServlet 'dispatcherServlet'
02:02:21.564 [http-nio-8081-exec-1] INFO  o.s.web.servlet.DispatcherServlet - Initializing Servlet 'dispatcherServlet'
02:02:21.567 [http-nio-8081-exec-1] INFO  o.s.web.servlet.DispatcherServlet - Completed initialization in 3 ms
02:02:49.350 [restartedMain] INFO  com.sermas.x.men.Application - Starting Application using Java 21.0.11 with PID 68260 (R:\OneDrive - King's College London\Workspace\Projects\SERMAS_KCL\Repositories\X-Men(Spring-Boot)\X-Men_3.0\target\classes started by Rish in R:\OneDrive - King's College London\Workspace\Projects\SERMAS_KCL\Repositories\X-Men(Spring-Boot)\X-Men_3.0)
02:02:49.351 [restartedMain] INFO  com.sermas.x.men.Application - No active profile set, falling back to 1 default profile: "default"
02:02:49.624 [restartedMain] INFO  o.s.b.w.e.tomcat.TomcatWebServer - Tomcat initialized with port 8081 (http)
02:02:49.625 [restartedMain] INFO  o.a.coyote.http11.Http11NioProtocol - Initializing ProtocolHandler ["http-nio-8081"]
02:02:49.625 [restartedMain] INFO  o.a.catalina.core.StandardService - Starting service [Tomcat]
02:02:49.625 [restartedMain] INFO  o.a.catalina.core.StandardEngine - Starting Servlet engine: [Apache Tomcat/10.1.31]
02:02:49.641 [restartedMain] INFO  o.a.c.c.C.[Tomcat-1].[localhost].[/] - Initializing Spring embedded WebApplicationContext
02:02:49.641 [restartedMain] INFO  o.s.b.w.s.c.ServletWebServerApplicationContext - Root WebApplicationContext: initialization completed in 288 ms
02:02:49.733 [restartedMain] WARN  o.s.b.a.t.ThymeleafAutoConfiguration$DefaultTemplateResolverConfiguration - Cannot find template location: classpath:/templates/ (please add some templates, check your Thymeleaf configuration, or set spring.thymeleaf.check-template-location=false)
02:02:49.770 [restartedMain] WARN  o.s.b.a.s.s.UserDetailsServiceAutoConfiguration - 

Using generated security password: 67de15e5-f3a1-4dcb-b514-e59a96e328b6

This generated password is for development use only. Your security configuration must be updated before running your application in production.

02:02:49.772 [restartedMain] INFO  o.s.s.c.a.a.c.InitializeUserDetailsBeanManagerConfigurer$InitializeUserDetailsManagerConfigurer - Global AuthenticationManager configured with UserDetailsService bean with name inMemoryUserDetailsManager
02:02:49.776 [restartedMain] INFO  o.s.b.a.e.web.EndpointLinksResolver - Exposing 1 endpoint beneath base path '/actuator'
02:02:49.786 [restartedMain] INFO  o.s.b.d.a.OptionalLiveReloadServer - LiveReload server is running on port 35729
02:02:49.792 [restartedMain] INFO  o.a.coyote.http11.Http11NioProtocol - Starting ProtocolHandler ["http-nio-8081"]
02:02:49.796 [restartedMain] INFO  o.s.b.w.e.tomcat.TomcatWebServer - Tomcat started on port 8081 (http) with context path '/'
02:02:49.799 [restartedMain] INFO  com.sermas.x.men.Application - Started Application in 0.484 seconds (process running for 4119.206)
02:02:49.801 [restartedMain] INFO  o.s.b.a.l.ConditionEvaluationReportLogger - 

Error starting ApplicationContext. To display the condition evaluation report re-run your application with 'debug' enabled.
02:02:49.803 [restartedMain] ERROR o.s.boot.SpringApplication - Application run failed
java.lang.NoClassDefFoundError: com/sermas/x/men/user_interface/XMenInterface
	at com.sermas.x.men.Application.run(Application.java:35)
	at org.springframework.boot.SpringApplication.lambda$callRunner$5(SpringApplication.java:790)
	at org.springframework.util.function.ThrowingConsumer$1.acceptWithException(ThrowingConsumer.java:83)
	at org.springframework.util.function.ThrowingConsumer.accept(ThrowingConsumer.java:60)
	at org.springframework.util.function.ThrowingConsumer$1.accept(ThrowingConsumer.java:88)
	at org.springframework.boot.SpringApplication.callRunner(SpringApplication.java:798)
	at org.springframework.boot.SpringApplication.callRunner(SpringApplication.java:789)
	at org.springframework.boot.SpringApplication.lambda$callRunners$3(SpringApplication.java:774)
	at java.base/java.util.stream.ForEachOps$ForEachOp$OfRef.accept(ForEachOps.java:184)
	at java.base/java.util.stream.SortedOps$SizedRefSortingSink.end(SortedOps.java:357)
	at java.base/java.util.stream.AbstractPipeline.copyInto(AbstractPipeline.java:510)
	at java.base/java.util.stream.AbstractPipeline.wrapAndCopyInto(AbstractPipeline.java:499)
	at java.base/java.util.stream.ForEachOps$ForEachOp.evaluateSequential(ForEachOps.java:151)
	at java.base/java.util.stream.ForEachOps$ForEachOp$OfRef.evaluateSequential(ForEachOps.java:174)
	at java.base/java.util.stream.AbstractPipeline.evaluate(AbstractPipeline.java:234)
	at java.base/java.util.stream.ReferencePipeline.forEach(ReferencePipeline.java:596)
	at org.springframework.boot.SpringApplication.callRunners(SpringApplication.java:774)
	at org.springframework.boot.SpringApplication.run(SpringApplication.java:342)
	at org.springframework.boot.SpringApplication.run(SpringApplication.java:1363)
	at org.springframework.boot.SpringApplication.run(SpringApplication.java:1352)
	at com.sermas.x.men.Application.main(Application.java:20)
	at java.base/jdk.internal.reflect.DirectMethodHandleAccessor.invoke(DirectMethodHandleAccessor.java:103)
	at java.base/java.lang.reflect.Method.invoke(Method.java:580)
	at org.springframework.boot.devtools.restart.RestartLauncher.run(RestartLauncher.java:50)
Caused by: java.lang.ClassNotFoundException: com.sermas.x.men.user_interface.XMenInterface
	... 24 common frames omitted
02:02:56.121 [restartedMain] INFO  com.sermas.x.men.Application - Starting Application using Java 21.0.11 with PID 68260 (R:\OneDrive - King's College London\Workspace\Projects\SERMAS_KCL\Repositories\X-Men(Spring-Boot)\X-Men_3.0\target\classes started by Rish in R:\OneDrive - King's College London\Workspace\Projects\SERMAS_KCL\Repositories\X-Men(Spring-Boot)\X-Men_3.0)
02:02:56.121 [restartedMain] INFO  com.sermas.x.men.Application - No active profile set, falling back to 1 default profile: "default"
02:02:56.496 [restartedMain] INFO  o.s.b.w.e.tomcat.TomcatWebServer - Tomcat initialized with port 8081 (http)
02:02:56.497 [restartedMain] INFO  o.a.coyote.http11.Http11NioProtocol - Initializing ProtocolHandler ["http-nio-8081"]
02:02:56.497 [restartedMain] INFO  o.a.catalina.core.StandardService - Starting service [Tomcat]
02:02:56.497 [restartedMain] INFO  o.a.catalina.core.StandardEngine - Starting Servlet engine: [Apache Tomcat/10.1.31]
02:02:56.514 [restartedMain] INFO  o.a.c.c.C.[Tomcat-1].[localhost].[/] - Initializing Spring embedded WebApplicationContext
02:02:56.514 [restartedMain] INFO  o.s.b.w.s.c.ServletWebServerApplicationContext - Root WebApplicationContext: initialization completed in 391 ms
02:02:56.588 [restartedMain] INFO  c.s.x.m.s.HaskellDerivationFetcher - HaskellDerivationFetcher initialized with base URL: http://localhost:9091
02:02:56.612 [restartedMain] INFO  c.sermas.x.men.service.SettingsStore - Applied persisted vocabulary from C:\Users\Dell\.xmen\settings.json.
02:02:56.612 [restartedMain] INFO  c.sermas.x.men.service.SettingsStore - Applied persisted active theme 'ocean-cobalt'.
02:02:56.612 [restartedMain] INFO  c.sermas.x.men.service.SettingsStore - Applied persisted UI preferences.
02:02:56.642 [restartedMain] WARN  o.s.b.a.s.s.UserDetailsServiceAutoConfiguration - 

Using generated security password: 8602b8e3-d653-4186-b088-f3fd990c96f1

This generated password is for development use only. Your security configuration must be updated before running your application in production.

02:02:56.643 [restartedMain] INFO  o.s.s.c.a.a.c.InitializeUserDetailsBeanManagerConfigurer$InitializeUserDetailsManagerConfigurer - Global AuthenticationManager configured with UserDetailsService bean with name inMemoryUserDetailsManager
02:02:56.701 [restartedMain] INFO  o.s.b.a.e.web.EndpointLinksResolver - Exposing 1 endpoint beneath base path '/actuator'
02:02:56.723 [restartedMain] WARN  o.s.b.a.t.ThymeleafAutoConfiguration$DefaultTemplateResolverConfiguration - Cannot find template location: classpath:/templates/ (please add some templates, check your Thymeleaf configuration, or set spring.thymeleaf.check-template-location=false)
02:02:56.764 [restartedMain] INFO  o.s.b.d.a.OptionalLiveReloadServer - LiveReload server is running on port 35729
02:02:56.774 [restartedMain] INFO  o.a.coyote.http11.Http11NioProtocol - Starting ProtocolHandler ["http-nio-8081"]
02:02:56.778 [restartedMain] INFO  o.s.b.w.e.tomcat.TomcatWebServer - Tomcat started on port 8081 (http) with context path '/'
02:02:56.782 [restartedMain] INFO  com.sermas.x.men.Application - Started Application in 0.703 seconds (process running for 4126.189)
02:02:56.787 [restartedMain] INFO  o.s.b.a.l.ConditionEvaluationReportLogger - 

Error starting ApplicationContext. To display the condition evaluation report re-run your application with 'debug' enabled.
02:02:56.790 [restartedMain] ERROR o.s.boot.SpringApplication - Application run failed
java.lang.IllegalStateException: Application launch must not be called more than once
	at com.sun.javafx.application.LauncherImpl.launchApplication(LauncherImpl.java:176)
	at com.sun.javafx.application.LauncherImpl.launchApplication(LauncherImpl.java:154)
	at javafx.application.Application.launch(Application.java:233)
	at com.sermas.x.men.Application.run(Application.java:55)
	at org.springframework.boot.SpringApplication.lambda$callRunner$5(SpringApplication.java:790)
	at org.springframework.util.function.ThrowingConsumer$1.acceptWithException(ThrowingConsumer.java:83)
	at org.springframework.util.function.ThrowingConsumer.accept(ThrowingConsumer.java:60)
	at org.springframework.util.function.ThrowingConsumer$1.accept(ThrowingConsumer.java:88)
	at org.springframework.boot.SpringApplication.callRunner(SpringApplication.java:798)
	at org.springframework.boot.SpringApplication.callRunner(SpringApplication.java:789)
	at org.springframework.boot.SpringApplication.lambda$callRunners$3(SpringApplication.java:774)
	at java.base/java.util.stream.ForEachOps$ForEachOp$OfRef.accept(ForEachOps.java:184)
	at java.base/java.util.stream.SortedOps$SizedRefSortingSink.end(SortedOps.java:357)
	at java.base/java.util.stream.AbstractPipeline.copyInto(AbstractPipeline.java:510)
	at java.base/java.util.stream.AbstractPipeline.wrapAndCopyInto(AbstractPipeline.java:499)
	at java.base/java.util.stream.ForEachOps$ForEachOp.evaluateSequential(ForEachOps.java:151)
	at java.base/java.util.stream.ForEachOps$ForEachOp$OfRef.evaluateSequential(ForEachOps.java:174)
	at java.base/java.util.stream.AbstractPipeline.evaluate(AbstractPipeline.java:234)
	at java.base/java.util.stream.ReferencePipeline.forEach(ReferencePipeline.java:596)
	at org.springframework.boot.SpringApplication.callRunners(SpringApplication.java:774)
	at org.springframework.boot.SpringApplication.run(SpringApplication.java:342)
	at org.springframework.boot.SpringApplication.run(SpringApplication.java:1363)
	at org.springframework.boot.SpringApplication.run(SpringApplication.java:1352)
	at com.sermas.x.men.Application.main(Application.java:26)
	at java.base/jdk.internal.reflect.DirectMethodHandleAccessor.invoke(DirectMethodHandleAccessor.java:103)
	at java.base/java.lang.reflect.Method.invoke(Method.java:580)
	at org.springframework.boot.devtools.restart.RestartLauncher.run(RestartLauncher.java:50)
02:03:00.446 [main] INFO  c.s.x.m.s.chatbot.ChatBotService - Extracted 6 AIML brain resources into C:\Users\Dell\AppData\Local\Temp\xmen-aiml-14101863188804626108\xmen
02:03:00.453 [main] INFO  c.s.x.m.s.chatbot.ChatBotService - Loading X-Men AIML brain from C:\Users\Dell\AppData\Local\Temp\xmen-aiml-14101863188804626108\xmen\
02:03:00.666 [main] INFO  c.s.x.m.s.chatbot.ChatBotService - ChatBotService status: AIML brain loaded from C:\Users\Dell\AppData\Local\Temp\xmen-aiml-14101863188804626108\xmen\
02:03:15.969 [restartedMain] INFO  com.sermas.x.men.Application - Starting Application using Java 21.0.11 with PID 68260 (R:\OneDrive - King's College London\Workspace\Projects\SERMAS_KCL\Repositories\X-Men(Spring-Boot)\X-Men_3.0\target\classes started by Rish in R:\OneDrive - King's College London\Workspace\Projects\SERMAS_KCL\Repositories\X-Men(Spring-Boot)\X-Men_3.0)
02:03:15.970 [restartedMain] INFO  com.sermas.x.men.Application - No active profile set, falling back to 1 default profile: "default"
02:03:16.240 [restartedMain] INFO  o.s.b.w.e.tomcat.TomcatWebServer - Tomcat initialized with port 8081 (http)
02:03:16.240 [restartedMain] INFO  o.a.coyote.http11.Http11NioProtocol - Initializing ProtocolHandler ["http-nio-8081"]
02:03:16.240 [restartedMain] INFO  o.a.catalina.core.StandardService - Starting service [Tomcat]
02:03:16.241 [restartedMain] INFO  o.a.catalina.core.StandardEngine - Starting Servlet engine: [Apache Tomcat/10.1.31]
02:03:16.257 [restartedMain] INFO  o.a.c.c.C.[Tomcat-1].[localhost].[/] - Initializing Spring embedded WebApplicationContext
02:03:16.257 [restartedMain] INFO  o.s.b.w.s.c.ServletWebServerApplicationContext - Root WebApplicationContext: initialization completed in 286 ms
02:03:16.320 [restartedMain] WARN  o.s.b.a.t.ThymeleafAutoConfiguration$DefaultTemplateResolverConfiguration - Cannot find template location: classpath:/templates/ (please add some templates, check your Thymeleaf configuration, or set spring.thymeleaf.check-template-location=false)
02:03:16.346 [restartedMain] WARN  o.s.b.a.s.s.UserDetailsServiceAutoConfiguration - 

Using generated security password: 5e198a69-3bb5-4fa3-975f-ca52b022c6c4

This generated password is for development use only. Your security configuration must be updated before running your application in production.

02:03:16.347 [restartedMain] INFO  o.s.s.c.a.a.c.InitializeUserDetailsBeanManagerConfigurer$InitializeUserDetailsManagerConfigurer - Global AuthenticationManager configured with UserDetailsService bean with name inMemoryUserDetailsManager
02:03:16.350 [restartedMain] INFO  o.s.b.a.e.web.EndpointLinksResolver - Exposing 1 endpoint beneath base path '/actuator'
02:03:16.362 [restartedMain] INFO  o.s.b.d.a.OptionalLiveReloadServer - LiveReload server is running on port 35729
02:03:16.368 [restartedMain] INFO  o.a.coyote.http11.Http11NioProtocol - Starting ProtocolHandler ["http-nio-8081"]
02:03:16.372 [restartedMain] INFO  o.s.b.w.e.tomcat.TomcatWebServer - Tomcat started on port 8081 (http) with context path '/'
02:03:16.376 [restartedMain] INFO  com.sermas.x.men.Application - Started Application in 0.453 seconds (process running for 4145.782)
02:03:16.377 [restartedMain] INFO  o.s.b.a.l.ConditionEvaluationReportLogger - 

Error starting ApplicationContext. To display the condition evaluation report re-run your application with 'debug' enabled.
02:03:16.381 [restartedMain] ERROR o.s.boot.SpringApplication - Application run failed
java.lang.NoClassDefFoundError: com/sermas/x/men/user_interface/XMenInterface
	at com.sermas.x.men.Application.run(Application.java:35)
	at org.springframework.boot.SpringApplication.lambda$callRunner$5(SpringApplication.java:790)
	at org.springframework.util.function.ThrowingConsumer$1.acceptWithException(ThrowingConsumer.java:83)
	at org.springframework.util.function.ThrowingConsumer.accept(ThrowingConsumer.java:60)
	at org.springframework.util.function.ThrowingConsumer$1.accept(ThrowingConsumer.java:88)
	at org.springframework.boot.SpringApplication.callRunner(SpringApplication.java:798)
	at org.springframework.boot.SpringApplication.callRunner(SpringApplication.java:789)
	at org.springframework.boot.SpringApplication.lambda$callRunners$3(SpringApplication.java:774)
	at java.base/java.util.stream.ForEachOps$ForEachOp$OfRef.accept(ForEachOps.java:184)
	at java.base/java.util.stream.SortedOps$SizedRefSortingSink.end(SortedOps.java:357)
	at java.base/java.util.stream.AbstractPipeline.copyInto(AbstractPipeline.java:510)
	at java.base/java.util.stream.AbstractPipeline.wrapAndCopyInto(AbstractPipeline.java:499)
	at java.base/java.util.stream.ForEachOps$ForEachOp.evaluateSequential(ForEachOps.java:151)
	at java.base/java.util.stream.ForEachOps$ForEachOp$OfRef.evaluateSequential(ForEachOps.java:174)
	at java.base/java.util.stream.AbstractPipeline.evaluate(AbstractPipeline.java:234)
	at java.base/java.util.stream.ReferencePipeline.forEach(ReferencePipeline.java:596)
	at org.springframework.boot.SpringApplication.callRunners(SpringApplication.java:774)
	at org.springframework.boot.SpringApplication.run(SpringApplication.java:342)
	at org.springframework.boot.SpringApplication.run(SpringApplication.java:1363)
	at org.springframework.boot.SpringApplication.run(SpringApplication.java:1352)
	at com.sermas.x.men.Application.main(Application.java:20)
	at java.base/jdk.internal.reflect.DirectMethodHandleAccessor.invoke(DirectMethodHandleAccessor.java:103)
	at java.base/java.lang.reflect.Method.invoke(Method.java:580)
	at org.springframework.boot.devtools.restart.RestartLauncher.run(RestartLauncher.java:50)
Caused by: java.lang.ClassNotFoundException: com.sermas.x.men.user_interface.XMenInterface
	... 24 common frames omitted
02:03:23.093 [restartedMain] INFO  com.sermas.x.men.Application - Starting Application using Java 21.0.11 with PID 68260 (R:\OneDrive - King's College London\Workspace\Projects\SERMAS_KCL\Repositories\X-Men(Spring-Boot)\X-Men_3.0\target\classes started by Rish in R:\OneDrive - King's College London\Workspace\Projects\SERMAS_KCL\Repositories\X-Men(Spring-Boot)\X-Men_3.0)
02:03:23.094 [restartedMain] INFO  com.sermas.x.men.Application - No active profile set, falling back to 1 default profile: "default"
02:03:23.378 [restartedMain] INFO  o.s.b.w.e.tomcat.TomcatWebServer - Tomcat initialized with port 8081 (http)
02:03:23.378 [restartedMain] INFO  o.a.coyote.http11.Http11NioProtocol - Initializing ProtocolHandler ["http-nio-8081"]
02:03:23.379 [restartedMain] INFO  o.a.catalina.core.StandardService - Starting service [Tomcat]
02:03:23.379 [restartedMain] INFO  o.a.catalina.core.StandardEngine - Starting Servlet engine: [Apache Tomcat/10.1.31]
02:03:23.400 [restartedMain] INFO  o.a.c.c.C.[Tomcat-1].[localhost].[/] - Initializing Spring embedded WebApplicationContext
02:03:23.400 [restartedMain] INFO  o.s.b.w.s.c.ServletWebServerApplicationContext - Root WebApplicationContext: initialization completed in 305 ms
02:03:23.466 [restartedMain] INFO  c.s.x.m.s.HaskellDerivationFetcher - HaskellDerivationFetcher initialized with base URL: http://localhost:9091
02:03:23.486 [restartedMain] INFO  c.sermas.x.men.service.SettingsStore - Applied persisted vocabulary from C:\Users\Dell\.xmen\settings.json.
02:03:23.486 [restartedMain] INFO  c.sermas.x.men.service.SettingsStore - Applied persisted active theme 'ocean-cobalt'.
02:03:23.487 [restartedMain] INFO  c.sermas.x.men.service.SettingsStore - Applied persisted UI preferences.
02:03:23.504 [restartedMain] WARN  o.s.b.a.s.s.UserDetailsServiceAutoConfiguration - 

Using generated security password: f2631ce9-950a-46cd-a572-25f4c11b1ab6

This generated password is for development use only. Your security configuration must be updated before running your application in production.

02:03:23.505 [restartedMain] INFO  o.s.s.c.a.a.c.InitializeUserDetailsBeanManagerConfigurer$InitializeUserDetailsManagerConfigurer - Global AuthenticationManager configured with UserDetailsService bean with name inMemoryUserDetailsManager
02:03:23.541 [restartedMain] INFO  o.s.b.a.e.web.EndpointLinksResolver - Exposing 1 endpoint beneath base path '/actuator'
02:03:23.572 [restartedMain] WARN  o.s.b.a.t.ThymeleafAutoConfiguration$DefaultTemplateResolverConfiguration - Cannot find template location: classpath:/templates/ (please add some templates, check your Thymeleaf configuration, or set spring.thymeleaf.check-template-location=false)
02:03:23.594 [restartedMain] INFO  o.s.b.d.a.OptionalLiveReloadServer - LiveReload server is running on port 35729
02:03:23.605 [restartedMain] INFO  o.a.coyote.http11.Http11NioProtocol - Starting ProtocolHandler ["http-nio-8081"]
02:03:23.611 [restartedMain] INFO  o.s.b.w.e.tomcat.TomcatWebServer - Tomcat started on port 8081 (http) with context path '/'
02:03:23.616 [restartedMain] INFO  com.sermas.x.men.Application - Started Application in 0.543 seconds (process running for 4153.022)
02:03:23.620 [restartedMain] INFO  o.s.b.a.l.ConditionEvaluationReportLogger - 

Error starting ApplicationContext. To display the condition evaluation report re-run your application with 'debug' enabled.
02:03:23.622 [restartedMain] ERROR o.s.boot.SpringApplication - Application run failed
java.lang.IllegalStateException: Application launch must not be called more than once
	at com.sun.javafx.application.LauncherImpl.launchApplication(LauncherImpl.java:176)
	at com.sun.javafx.application.LauncherImpl.launchApplication(LauncherImpl.java:154)
	at javafx.application.Application.launch(Application.java:233)
	at com.sermas.x.men.Application.run(Application.java:55)
	at org.springframework.boot.SpringApplication.lambda$callRunner$5(SpringApplication.java:790)
	at org.springframework.util.function.ThrowingConsumer$1.acceptWithException(ThrowingConsumer.java:83)
	at org.springframework.util.function.ThrowingConsumer.accept(ThrowingConsumer.java:60)
	at org.springframework.util.function.ThrowingConsumer$1.accept(ThrowingConsumer.java:88)
	at org.springframework.boot.SpringApplication.callRunner(SpringApplication.java:798)
	at org.springframework.boot.SpringApplication.callRunner(SpringApplication.java:789)
	at org.springframework.boot.SpringApplication.lambda$callRunners$3(SpringApplication.java:774)
	at java.base/java.util.stream.ForEachOps$ForEachOp$OfRef.accept(ForEachOps.java:184)
	at java.base/java.util.stream.SortedOps$SizedRefSortingSink.end(SortedOps.java:357)
	at java.base/java.util.stream.AbstractPipeline.copyInto(AbstractPipeline.java:510)
	at java.base/java.util.stream.AbstractPipeline.wrapAndCopyInto(AbstractPipeline.java:499)
	at java.base/java.util.stream.ForEachOps$ForEachOp.evaluateSequential(ForEachOps.java:151)
	at java.base/java.util.stream.ForEachOps$ForEachOp$OfRef.evaluateSequential(ForEachOps.java:174)
	at java.base/java.util.stream.AbstractPipeline.evaluate(AbstractPipeline.java:234)
	at java.base/java.util.stream.ReferencePipeline.forEach(ReferencePipeline.java:596)
	at org.springframework.boot.SpringApplication.callRunners(SpringApplication.java:774)
	at org.springframework.boot.SpringApplication.run(SpringApplication.java:342)
	at org.springframework.boot.SpringApplication.run(SpringApplication.java:1363)
	at org.springframework.boot.SpringApplication.run(SpringApplication.java:1352)
	at com.sermas.x.men.Application.main(Application.java:26)
	at java.base/jdk.internal.reflect.DirectMethodHandleAccessor.invoke(DirectMethodHandleAccessor.java:103)
	at java.base/java.lang.reflect.Method.invoke(Method.java:580)
	at org.springframework.boot.devtools.restart.RestartLauncher.run(RestartLauncher.java:50)
02:03:27.225 [main] INFO  c.s.x.m.s.chatbot.ChatBotService - Extracted 6 AIML brain resources into C:\Users\Dell\AppData\Local\Temp\xmen-aiml-17831776178556408658\xmen
02:03:27.233 [main] INFO  c.s.x.m.s.chatbot.ChatBotService - Loading X-Men AIML brain from C:\Users\Dell\AppData\Local\Temp\xmen-aiml-17831776178556408658\xmen\
02:03:27.462 [main] INFO  c.s.x.m.s.chatbot.ChatBotService - ChatBotService status: AIML brain loaded from C:\Users\Dell\AppData\Local\Temp\xmen-aiml-17831776178556408658\xmen\
02:05:32.960 [restartedMain] INFO  com.sermas.x.men.Application - Starting Application using Java 21.0.11 with PID 68260 (R:\OneDrive - King's College London\Workspace\Projects\SERMAS_KCL\Repositories\X-Men(Spring-Boot)\X-Men_3.0\target\classes started by Rish in R:\OneDrive - King's College London\Workspace\Projects\SERMAS_KCL\Repositories\X-Men(Spring-Boot)\X-Men_3.0)
02:05:32.961 [restartedMain] INFO  com.sermas.x.men.Application - No active profile set, falling back to 1 default profile: "default"
02:05:33.357 [restartedMain] INFO  o.s.b.w.e.tomcat.TomcatWebServer - Tomcat initialized with port 8081 (http)
02:05:33.358 [restartedMain] INFO  o.a.coyote.http11.Http11NioProtocol - Initializing ProtocolHandler ["http-nio-8081"]
02:05:33.358 [restartedMain] INFO  o.a.catalina.core.StandardService - Starting service [Tomcat]
02:05:33.358 [restartedMain] INFO  o.a.catalina.core.StandardEngine - Starting Servlet engine: [Apache Tomcat/10.1.31]
02:05:33.388 [restartedMain] INFO  o.a.c.c.C.[Tomcat-1].[localhost].[/] - Initializing Spring embedded WebApplicationContext
02:05:33.388 [restartedMain] INFO  o.s.b.w.s.c.ServletWebServerApplicationContext - Root WebApplicationContext: initialization completed in 425 ms
02:05:33.496 [restartedMain] WARN  o.s.b.a.t.ThymeleafAutoConfiguration$DefaultTemplateResolverConfiguration - Cannot find template location: classpath:/templates/ (please add some templates, check your Thymeleaf configuration, or set spring.thymeleaf.check-template-location=false)
02:05:33.551 [restartedMain] WARN  o.s.b.a.s.s.UserDetailsServiceAutoConfiguration - 

Using generated security password: ae369491-dc6e-4a82-a22b-b090643714ae

This generated password is for development use only. Your security configuration must be updated before running your application in production.

02:05:33.554 [restartedMain] INFO  o.s.s.c.a.a.c.InitializeUserDetailsBeanManagerConfigurer$InitializeUserDetailsManagerConfigurer - Global AuthenticationManager configured with UserDetailsService bean with name inMemoryUserDetailsManager
02:05:33.564 [restartedMain] INFO  o.s.b.a.e.web.EndpointLinksResolver - Exposing 1 endpoint beneath base path '/actuator'
02:05:33.578 [restartedMain] INFO  o.s.b.d.a.OptionalLiveReloadServer - LiveReload server is running on port 35729
02:05:33.586 [restartedMain] INFO  o.a.coyote.http11.Http11NioProtocol - Starting ProtocolHandler ["http-nio-8081"]
02:05:33.593 [restartedMain] INFO  o.s.b.w.e.tomcat.TomcatWebServer - Tomcat started on port 8081 (http) with context path '/'
02:05:33.597 [restartedMain] INFO  com.sermas.x.men.Application - Started Application in 0.726 seconds (process running for 4283.004)
02:05:33.599 [restartedMain] INFO  o.s.b.a.l.ConditionEvaluationReportLogger - 

Error starting ApplicationContext. To display the condition evaluation report re-run your application with 'debug' enabled.
02:05:33.603 [restartedMain] ERROR o.s.boot.SpringApplication - Application run failed
java.lang.NoClassDefFoundError: com/sermas/x/men/user_interface/XMenInterface
	at com.sermas.x.men.Application.run(Application.java:35)
	at org.springframework.boot.SpringApplication.lambda$callRunner$5(SpringApplication.java:790)
	at org.springframework.util.function.ThrowingConsumer$1.acceptWithException(ThrowingConsumer.java:83)
	at org.springframework.util.function.ThrowingConsumer.accept(ThrowingConsumer.java:60)
	at org.springframework.util.function.ThrowingConsumer$1.accept(ThrowingConsumer.java:88)
	at org.springframework.boot.SpringApplication.callRunner(SpringApplication.java:798)
	at org.springframework.boot.SpringApplication.callRunner(SpringApplication.java:789)
	at org.springframework.boot.SpringApplication.lambda$callRunners$3(SpringApplication.java:774)
	at java.base/java.util.stream.ForEachOps$ForEachOp$OfRef.accept(ForEachOps.java:184)
	at java.base/java.util.stream.SortedOps$SizedRefSortingSink.end(SortedOps.java:357)
	at java.base/java.util.stream.AbstractPipeline.copyInto(AbstractPipeline.java:510)
	at java.base/java.util.stream.AbstractPipeline.wrapAndCopyInto(AbstractPipeline.java:499)
	at java.base/java.util.stream.ForEachOps$ForEachOp.evaluateSequential(ForEachOps.java:151)
	at java.base/java.util.stream.ForEachOps$ForEachOp$OfRef.evaluateSequential(ForEachOps.java:174)
	at java.base/java.util.stream.AbstractPipeline.evaluate(AbstractPipeline.java:234)
	at java.base/java.util.stream.ReferencePipeline.forEach(ReferencePipeline.java:596)
	at org.springframework.boot.SpringApplication.callRunners(SpringApplication.java:774)
	at org.springframework.boot.SpringApplication.run(SpringApplication.java:342)
	at org.springframework.boot.SpringApplication.run(SpringApplication.java:1363)
	at org.springframework.boot.SpringApplication.run(SpringApplication.java:1352)
	at com.sermas.x.men.Application.main(Application.java:20)
	at java.base/jdk.internal.reflect.DirectMethodHandleAccessor.invoke(DirectMethodHandleAccessor.java:103)
	at java.base/java.lang.reflect.Method.invoke(Method.java:580)
	at org.springframework.boot.devtools.restart.RestartLauncher.run(RestartLauncher.java:50)
Caused by: java.lang.ClassNotFoundException: com.sermas.x.men.user_interface.XMenInterface
	... 24 common frames omitted
02:05:39.351 [restartedMain] INFO  com.sermas.x.men.Application - Starting Application using Java 21.0.11 with PID 68260 (R:\OneDrive - King's College London\Workspace\Projects\SERMAS_KCL\Repositories\X-Men(Spring-Boot)\X-Men_3.0\target\classes started by Rish in R:\OneDrive - King's College London\Workspace\Projects\SERMAS_KCL\Repositories\X-Men(Spring-Boot)\X-Men_3.0)
02:05:39.353 [restartedMain] INFO  com.sermas.x.men.Application - No active profile set, falling back to 1 default profile: "default"
02:05:39.787 [restartedMain] INFO  o.s.b.w.e.tomcat.TomcatWebServer - Tomcat initialized with port 8081 (http)
02:05:39.788 [restartedMain] INFO  o.a.coyote.http11.Http11NioProtocol - Initializing ProtocolHandler ["http-nio-8081"]
02:05:39.788 [restartedMain] INFO  o.a.catalina.core.StandardService - Starting service [Tomcat]
02:05:39.788 [restartedMain] INFO  o.a.catalina.core.StandardEngine - Starting Servlet engine: [Apache Tomcat/10.1.31]
02:05:39.810 [restartedMain] INFO  o.a.c.c.C.[Tomcat-1].[localhost].[/] - Initializing Spring embedded WebApplicationContext
02:05:39.810 [restartedMain] INFO  o.s.b.w.s.c.ServletWebServerApplicationContext - Root WebApplicationContext: initialization completed in 455 ms
02:05:39.882 [restartedMain] INFO  c.s.x.m.s.HaskellDerivationFetcher - HaskellDerivationFetcher initialized with base URL: http://localhost:9091
02:05:39.915 [restartedMain] INFO  c.sermas.x.men.service.SettingsStore - Applied persisted vocabulary from C:\Users\Dell\.xmen\settings.json.
02:05:39.916 [restartedMain] INFO  c.sermas.x.men.service.SettingsStore - Applied persisted active theme 'ocean-cobalt'.
02:05:39.916 [restartedMain] INFO  c.sermas.x.men.service.SettingsStore - Applied persisted UI preferences.
02:05:39.937 [restartedMain] WARN  o.s.b.a.s.s.UserDetailsServiceAutoConfiguration - 

Using generated security password: 922ec87e-c252-4fa7-b2df-7db37e3bb07d

This generated password is for development use only. Your security configuration must be updated before running your application in production.

02:05:39.938 [restartedMain] INFO  o.s.s.c.a.a.c.InitializeUserDetailsBeanManagerConfigurer$InitializeUserDetailsManagerConfigurer - Global AuthenticationManager configured with UserDetailsService bean with name inMemoryUserDetailsManager
02:05:39.999 [restartedMain] INFO  o.s.b.a.e.web.EndpointLinksResolver - Exposing 1 endpoint beneath base path '/actuator'
02:05:40.028 [restartedMain] WARN  o.s.b.a.t.ThymeleafAutoConfiguration$DefaultTemplateResolverConfiguration - Cannot find template location: classpath:/templates/ (please add some templates, check your Thymeleaf configuration, or set spring.thymeleaf.check-template-location=false)
02:05:40.053 [restartedMain] INFO  o.s.b.d.a.OptionalLiveReloadServer - LiveReload server is running on port 35729
02:05:40.061 [restartedMain] INFO  o.a.coyote.http11.Http11NioProtocol - Starting ProtocolHandler ["http-nio-8081"]
02:05:40.065 [restartedMain] INFO  o.s.b.w.e.tomcat.TomcatWebServer - Tomcat started on port 8081 (http) with context path '/'
02:05:40.069 [restartedMain] INFO  com.sermas.x.men.Application - Started Application in 0.754 seconds (process running for 4289.476)
02:05:40.073 [restartedMain] INFO  o.s.b.a.l.ConditionEvaluationReportLogger - 

Error starting ApplicationContext. To display the condition evaluation report re-run your application with 'debug' enabled.
02:05:40.076 [restartedMain] ERROR o.s.boot.SpringApplication - Application run failed
java.lang.IllegalStateException: Application launch must not be called more than once
	at com.sun.javafx.application.LauncherImpl.launchApplication(LauncherImpl.java:176)
	at com.sun.javafx.application.LauncherImpl.launchApplication(LauncherImpl.java:154)
	at javafx.application.Application.launch(Application.java:233)
	at com.sermas.x.men.Application.run(Application.java:55)
	at org.springframework.boot.SpringApplication.lambda$callRunner$5(SpringApplication.java:790)
	at org.springframework.util.function.ThrowingConsumer$1.acceptWithException(ThrowingConsumer.java:83)
	at org.springframework.util.function.ThrowingConsumer.accept(ThrowingConsumer.java:60)
	at org.springframework.util.function.ThrowingConsumer$1.accept(ThrowingConsumer.java:88)
	at org.springframework.boot.SpringApplication.callRunner(SpringApplication.java:798)
	at org.springframework.boot.SpringApplication.callRunner(SpringApplication.java:789)
	at org.springframework.boot.SpringApplication.lambda$callRunners$3(SpringApplication.java:774)
	at java.base/java.util.stream.ForEachOps$ForEachOp$OfRef.accept(ForEachOps.java:184)
	at java.base/java.util.stream.SortedOps$SizedRefSortingSink.end(SortedOps.java:357)
	at java.base/java.util.stream.AbstractPipeline.copyInto(AbstractPipeline.java:510)
	at java.base/java.util.stream.AbstractPipeline.wrapAndCopyInto(AbstractPipeline.java:499)
	at java.base/java.util.stream.ForEachOps$ForEachOp.evaluateSequential(ForEachOps.java:151)
	at java.base/java.util.stream.ForEachOps$ForEachOp$OfRef.evaluateSequential(ForEachOps.java:174)
	at java.base/java.util.stream.AbstractPipeline.evaluate(AbstractPipeline.java:234)
	at java.base/java.util.stream.ReferencePipeline.forEach(ReferencePipeline.java:596)
	at org.springframework.boot.SpringApplication.callRunners(SpringApplication.java:774)
	at org.springframework.boot.SpringApplication.run(SpringApplication.java:342)
	at org.springframework.boot.SpringApplication.run(SpringApplication.java:1363)
	at org.springframework.boot.SpringApplication.run(SpringApplication.java:1352)
	at com.sermas.x.men.Application.main(Application.java:26)
	at java.base/jdk.internal.reflect.DirectMethodHandleAccessor.invoke(DirectMethodHandleAccessor.java:103)
	at java.base/java.lang.reflect.Method.invoke(Method.java:580)
	at org.springframework.boot.devtools.restart.RestartLauncher.run(RestartLauncher.java:50)
02:07:17.303 [restartedMain] INFO  com.sermas.x.men.Application - Starting Application using Java 21.0.11 with PID 68260 (R:\OneDrive - King's College London\Workspace\Projects\SERMAS_KCL\Repositories\X-Men(Spring-Boot)\X-Men_3.0\target\classes started by Rish in R:\OneDrive - King's College London\Workspace\Projects\SERMAS_KCL\Repositories\X-Men(Spring-Boot)\X-Men_3.0)
02:07:17.305 [restartedMain] INFO  com.sermas.x.men.Application - No active profile set, falling back to 1 default profile: "default"
02:07:17.630 [restartedMain] INFO  o.s.b.w.e.tomcat.TomcatWebServer - Tomcat initialized with port 8081 (http)
02:07:17.631 [restartedMain] INFO  o.a.coyote.http11.Http11NioProtocol - Initializing ProtocolHandler ["http-nio-8081"]
02:07:17.632 [restartedMain] INFO  o.a.catalina.core.StandardService - Starting service [Tomcat]
02:07:17.632 [restartedMain] INFO  o.a.catalina.core.StandardEngine - Starting Servlet engine: [Apache Tomcat/10.1.31]
02:07:17.662 [restartedMain] INFO  o.a.c.c.C.[Tomcat-1].[localhost].[/] - Initializing Spring embedded WebApplicationContext
02:07:17.663 [restartedMain] INFO  o.s.b.w.s.c.ServletWebServerApplicationContext - Root WebApplicationContext: initialization completed in 356 ms
02:07:17.794 [restartedMain] WARN  o.s.b.a.t.ThymeleafAutoConfiguration$DefaultTemplateResolverConfiguration - Cannot find template location: classpath:/templates/ (please add some templates, check your Thymeleaf configuration, or set spring.thymeleaf.check-template-location=false)
02:07:17.858 [restartedMain] WARN  o.s.b.a.s.s.UserDetailsServiceAutoConfiguration - 

Using generated security password: 43ee9485-94cb-4cb9-9967-22df337b02bb

This generated password is for development use only. Your security configuration must be updated before running your application in production.

02:07:17.859 [restartedMain] INFO  o.s.s.c.a.a.c.InitializeUserDetailsBeanManagerConfigurer$InitializeUserDetailsManagerConfigurer - Global AuthenticationManager configured with UserDetailsService bean with name inMemoryUserDetailsManager
02:07:17.865 [restartedMain] INFO  o.s.b.a.e.web.EndpointLinksResolver - Exposing 1 endpoint beneath base path '/actuator'
02:07:17.883 [restartedMain] INFO  o.s.b.d.a.OptionalLiveReloadServer - LiveReload server is running on port 35729
02:07:17.892 [restartedMain] INFO  o.a.coyote.http11.Http11NioProtocol - Starting ProtocolHandler ["http-nio-8081"]
02:07:17.898 [restartedMain] INFO  o.s.b.w.e.tomcat.TomcatWebServer - Tomcat started on port 8081 (http) with context path '/'
02:07:17.903 [restartedMain] INFO  com.sermas.x.men.Application - Started Application in 0.659 seconds (process running for 4387.31)
02:07:17.907 [restartedMain] INFO  o.s.b.a.l.ConditionEvaluationReportLogger - 

Error starting ApplicationContext. To display the condition evaluation report re-run your application with 'debug' enabled.
02:07:17.910 [restartedMain] ERROR o.s.boot.SpringApplication - Application run failed
java.lang.NoClassDefFoundError: com/sermas/x/men/user_interface/XMenInterface
	at com.sermas.x.men.Application.run(Application.java:35)
	at org.springframework.boot.SpringApplication.lambda$callRunner$5(SpringApplication.java:790)
	at org.springframework.util.function.ThrowingConsumer$1.acceptWithException(ThrowingConsumer.java:83)
	at org.springframework.util.function.ThrowingConsumer.accept(ThrowingConsumer.java:60)
	at org.springframework.util.function.ThrowingConsumer$1.accept(ThrowingConsumer.java:88)
	at org.springframework.boot.SpringApplication.callRunner(SpringApplication.java:798)
	at org.springframework.boot.SpringApplication.callRunner(SpringApplication.java:789)
	at org.springframework.boot.SpringApplication.lambda$callRunners$3(SpringApplication.java:774)
	at java.base/java.util.stream.ForEachOps$ForEachOp$OfRef.accept(ForEachOps.java:184)
	at java.base/java.util.stream.SortedOps$SizedRefSortingSink.end(SortedOps.java:357)
	at java.base/java.util.stream.AbstractPipeline.copyInto(AbstractPipeline.java:510)
	at java.base/java.util.stream.AbstractPipeline.wrapAndCopyInto(AbstractPipeline.java:499)
	at java.base/java.util.stream.ForEachOps$ForEachOp.evaluateSequential(ForEachOps.java:151)
	at java.base/java.util.stream.ForEachOps$ForEachOp$OfRef.evaluateSequential(ForEachOps.java:174)
	at java.base/java.util.stream.AbstractPipeline.evaluate(AbstractPipeline.java:234)
	at java.base/java.util.stream.ReferencePipeline.forEach(ReferencePipeline.java:596)
	at org.springframework.boot.SpringApplication.callRunners(SpringApplication.java:774)
	at org.springframework.boot.SpringApplication.run(SpringApplication.java:342)
	at org.springframework.boot.SpringApplication.run(SpringApplication.java:1363)
	at org.springframework.boot.SpringApplication.run(SpringApplication.java:1352)
	at com.sermas.x.men.Application.main(Application.java:20)
	at java.base/jdk.internal.reflect.DirectMethodHandleAccessor.invoke(DirectMethodHandleAccessor.java:103)
	at java.base/java.lang.reflect.Method.invoke(Method.java:580)
	at org.springframework.boot.devtools.restart.RestartLauncher.run(RestartLauncher.java:50)
Caused by: java.lang.ClassNotFoundException: com.sermas.x.men.user_interface.XMenInterface
	... 24 common frames omitted
02:07:24.710 [restartedMain] INFO  com.sermas.x.men.Application - Starting Application using Java 21.0.11 with PID 68260 (R:\OneDrive - King's College London\Workspace\Projects\SERMAS_KCL\Repositories\X-Men(Spring-Boot)\X-Men_3.0\target\classes started by Rish in R:\OneDrive - King's College London\Workspace\Projects\SERMAS_KCL\Repositories\X-Men(Spring-Boot)\X-Men_3.0)
02:07:24.710 [restartedMain] INFO  com.sermas.x.men.Application - No active profile set, falling back to 1 default profile: "default"
02:07:25.093 [restartedMain] INFO  o.s.b.w.e.tomcat.TomcatWebServer - Tomcat initialized with port 8081 (http)
02:07:25.094 [restartedMain] INFO  o.a.coyote.http11.Http11NioProtocol - Initializing ProtocolHandler ["http-nio-8081"]
02:07:25.094 [restartedMain] INFO  o.a.catalina.core.StandardService - Starting service [Tomcat]
02:07:25.094 [restartedMain] INFO  o.a.catalina.core.StandardEngine - Starting Servlet engine: [Apache Tomcat/10.1.31]
02:07:25.117 [restartedMain] INFO  o.a.c.c.C.[Tomcat-1].[localhost].[/] - Initializing Spring embedded WebApplicationContext
02:07:25.118 [restartedMain] INFO  o.s.b.w.s.c.ServletWebServerApplicationContext - Root WebApplicationContext: initialization completed in 406 ms
02:07:25.223 [restartedMain] INFO  c.s.x.m.s.HaskellDerivationFetcher - HaskellDerivationFetcher initialized with base URL: http://localhost:9091
02:07:25.261 [restartedMain] INFO  c.sermas.x.men.service.SettingsStore - Applied persisted vocabulary from C:\Users\Dell\.xmen\settings.json.
02:07:25.261 [restartedMain] INFO  c.sermas.x.men.service.SettingsStore - Applied persisted active theme 'ocean-cobalt'.
02:07:25.261 [restartedMain] INFO  c.sermas.x.men.service.SettingsStore - Applied persisted UI preferences.
02:07:25.295 [restartedMain] WARN  o.s.b.a.s.s.UserDetailsServiceAutoConfiguration - 

Using generated security password: 6fd1a521-ca8d-412d-ab7b-ee6cc446f8f0

This generated password is for development use only. Your security configuration must be updated before running your application in production.

02:07:25.296 [restartedMain] INFO  o.s.s.c.a.a.c.InitializeUserDetailsBeanManagerConfigurer$InitializeUserDetailsManagerConfigurer - Global AuthenticationManager configured with UserDetailsService bean with name inMemoryUserDetailsManager
02:07:25.356 [restartedMain] INFO  o.s.b.a.e.web.EndpointLinksResolver - Exposing 1 endpoint beneath base path '/actuator'
02:07:25.385 [restartedMain] WARN  o.s.b.a.t.ThymeleafAutoConfiguration$DefaultTemplateResolverConfiguration - Cannot find template location: classpath:/templates/ (please add some templates, check your Thymeleaf configuration, or set spring.thymeleaf.check-template-location=false)
02:07:25.411 [restartedMain] INFO  o.s.b.d.a.OptionalLiveReloadServer - LiveReload server is running on port 35729
02:07:25.420 [restartedMain] INFO  o.a.coyote.http11.Http11NioProtocol - Starting ProtocolHandler ["http-nio-8081"]
02:07:25.425 [restartedMain] INFO  o.s.b.w.e.tomcat.TomcatWebServer - Tomcat started on port 8081 (http) with context path '/'
02:07:25.430 [restartedMain] INFO  com.sermas.x.men.Application - Started Application in 0.756 seconds (process running for 4394.836)
02:07:25.435 [restartedMain] INFO  o.s.b.a.l.ConditionEvaluationReportLogger - 

Error starting ApplicationContext. To display the condition evaluation report re-run your application with 'debug' enabled.
02:07:25.438 [restartedMain] ERROR o.s.boot.SpringApplication - Application run failed
java.lang.IllegalStateException: Application launch must not be called more than once
	at com.sun.javafx.application.LauncherImpl.launchApplication(LauncherImpl.java:176)
	at com.sun.javafx.application.LauncherImpl.launchApplication(LauncherImpl.java:154)
	at javafx.application.Application.launch(Application.java:233)
	at com.sermas.x.men.Application.run(Application.java:55)
	at org.springframework.boot.SpringApplication.lambda$callRunner$5(SpringApplication.java:790)
	at org.springframework.util.function.ThrowingConsumer$1.acceptWithException(ThrowingConsumer.java:83)
	at org.springframework.util.function.ThrowingConsumer.accept(ThrowingConsumer.java:60)
	at org.springframework.util.function.ThrowingConsumer$1.accept(ThrowingConsumer.java:88)
	at org.springframework.boot.SpringApplication.callRunner(SpringApplication.java:798)
	at org.springframework.boot.SpringApplication.callRunner(SpringApplication.java:789)
	at org.springframework.boot.SpringApplication.lambda$callRunners$3(SpringApplication.java:774)
	at java.base/java.util.stream.ForEachOps$ForEachOp$OfRef.accept(ForEachOps.java:184)
	at java.base/java.util.stream.SortedOps$SizedRefSortingSink.end(SortedOps.java:357)
	at java.base/java.util.stream.AbstractPipeline.copyInto(AbstractPipeline.java:510)
	at java.base/java.util.stream.AbstractPipeline.wrapAndCopyInto(AbstractPipeline.java:499)
	at java.base/java.util.stream.ForEachOps$ForEachOp.evaluateSequential(ForEachOps.java:151)
	at java.base/java.util.stream.ForEachOps$ForEachOp$OfRef.evaluateSequential(ForEachOps.java:174)
	at java.base/java.util.stream.AbstractPipeline.evaluate(AbstractPipeline.java:234)
	at java.base/java.util.stream.ReferencePipeline.forEach(ReferencePipeline.java:596)
	at org.springframework.boot.SpringApplication.callRunners(SpringApplication.java:774)
	at org.springframework.boot.SpringApplication.run(SpringApplication.java:342)
	at org.springframework.boot.SpringApplication.run(SpringApplication.java:1363)
	at org.springframework.boot.SpringApplication.run(SpringApplication.java:1352)
	at com.sermas.x.men.Application.main(Application.java:26)
	at java.base/jdk.internal.reflect.DirectMethodHandleAccessor.invoke(DirectMethodHandleAccessor.java:103)
	at java.base/java.lang.reflect.Method.invoke(Method.java:580)
	at org.springframework.boot.devtools.restart.RestartLauncher.run(RestartLauncher.java:50)
02:09:08.345 [restartedMain] INFO  com.sermas.x.men.Application - Starting Application using Java 21.0.11 with PID 68260 (R:\OneDrive - King's College London\Workspace\Projects\SERMAS_KCL\Repositories\X-Men(Spring-Boot)\X-Men_3.0\target\classes started by Rish in R:\OneDrive - King's College London\Workspace\Projects\SERMAS_KCL\Repositories\X-Men(Spring-Boot)\X-Men_3.0)
02:09:08.346 [restartedMain] INFO  com.sermas.x.men.Application - No active profile set, falling back to 1 default profile: "default"
02:09:08.673 [restartedMain] INFO  o.s.b.w.e.tomcat.TomcatWebServer - Tomcat initialized with port 8081 (http)
02:09:08.674 [restartedMain] INFO  o.a.coyote.http11.Http11NioProtocol - Initializing ProtocolHandler ["http-nio-8081"]
02:09:08.674 [restartedMain] INFO  o.a.catalina.core.StandardService - Starting service [Tomcat]
02:09:08.674 [restartedMain] INFO  o.a.catalina.core.StandardEngine - Starting Servlet engine: [Apache Tomcat/10.1.31]
02:09:08.694 [restartedMain] INFO  o.a.c.c.C.[Tomcat-1].[localhost].[/] - Initializing Spring embedded WebApplicationContext
02:09:08.694 [restartedMain] INFO  o.s.b.w.s.c.ServletWebServerApplicationContext - Root WebApplicationContext: initialization completed in 346 ms
02:09:08.767 [restartedMain] WARN  o.s.b.a.t.ThymeleafAutoConfiguration$DefaultTemplateResolverConfiguration - Cannot find template location: classpath:/templates/ (please add some templates, check your Thymeleaf configuration, or set spring.thymeleaf.check-template-location=false)
02:09:08.797 [restartedMain] WARN  o.s.b.a.s.s.UserDetailsServiceAutoConfiguration - 

Using generated security password: a7252ed2-488c-45a9-bd59-32d0585581f1

This generated password is for development use only. Your security configuration must be updated before running your application in production.

02:09:08.799 [restartedMain] INFO  o.s.s.c.a.a.c.InitializeUserDetailsBeanManagerConfigurer$InitializeUserDetailsManagerConfigurer - Global AuthenticationManager configured with UserDetailsService bean with name inMemoryUserDetailsManager
02:09:08.803 [restartedMain] INFO  o.s.b.a.e.web.EndpointLinksResolver - Exposing 1 endpoint beneath base path '/actuator'
02:09:08.815 [restartedMain] INFO  o.s.b.d.a.OptionalLiveReloadServer - LiveReload server is running on port 35729
02:09:08.820 [restartedMain] INFO  o.a.coyote.http11.Http11NioProtocol - Starting ProtocolHandler ["http-nio-8081"]
02:09:08.824 [restartedMain] INFO  o.s.b.w.e.tomcat.TomcatWebServer - Tomcat started on port 8081 (http) with context path '/'
02:09:08.827 [restartedMain] INFO  com.sermas.x.men.Application - Started Application in 0.521 seconds (process running for 4498.233)
02:09:08.829 [restartedMain] INFO  o.s.b.a.l.ConditionEvaluationReportLogger - 

Error starting ApplicationContext. To display the condition evaluation report re-run your application with 'debug' enabled.
02:09:08.831 [restartedMain] ERROR o.s.boot.SpringApplication - Application run failed
java.lang.NoClassDefFoundError: com/sermas/x/men/user_interface/XMenInterface
	at com.sermas.x.men.Application.run(Application.java:35)
	at org.springframework.boot.SpringApplication.lambda$callRunner$5(SpringApplication.java:790)
	at org.springframework.util.function.ThrowingConsumer$1.acceptWithException(ThrowingConsumer.java:83)
	at org.springframework.util.function.ThrowingConsumer.accept(ThrowingConsumer.java:60)
	at org.springframework.util.function.ThrowingConsumer$1.accept(ThrowingConsumer.java:88)
	at org.springframework.boot.SpringApplication.callRunner(SpringApplication.java:798)
	at org.springframework.boot.SpringApplication.callRunner(SpringApplication.java:789)
	at org.springframework.boot.SpringApplication.lambda$callRunners$3(SpringApplication.java:774)
	at java.base/java.util.stream.ForEachOps$ForEachOp$OfRef.accept(ForEachOps.java:184)
	at java.base/java.util.stream.SortedOps$SizedRefSortingSink.end(SortedOps.java:357)
	at java.base/java.util.stream.AbstractPipeline.copyInto(AbstractPipeline.java:510)
	at java.base/java.util.stream.AbstractPipeline.wrapAndCopyInto(AbstractPipeline.java:499)
	at java.base/java.util.stream.ForEachOps$ForEachOp.evaluateSequential(ForEachOps.java:151)
	at java.base/java.util.stream.ForEachOps$ForEachOp$OfRef.evaluateSequential(ForEachOps.java:174)
	at java.base/java.util.stream.AbstractPipeline.evaluate(AbstractPipeline.java:234)
	at java.base/java.util.stream.ReferencePipeline.forEach(ReferencePipeline.java:596)
	at org.springframework.boot.SpringApplication.callRunners(SpringApplication.java:774)
	at org.springframework.boot.SpringApplication.run(SpringApplication.java:342)
	at org.springframework.boot.SpringApplication.run(SpringApplication.java:1363)
	at org.springframework.boot.SpringApplication.run(SpringApplication.java:1352)
	at com.sermas.x.men.Application.main(Application.java:20)
	at java.base/jdk.internal.reflect.DirectMethodHandleAccessor.invoke(DirectMethodHandleAccessor.java:103)
	at java.base/java.lang.reflect.Method.invoke(Method.java:580)
	at org.springframework.boot.devtools.restart.RestartLauncher.run(RestartLauncher.java:50)
Caused by: java.lang.ClassNotFoundException: com.sermas.x.men.user_interface.XMenInterface
	... 24 common frames omitted
02:09:15.182 [restartedMain] INFO  com.sermas.x.men.Application - Starting Application using Java 21.0.11 with PID 68260 (R:\OneDrive - King's College London\Workspace\Projects\SERMAS_KCL\Repositories\X-Men(Spring-Boot)\X-Men_3.0\target\classes started by Rish in R:\OneDrive - King's College London\Workspace\Projects\SERMAS_KCL\Repositories\X-Men(Spring-Boot)\X-Men_3.0)
02:09:15.182 [restartedMain] INFO  com.sermas.x.men.Application - No active profile set, falling back to 1 default profile: "default"
02:09:15.654 [restartedMain] INFO  o.s.b.w.e.tomcat.TomcatWebServer - Tomcat initialized with port 8081 (http)
02:09:15.655 [restartedMain] INFO  o.a.coyote.http11.Http11NioProtocol - Initializing ProtocolHandler ["http-nio-8081"]
02:09:15.655 [restartedMain] INFO  o.a.catalina.core.StandardService - Starting service [Tomcat]
02:09:15.655 [restartedMain] INFO  o.a.catalina.core.StandardEngine - Starting Servlet engine: [Apache Tomcat/10.1.31]
02:09:15.679 [restartedMain] INFO  o.a.c.c.C.[Tomcat-1].[localhost].[/] - Initializing Spring embedded WebApplicationContext
02:09:15.679 [restartedMain] INFO  o.s.b.w.s.c.ServletWebServerApplicationContext - Root WebApplicationContext: initialization completed in 494 ms
02:09:15.762 [restartedMain] INFO  c.s.x.m.s.HaskellDerivationFetcher - HaskellDerivationFetcher initialized with base URL: http://localhost:9091
02:09:15.794 [restartedMain] INFO  c.sermas.x.men.service.SettingsStore - Applied persisted vocabulary from C:\Users\Dell\.xmen\settings.json.
02:09:15.795 [restartedMain] INFO  c.sermas.x.men.service.SettingsStore - Applied persisted active theme 'ocean-cobalt'.
02:09:15.795 [restartedMain] INFO  c.sermas.x.men.service.SettingsStore - Applied persisted UI preferences.
02:09:15.819 [restartedMain] WARN  o.s.b.a.s.s.UserDetailsServiceAutoConfiguration - 

Using generated security password: fcc07254-b00b-4cf1-b4a8-b48fe6435089

This generated password is for development use only. Your security configuration must be updated before running your application in production.

02:09:15.820 [restartedMain] INFO  o.s.s.c.a.a.c.InitializeUserDetailsBeanManagerConfigurer$InitializeUserDetailsManagerConfigurer - Global AuthenticationManager configured with UserDetailsService bean with name inMemoryUserDetailsManager
02:09:15.881 [restartedMain] INFO  o.s.b.a.e.web.EndpointLinksResolver - Exposing 1 endpoint beneath base path '/actuator'
02:09:15.910 [restartedMain] WARN  o.s.b.a.t.ThymeleafAutoConfiguration$DefaultTemplateResolverConfiguration - Cannot find template location: classpath:/templates/ (please add some templates, check your Thymeleaf configuration, or set spring.thymeleaf.check-template-location=false)
02:09:15.936 [restartedMain] INFO  o.s.b.d.a.OptionalLiveReloadServer - LiveReload server is running on port 35729
02:09:15.945 [restartedMain] INFO  o.a.coyote.http11.Http11NioProtocol - Starting ProtocolHandler ["http-nio-8081"]
02:09:15.949 [restartedMain] INFO  o.s.b.w.e.tomcat.TomcatWebServer - Tomcat started on port 8081 (http) with context path '/'
02:09:15.954 [restartedMain] INFO  com.sermas.x.men.Application - Started Application in 0.804 seconds (process running for 4505.36)
02:09:15.960 [restartedMain] INFO  o.s.b.a.l.ConditionEvaluationReportLogger - 

Error starting ApplicationContext. To display the condition evaluation report re-run your application with 'debug' enabled.
02:09:15.963 [restartedMain] ERROR o.s.boot.SpringApplication - Application run failed
java.lang.IllegalStateException: Application launch must not be called more than once
	at com.sun.javafx.application.LauncherImpl.launchApplication(LauncherImpl.java:176)
	at com.sun.javafx.application.LauncherImpl.launchApplication(LauncherImpl.java:154)
	at javafx.application.Application.launch(Application.java:233)
	at com.sermas.x.men.Application.run(Application.java:55)
	at org.springframework.boot.SpringApplication.lambda$callRunner$5(SpringApplication.java:790)
	at org.springframework.util.function.ThrowingConsumer$1.acceptWithException(ThrowingConsumer.java:83)
	at org.springframework.util.function.ThrowingConsumer.accept(ThrowingConsumer.java:60)
	at org.springframework.util.function.ThrowingConsumer$1.accept(ThrowingConsumer.java:88)
	at org.springframework.boot.SpringApplication.callRunner(SpringApplication.java:798)
	at org.springframework.boot.SpringApplication.callRunner(SpringApplication.java:789)
	at org.springframework.boot.SpringApplication.lambda$callRunners$3(SpringApplication.java:774)
	at java.base/java.util.stream.ForEachOps$ForEachOp$OfRef.accept(ForEachOps.java:184)
	at java.base/java.util.stream.SortedOps$SizedRefSortingSink.end(SortedOps.java:357)
	at java.base/java.util.stream.AbstractPipeline.copyInto(AbstractPipeline.java:510)
	at java.base/java.util.stream.AbstractPipeline.wrapAndCopyInto(AbstractPipeline.java:499)
	at java.base/java.util.stream.ForEachOps$ForEachOp.evaluateSequential(ForEachOps.java:151)
	at java.base/java.util.stream.ForEachOps$ForEachOp$OfRef.evaluateSequential(ForEachOps.java:174)
	at java.base/java.util.stream.AbstractPipeline.evaluate(AbstractPipeline.java:234)
	at java.base/java.util.stream.ReferencePipeline.forEach(ReferencePipeline.java:596)
	at org.springframework.boot.SpringApplication.callRunners(SpringApplication.java:774)
	at org.springframework.boot.SpringApplication.run(SpringApplication.java:342)
	at org.springframework.boot.SpringApplication.run(SpringApplication.java:1363)
	at org.springframework.boot.SpringApplication.run(SpringApplication.java:1352)
	at com.sermas.x.men.Application.main(Application.java:26)
	at java.base/jdk.internal.reflect.DirectMethodHandleAccessor.invoke(DirectMethodHandleAccessor.java:103)
	at java.base/java.lang.reflect.Method.invoke(Method.java:580)
	at org.springframework.boot.devtools.restart.RestartLauncher.run(RestartLauncher.java:50)
02:09:54.961 [restartedMain] INFO  com.sermas.x.men.Application - Starting Application using Java 21.0.11 with PID 68260 (R:\OneDrive - King's College London\Workspace\Projects\SERMAS_KCL\Repositories\X-Men(Spring-Boot)\X-Men_3.0\target\classes started by Rish in R:\OneDrive - King's College London\Workspace\Projects\SERMAS_KCL\Repositories\X-Men(Spring-Boot)\X-Men_3.0)
02:09:54.961 [restartedMain] INFO  com.sermas.x.men.Application - No active profile set, falling back to 1 default profile: "default"
02:09:55.182 [restartedMain] INFO  o.s.b.w.e.tomcat.TomcatWebServer - Tomcat initialized with port 8081 (http)
02:09:55.183 [restartedMain] INFO  o.a.coyote.http11.Http11NioProtocol - Initializing ProtocolHandler ["http-nio-8081"]
02:09:55.184 [restartedMain] INFO  o.a.catalina.core.StandardService - Starting service [Tomcat]
02:09:55.184 [restartedMain] INFO  o.a.catalina.core.StandardEngine - Starting Servlet engine: [Apache Tomcat/10.1.31]
02:09:55.205 [restartedMain] INFO  o.a.c.c.C.[Tomcat-1].[localhost].[/] - Initializing Spring embedded WebApplicationContext
02:09:55.205 [restartedMain] INFO  o.s.b.w.s.c.ServletWebServerApplicationContext - Root WebApplicationContext: initialization completed in 242 ms
02:09:55.287 [restartedMain] WARN  o.s.b.a.t.ThymeleafAutoConfiguration$DefaultTemplateResolverConfiguration - Cannot find template location: classpath:/templates/ (please add some templates, check your Thymeleaf configuration, or set spring.thymeleaf.check-template-location=false)
02:09:55.331 [restartedMain] WARN  o.s.b.a.s.s.UserDetailsServiceAutoConfiguration - 

Using generated security password: 2bb0e21f-ef40-467e-8aab-c1171751e8d0

This generated password is for development use only. Your security configuration must be updated before running your application in production.

02:09:55.332 [restartedMain] INFO  o.s.s.c.a.a.c.InitializeUserDetailsBeanManagerConfigurer$InitializeUserDetailsManagerConfigurer - Global AuthenticationManager configured with UserDetailsService bean with name inMemoryUserDetailsManager
02:09:55.342 [restartedMain] INFO  o.s.b.a.e.web.EndpointLinksResolver - Exposing 1 endpoint beneath base path '/actuator'
02:09:55.358 [restartedMain] INFO  o.s.b.d.a.OptionalLiveReloadServer - LiveReload server is running on port 35729
02:09:55.365 [restartedMain] INFO  o.a.coyote.http11.Http11NioProtocol - Starting ProtocolHandler ["http-nio-8081"]
02:09:55.369 [restartedMain] INFO  o.s.b.w.e.tomcat.TomcatWebServer - Tomcat started on port 8081 (http) with context path '/'
02:09:55.373 [restartedMain] INFO  com.sermas.x.men.Application - Started Application in 0.446 seconds (process running for 4544.779)
02:09:55.374 [restartedMain] INFO  o.s.b.a.l.ConditionEvaluationReportLogger - 

Error starting ApplicationContext. To display the condition evaluation report re-run your application with 'debug' enabled.
02:09:55.377 [restartedMain] ERROR o.s.boot.SpringApplication - Application run failed
java.lang.NoClassDefFoundError: com/sermas/x/men/user_interface/XMenInterface
	at com.sermas.x.men.Application.run(Application.java:35)
	at org.springframework.boot.SpringApplication.lambda$callRunner$5(SpringApplication.java:790)
	at org.springframework.util.function.ThrowingConsumer$1.acceptWithException(ThrowingConsumer.java:83)
	at org.springframework.util.function.ThrowingConsumer.accept(ThrowingConsumer.java:60)
	at org.springframework.util.function.ThrowingConsumer$1.accept(ThrowingConsumer.java:88)
	at org.springframework.boot.SpringApplication.callRunner(SpringApplication.java:798)
	at org.springframework.boot.SpringApplication.callRunner(SpringApplication.java:789)
	at org.springframework.boot.SpringApplication.lambda$callRunners$3(SpringApplication.java:774)
	at java.base/java.util.stream.ForEachOps$ForEachOp$OfRef.accept(ForEachOps.java:184)
	at java.base/java.util.stream.SortedOps$SizedRefSortingSink.end(SortedOps.java:357)
	at java.base/java.util.stream.AbstractPipeline.copyInto(AbstractPipeline.java:510)
	at java.base/java.util.stream.AbstractPipeline.wrapAndCopyInto(AbstractPipeline.java:499)
	at java.base/java.util.stream.ForEachOps$ForEachOp.evaluateSequential(ForEachOps.java:151)
	at java.base/java.util.stream.ForEachOps$ForEachOp$OfRef.evaluateSequential(ForEachOps.java:174)
	at java.base/java.util.stream.AbstractPipeline.evaluate(AbstractPipeline.java:234)
	at java.base/java.util.stream.ReferencePipeline.forEach(ReferencePipeline.java:596)
	at org.springframework.boot.SpringApplication.callRunners(SpringApplication.java:774)
	at org.springframework.boot.SpringApplication.run(SpringApplication.java:342)
	at org.springframework.boot.SpringApplication.run(SpringApplication.java:1363)
	at org.springframework.boot.SpringApplication.run(SpringApplication.java:1352)
	at com.sermas.x.men.Application.main(Application.java:20)
	at java.base/jdk.internal.reflect.DirectMethodHandleAccessor.invoke(DirectMethodHandleAccessor.java:103)
	at java.base/java.lang.reflect.Method.invoke(Method.java:580)
	at org.springframework.boot.devtools.restart.RestartLauncher.run(RestartLauncher.java:50)
Caused by: java.lang.ClassNotFoundException: com.sermas.x.men.user_interface.XMenInterface
	... 24 common frames omitted
02:10:01.134 [restartedMain] INFO  com.sermas.x.men.Application - Starting Application using Java 21.0.11 with PID 68260 (R:\OneDrive - King's College London\Workspace\Projects\SERMAS_KCL\Repositories\X-Men(Spring-Boot)\X-Men_3.0\target\classes started by Rish in R:\OneDrive - King's College London\Workspace\Projects\SERMAS_KCL\Repositories\X-Men(Spring-Boot)\X-Men_3.0)
02:10:01.134 [restartedMain] INFO  com.sermas.x.men.Application - No active profile set, falling back to 1 default profile: "default"
02:10:01.514 [restartedMain] INFO  o.s.b.w.e.tomcat.TomcatWebServer - Tomcat initialized with port 8081 (http)
02:10:01.515 [restartedMain] INFO  o.a.coyote.http11.Http11NioProtocol - Initializing ProtocolHandler ["http-nio-8081"]
02:10:01.515 [restartedMain] INFO  o.a.catalina.core.StandardService - Starting service [Tomcat]
02:10:01.516 [restartedMain] INFO  o.a.catalina.core.StandardEngine - Starting Servlet engine: [Apache Tomcat/10.1.31]
02:10:01.545 [restartedMain] INFO  o.a.c.c.C.[Tomcat-1].[localhost].[/] - Initializing Spring embedded WebApplicationContext
02:10:01.545 [restartedMain] INFO  o.s.b.w.s.c.ServletWebServerApplicationContext - Root WebApplicationContext: initialization completed in 409 ms
02:10:01.646 [restartedMain] INFO  c.s.x.m.s.HaskellDerivationFetcher - HaskellDerivationFetcher initialized with base URL: http://localhost:9091
02:10:01.692 [restartedMain] INFO  c.sermas.x.men.service.SettingsStore - Applied persisted vocabulary from C:\Users\Dell\.xmen\settings.json.
02:10:01.692 [restartedMain] INFO  c.sermas.x.men.service.SettingsStore - Applied persisted active theme 'ocean-cobalt'.
02:10:01.692 [restartedMain] INFO  c.sermas.x.men.service.SettingsStore - Applied persisted UI preferences.
02:10:01.738 [restartedMain] WARN  o.s.b.a.s.s.UserDetailsServiceAutoConfiguration - 

Using generated security password: 66add09e-2ee8-43c7-abd8-6e0fb374bb5a

This generated password is for development use only. Your security configuration must be updated before running your application in production.

02:10:01.746 [restartedMain] INFO  o.s.s.c.a.a.c.InitializeUserDetailsBeanManagerConfigurer$InitializeUserDetailsManagerConfigurer - Global AuthenticationManager configured with UserDetailsService bean with name inMemoryUserDetailsManager
02:10:01.858 [restartedMain] INFO  o.s.b.a.e.web.EndpointLinksResolver - Exposing 1 endpoint beneath base path '/actuator'
02:10:01.910 [restartedMain] WARN  o.s.b.a.t.ThymeleafAutoConfiguration$DefaultTemplateResolverConfiguration - Cannot find template location: classpath:/templates/ (please add some templates, check your Thymeleaf configuration, or set spring.thymeleaf.check-template-location=false)
02:10:01.951 [restartedMain] INFO  o.s.b.d.a.OptionalLiveReloadServer - LiveReload server is running on port 35729
02:10:01.963 [restartedMain] INFO  o.a.coyote.http11.Http11NioProtocol - Starting ProtocolHandler ["http-nio-8081"]
02:10:01.968 [restartedMain] INFO  o.s.b.w.e.tomcat.TomcatWebServer - Tomcat started on port 8081 (http) with context path '/'
02:10:01.974 [restartedMain] INFO  com.sermas.x.men.Application - Started Application in 0.869 seconds (process running for 4551.381)
02:10:01.980 [restartedMain] INFO  o.s.b.a.l.ConditionEvaluationReportLogger - 

Error starting ApplicationContext. To display the condition evaluation report re-run your application with 'debug' enabled.
02:10:01.984 [restartedMain] ERROR o.s.boot.SpringApplication - Application run failed
java.lang.IllegalStateException: Application launch must not be called more than once
	at com.sun.javafx.application.LauncherImpl.launchApplication(LauncherImpl.java:176)
	at com.sun.javafx.application.LauncherImpl.launchApplication(LauncherImpl.java:154)
	at javafx.application.Application.launch(Application.java:233)
	at com.sermas.x.men.Application.run(Application.java:55)
	at org.springframework.boot.SpringApplication.lambda$callRunner$5(SpringApplication.java:790)
	at org.springframework.util.function.ThrowingConsumer$1.acceptWithException(ThrowingConsumer.java:83)
	at org.springframework.util.function.ThrowingConsumer.accept(ThrowingConsumer.java:60)
	at org.springframework.util.function.ThrowingConsumer$1.accept(ThrowingConsumer.java:88)
	at org.springframework.boot.SpringApplication.callRunner(SpringApplication.java:798)
	at org.springframework.boot.SpringApplication.callRunner(SpringApplication.java:789)
	at org.springframework.boot.SpringApplication.lambda$callRunners$3(SpringApplication.java:774)
	at java.base/java.util.stream.ForEachOps$ForEachOp$OfRef.accept(ForEachOps.java:184)
	at java.base/java.util.stream.SortedOps$SizedRefSortingSink.end(SortedOps.java:357)
	at java.base/java.util.stream.AbstractPipeline.copyInto(AbstractPipeline.java:510)
	at java.base/java.util.stream.AbstractPipeline.wrapAndCopyInto(AbstractPipeline.java:499)
	at java.base/java.util.stream.ForEachOps$ForEachOp.evaluateSequential(ForEachOps.java:151)
	at java.base/java.util.stream.ForEachOps$ForEachOp$OfRef.evaluateSequential(ForEachOps.java:174)
	at java.base/java.util.stream.AbstractPipeline.evaluate(AbstractPipeline.java:234)
	at java.base/java.util.stream.ReferencePipeline.forEach(ReferencePipeline.java:596)
	at org.springframework.boot.SpringApplication.callRunners(SpringApplication.java:774)
	at org.springframework.boot.SpringApplication.run(SpringApplication.java:342)
	at org.springframework.boot.SpringApplication.run(SpringApplication.java:1363)
	at org.springframework.boot.SpringApplication.run(SpringApplication.java:1352)
	at com.sermas.x.men.Application.main(Application.java:26)
	at java.base/jdk.internal.reflect.DirectMethodHandleAccessor.invoke(DirectMethodHandleAccessor.java:103)
	at java.base/java.lang.reflect.Method.invoke(Method.java:580)
	at org.springframework.boot.devtools.restart.RestartLauncher.run(RestartLauncher.java:50)
02:11:06.139 [restartedMain] INFO  com.sermas.x.men.Application - Starting Application using Java 21.0.11 with PID 68260 (R:\OneDrive - King's College London\Workspace\Projects\SERMAS_KCL\Repositories\X-Men(Spring-Boot)\X-Men_3.0\target\classes started by Rish in R:\OneDrive - King's College London\Workspace\Projects\SERMAS_KCL\Repositories\X-Men(Spring-Boot)\X-Men_3.0)
02:11:06.139 [restartedMain] INFO  com.sermas.x.men.Application - No active profile set, falling back to 1 default profile: "default"
02:11:06.702 [restartedMain] INFO  o.s.b.w.e.tomcat.TomcatWebServer - Tomcat initialized with port 8081 (http)
02:11:06.704 [restartedMain] INFO  o.a.coyote.http11.Http11NioProtocol - Initializing ProtocolHandler ["http-nio-8081"]
02:11:06.705 [restartedMain] INFO  o.a.catalina.core.StandardService - Starting service [Tomcat]
02:11:06.705 [restartedMain] INFO  o.a.catalina.core.StandardEngine - Starting Servlet engine: [Apache Tomcat/10.1.31]
02:11:06.734 [restartedMain] INFO  o.a.c.c.C.[Tomcat-1].[localhost].[/] - Initializing Spring embedded WebApplicationContext
02:11:06.734 [restartedMain] INFO  o.s.b.w.s.c.ServletWebServerApplicationContext - Root WebApplicationContext: initialization completed in 592 ms
02:11:06.826 [restartedMain] WARN  o.s.b.a.t.ThymeleafAutoConfiguration$DefaultTemplateResolverConfiguration - Cannot find template location: classpath:/templates/ (please add some templates, check your Thymeleaf configuration, or set spring.thymeleaf.check-template-location=false)
02:11:06.877 [restartedMain] WARN  o.s.b.a.s.s.UserDetailsServiceAutoConfiguration - 

Using generated security password: 3edc8a95-271d-47a7-8e2c-e1d3ff4b8d42

This generated password is for development use only. Your security configuration must be updated before running your application in production.

02:11:06.879 [restartedMain] INFO  o.s.s.c.a.a.c.InitializeUserDetailsBeanManagerConfigurer$InitializeUserDetailsManagerConfigurer - Global AuthenticationManager configured with UserDetailsService bean with name inMemoryUserDetailsManager
02:11:06.883 [restartedMain] INFO  o.s.b.a.e.web.EndpointLinksResolver - Exposing 1 endpoint beneath base path '/actuator'
02:11:06.896 [restartedMain] INFO  o.s.b.d.a.OptionalLiveReloadServer - LiveReload server is running on port 35729
02:11:06.909 [restartedMain] INFO  o.a.coyote.http11.Http11NioProtocol - Starting ProtocolHandler ["http-nio-8081"]
02:11:06.917 [restartedMain] INFO  o.s.b.w.e.tomcat.TomcatWebServer - Tomcat started on port 8081 (http) with context path '/'
02:11:06.922 [restartedMain] INFO  com.sermas.x.men.Application - Started Application in 0.816 seconds (process running for 4616.329)
02:11:06.926 [restartedMain] INFO  o.s.b.a.l.ConditionEvaluationReportLogger - 

Error starting ApplicationContext. To display the condition evaluation report re-run your application with 'debug' enabled.
02:11:06.929 [restartedMain] ERROR o.s.boot.SpringApplication - Application run failed
java.lang.NoClassDefFoundError: com/sermas/x/men/user_interface/XMenInterface
	at com.sermas.x.men.Application.run(Application.java:35)
	at org.springframework.boot.SpringApplication.lambda$callRunner$5(SpringApplication.java:790)
	at org.springframework.util.function.ThrowingConsumer$1.acceptWithException(ThrowingConsumer.java:83)
	at org.springframework.util.function.ThrowingConsumer.accept(ThrowingConsumer.java:60)
	at org.springframework.util.function.ThrowingConsumer$1.accept(ThrowingConsumer.java:88)
	at org.springframework.boot.SpringApplication.callRunner(SpringApplication.java:798)
	at org.springframework.boot.SpringApplication.callRunner(SpringApplication.java:789)
	at org.springframework.boot.SpringApplication.lambda$callRunners$3(SpringApplication.java:774)
	at java.base/java.util.stream.ForEachOps$ForEachOp$OfRef.accept(ForEachOps.java:184)
	at java.base/java.util.stream.SortedOps$SizedRefSortingSink.end(SortedOps.java:357)
	at java.base/java.util.stream.AbstractPipeline.copyInto(AbstractPipeline.java:510)
	at java.base/java.util.stream.AbstractPipeline.wrapAndCopyInto(AbstractPipeline.java:499)
	at java.base/java.util.stream.ForEachOps$ForEachOp.evaluateSequential(ForEachOps.java:151)
	at java.base/java.util.stream.ForEachOps$ForEachOp$OfRef.evaluateSequential(ForEachOps.java:174)
	at java.base/java.util.stream.AbstractPipeline.evaluate(AbstractPipeline.java:234)
	at java.base/java.util.stream.ReferencePipeline.forEach(ReferencePipeline.java:596)
	at org.springframework.boot.SpringApplication.callRunners(SpringApplication.java:774)
	at org.springframework.boot.SpringApplication.run(SpringApplication.java:342)
	at org.springframework.boot.SpringApplication.run(SpringApplication.java:1363)
	at org.springframework.boot.SpringApplication.run(SpringApplication.java:1352)
	at com.sermas.x.men.Application.main(Application.java:20)
	at java.base/jdk.internal.reflect.DirectMethodHandleAccessor.invoke(DirectMethodHandleAccessor.java:103)
	at java.base/java.lang.reflect.Method.invoke(Method.java:580)
	at org.springframework.boot.devtools.restart.RestartLauncher.run(RestartLauncher.java:50)
Caused by: java.lang.ClassNotFoundException: com.sermas.x.men.user_interface.XMenInterface
	... 24 common frames omitted
02:11:13.133 [restartedMain] INFO  com.sermas.x.men.Application - Starting Application using Java 21.0.11 with PID 68260 (R:\OneDrive - King's College London\Workspace\Projects\SERMAS_KCL\Repositories\X-Men(Spring-Boot)\X-Men_3.0\target\classes started by Rish in R:\OneDrive - King's College London\Workspace\Projects\SERMAS_KCL\Repositories\X-Men(Spring-Boot)\X-Men_3.0)
02:11:13.134 [restartedMain] INFO  com.sermas.x.men.Application - No active profile set, falling back to 1 default profile: "default"
02:11:13.591 [restartedMain] INFO  o.s.b.w.e.tomcat.TomcatWebServer - Tomcat initialized with port 8081 (http)
02:11:13.592 [restartedMain] INFO  o.a.coyote.http11.Http11NioProtocol - Initializing ProtocolHandler ["http-nio-8081"]
02:11:13.592 [restartedMain] INFO  o.a.catalina.core.StandardService - Starting service [Tomcat]
02:11:13.593 [restartedMain] INFO  o.a.catalina.core.StandardEngine - Starting Servlet engine: [Apache Tomcat/10.1.31]
02:11:13.617 [restartedMain] INFO  o.a.c.c.C.[Tomcat-1].[localhost].[/] - Initializing Spring embedded WebApplicationContext
02:11:13.617 [restartedMain] INFO  o.s.b.w.s.c.ServletWebServerApplicationContext - Root WebApplicationContext: initialization completed in 481 ms
02:11:13.721 [restartedMain] INFO  c.s.x.m.s.HaskellDerivationFetcher - HaskellDerivationFetcher initialized with base URL: http://localhost:9091
02:11:13.764 [restartedMain] INFO  c.sermas.x.men.service.SettingsStore - Applied persisted vocabulary from C:\Users\Dell\.xmen\settings.json.
02:11:13.766 [restartedMain] INFO  c.sermas.x.men.service.SettingsStore - Applied persisted active theme 'ocean-cobalt'.
02:11:13.766 [restartedMain] INFO  c.sermas.x.men.service.SettingsStore - Applied persisted UI preferences.
02:11:13.799 [restartedMain] WARN  o.s.b.a.s.s.UserDetailsServiceAutoConfiguration - 

Using generated security password: bc29b86d-5805-4bc9-87c8-4c4a3b0584b9

This generated password is for development use only. Your security configuration must be updated before running your application in production.

02:11:13.801 [restartedMain] INFO  o.s.s.c.a.a.c.InitializeUserDetailsBeanManagerConfigurer$InitializeUserDetailsManagerConfigurer - Global AuthenticationManager configured with UserDetailsService bean with name inMemoryUserDetailsManager
02:11:13.881 [restartedMain] INFO  o.s.b.a.e.web.EndpointLinksResolver - Exposing 1 endpoint beneath base path '/actuator'
02:11:13.926 [restartedMain] WARN  o.s.b.a.t.ThymeleafAutoConfiguration$DefaultTemplateResolverConfiguration - Cannot find template location: classpath:/templates/ (please add some templates, check your Thymeleaf configuration, or set spring.thymeleaf.check-template-location=false)
02:11:13.950 [restartedMain] INFO  o.s.b.d.a.OptionalLiveReloadServer - LiveReload server is running on port 35729
02:11:13.961 [restartedMain] INFO  o.a.coyote.http11.Http11NioProtocol - Starting ProtocolHandler ["http-nio-8081"]
02:11:13.967 [restartedMain] INFO  o.s.b.w.e.tomcat.TomcatWebServer - Tomcat started on port 8081 (http) with context path '/'
02:11:13.974 [restartedMain] INFO  com.sermas.x.men.Application - Started Application in 0.886 seconds (process running for 4623.381)
02:11:13.979 [restartedMain] INFO  o.s.b.a.l.ConditionEvaluationReportLogger - 

Error starting ApplicationContext. To display the condition evaluation report re-run your application with 'debug' enabled.
02:11:13.981 [restartedMain] ERROR o.s.boot.SpringApplication - Application run failed
java.lang.IllegalStateException: Application launch must not be called more than once
	at com.sun.javafx.application.LauncherImpl.launchApplication(LauncherImpl.java:176)
	at com.sun.javafx.application.LauncherImpl.launchApplication(LauncherImpl.java:154)
	at javafx.application.Application.launch(Application.java:233)
	at com.sermas.x.men.Application.run(Application.java:55)
	at org.springframework.boot.SpringApplication.lambda$callRunner$5(SpringApplication.java:790)
	at org.springframework.util.function.ThrowingConsumer$1.acceptWithException(ThrowingConsumer.java:83)
	at org.springframework.util.function.ThrowingConsumer.accept(ThrowingConsumer.java:60)
	at org.springframework.util.function.ThrowingConsumer$1.accept(ThrowingConsumer.java:88)
	at org.springframework.boot.SpringApplication.callRunner(SpringApplication.java:798)
	at org.springframework.boot.SpringApplication.callRunner(SpringApplication.java:789)
	at org.springframework.boot.SpringApplication.lambda$callRunners$3(SpringApplication.java:774)
	at java.base/java.util.stream.ForEachOps$ForEachOp$OfRef.accept(ForEachOps.java:184)
	at java.base/java.util.stream.SortedOps$SizedRefSortingSink.end(SortedOps.java:357)
	at java.base/java.util.stream.AbstractPipeline.copyInto(AbstractPipeline.java:510)
	at java.base/java.util.stream.AbstractPipeline.wrapAndCopyInto(AbstractPipeline.java:499)
	at java.base/java.util.stream.ForEachOps$ForEachOp.evaluateSequential(ForEachOps.java:151)
	at java.base/java.util.stream.ForEachOps$ForEachOp$OfRef.evaluateSequential(ForEachOps.java:174)
	at java.base/java.util.stream.AbstractPipeline.evaluate(AbstractPipeline.java:234)
	at java.base/java.util.stream.ReferencePipeline.forEach(ReferencePipeline.java:596)
	at org.springframework.boot.SpringApplication.callRunners(SpringApplication.java:774)
	at org.springframework.boot.SpringApplication.run(SpringApplication.java:342)
	at org.springframework.boot.SpringApplication.run(SpringApplication.java:1363)
	at org.springframework.boot.SpringApplication.run(SpringApplication.java:1352)
	at com.sermas.x.men.Application.main(Application.java:26)
	at java.base/jdk.internal.reflect.DirectMethodHandleAccessor.invoke(DirectMethodHandleAccessor.java:103)
	at java.base/java.lang.reflect.Method.invoke(Method.java:580)
	at org.springframework.boot.devtools.restart.RestartLauncher.run(RestartLauncher.java:50)
02:12:36.275 [restartedMain] INFO  com.sermas.x.men.Application - Starting Application using Java 21.0.11 with PID 68260 (R:\OneDrive - King's College London\Workspace\Projects\SERMAS_KCL\Repositories\X-Men(Spring-Boot)\X-Men_3.0\target\classes started by Rish in R:\OneDrive - King's College London\Workspace\Projects\SERMAS_KCL\Repositories\X-Men(Spring-Boot)\X-Men_3.0)
02:12:36.276 [restartedMain] INFO  com.sermas.x.men.Application - No active profile set, falling back to 1 default profile: "default"
02:12:36.531 [restartedMain] INFO  o.s.b.w.e.tomcat.TomcatWebServer - Tomcat initialized with port 8081 (http)
02:12:36.532 [restartedMain] INFO  o.a.coyote.http11.Http11NioProtocol - Initializing ProtocolHandler ["http-nio-8081"]
02:12:36.532 [restartedMain] INFO  o.a.catalina.core.StandardService - Starting service [Tomcat]
02:12:36.532 [restartedMain] INFO  o.a.catalina.core.StandardEngine - Starting Servlet engine: [Apache Tomcat/10.1.31]
02:12:36.552 [restartedMain] INFO  o.a.c.c.C.[Tomcat-1].[localhost].[/] - Initializing Spring embedded WebApplicationContext
02:12:36.553 [restartedMain] INFO  o.s.b.w.s.c.ServletWebServerApplicationContext - Root WebApplicationContext: initialization completed in 276 ms
02:12:36.630 [restartedMain] WARN  o.s.b.a.t.ThymeleafAutoConfiguration$DefaultTemplateResolverConfiguration - Cannot find template location: classpath:/templates/ (please add some templates, check your Thymeleaf configuration, or set spring.thymeleaf.check-template-location=false)
02:12:36.666 [restartedMain] WARN  o.s.b.a.s.s.UserDetailsServiceAutoConfiguration - 

Using generated security password: 45040032-331f-4b29-b1f4-5673fd45a93a

This generated password is for development use only. Your security configuration must be updated before running your application in production.

02:12:36.666 [restartedMain] INFO  o.s.s.c.a.a.c.InitializeUserDetailsBeanManagerConfigurer$InitializeUserDetailsManagerConfigurer - Global AuthenticationManager configured with UserDetailsService bean with name inMemoryUserDetailsManager
02:12:36.668 [restartedMain] INFO  o.s.b.a.e.web.EndpointLinksResolver - Exposing 1 endpoint beneath base path '/actuator'
02:12:36.673 [restartedMain] INFO  o.s.b.d.a.OptionalLiveReloadServer - LiveReload server is running on port 35729
02:12:36.677 [restartedMain] INFO  o.a.coyote.http11.Http11NioProtocol - Starting ProtocolHandler ["http-nio-8081"]
02:12:36.680 [restartedMain] INFO  o.s.b.w.e.tomcat.TomcatWebServer - Tomcat started on port 8081 (http) with context path '/'
02:12:36.683 [restartedMain] INFO  com.sermas.x.men.Application - Started Application in 0.448 seconds (process running for 4706.09)
02:12:36.684 [restartedMain] INFO  o.s.b.a.l.ConditionEvaluationReportLogger - 

Error starting ApplicationContext. To display the condition evaluation report re-run your application with 'debug' enabled.
02:12:36.686 [restartedMain] ERROR o.s.boot.SpringApplication - Application run failed
java.lang.NoClassDefFoundError: com/sermas/x/men/user_interface/XMenInterface
	at com.sermas.x.men.Application.run(Application.java:35)
	at org.springframework.boot.SpringApplication.lambda$callRunner$5(SpringApplication.java:790)
	at org.springframework.util.function.ThrowingConsumer$1.acceptWithException(ThrowingConsumer.java:83)
	at org.springframework.util.function.ThrowingConsumer.accept(ThrowingConsumer.java:60)
	at org.springframework.util.function.ThrowingConsumer$1.accept(ThrowingConsumer.java:88)
	at org.springframework.boot.SpringApplication.callRunner(SpringApplication.java:798)
	at org.springframework.boot.SpringApplication.callRunner(SpringApplication.java:789)
	at org.springframework.boot.SpringApplication.lambda$callRunners$3(SpringApplication.java:774)
	at java.base/java.util.stream.ForEachOps$ForEachOp$OfRef.accept(ForEachOps.java:184)
	at java.base/java.util.stream.SortedOps$SizedRefSortingSink.end(SortedOps.java:357)
	at java.base/java.util.stream.AbstractPipeline.copyInto(AbstractPipeline.java:510)
	at java.base/java.util.stream.AbstractPipeline.wrapAndCopyInto(AbstractPipeline.java:499)
	at java.base/java.util.stream.ForEachOps$ForEachOp.evaluateSequential(ForEachOps.java:151)
	at java.base/java.util.stream.ForEachOps$ForEachOp$OfRef.evaluateSequential(ForEachOps.java:174)
	at java.base/java.util.stream.AbstractPipeline.evaluate(AbstractPipeline.java:234)
	at java.base/java.util.stream.ReferencePipeline.forEach(ReferencePipeline.java:596)
	at org.springframework.boot.SpringApplication.callRunners(SpringApplication.java:774)
	at org.springframework.boot.SpringApplication.run(SpringApplication.java:342)
	at org.springframework.boot.SpringApplication.run(SpringApplication.java:1363)
	at org.springframework.boot.SpringApplication.run(SpringApplication.java:1352)
	at com.sermas.x.men.Application.main(Application.java:20)
	at java.base/jdk.internal.reflect.DirectMethodHandleAccessor.invoke(DirectMethodHandleAccessor.java:103)
	at java.base/java.lang.reflect.Method.invoke(Method.java:580)
	at org.springframework.boot.devtools.restart.RestartLauncher.run(RestartLauncher.java:50)
Caused by: java.lang.ClassNotFoundException: com.sermas.x.men.user_interface.XMenInterface
	... 24 common frames omitted
02:12:42.408 [restartedMain] INFO  com.sermas.x.men.Application - Starting Application using Java 21.0.11 with PID 68260 (R:\OneDrive - King's College London\Workspace\Projects\SERMAS_KCL\Repositories\X-Men(Spring-Boot)\X-Men_3.0\target\classes started by Rish in R:\OneDrive - King's College London\Workspace\Projects\SERMAS_KCL\Repositories\X-Men(Spring-Boot)\X-Men_3.0)
02:12:42.408 [restartedMain] INFO  com.sermas.x.men.Application - No active profile set, falling back to 1 default profile: "default"
02:12:42.781 [restartedMain] INFO  o.s.b.w.e.tomcat.TomcatWebServer - Tomcat initialized with port 8081 (http)
02:12:42.781 [restartedMain] INFO  o.a.coyote.http11.Http11NioProtocol - Initializing ProtocolHandler ["http-nio-8081"]
02:12:42.782 [restartedMain] INFO  o.a.catalina.core.StandardService - Starting service [Tomcat]
02:12:42.782 [restartedMain] INFO  o.a.catalina.core.StandardEngine - Starting Servlet engine: [Apache Tomcat/10.1.31]
02:12:42.804 [restartedMain] INFO  o.a.c.c.C.[Tomcat-1].[localhost].[/] - Initializing Spring embedded WebApplicationContext
02:12:42.805 [restartedMain] INFO  o.s.b.w.s.c.ServletWebServerApplicationContext - Root WebApplicationContext: initialization completed in 396 ms
02:12:42.872 [restartedMain] INFO  c.s.x.m.s.HaskellDerivationFetcher - HaskellDerivationFetcher initialized with base URL: http://localhost:9091
02:12:42.910 [restartedMain] INFO  c.sermas.x.men.service.SettingsStore - Applied persisted vocabulary from C:\Users\Dell\.xmen\settings.json.
02:12:42.912 [restartedMain] INFO  c.sermas.x.men.service.SettingsStore - Applied persisted active theme 'ocean-cobalt'.
02:12:42.912 [restartedMain] INFO  c.sermas.x.men.service.SettingsStore - Applied persisted UI preferences.
02:12:42.942 [restartedMain] WARN  o.s.b.a.s.s.UserDetailsServiceAutoConfiguration - 

Using generated security password: 2c602156-0429-4a32-874b-5bc152d55956

This generated password is for development use only. Your security configuration must be updated before running your application in production.

02:12:42.942 [restartedMain] INFO  o.s.s.c.a.a.c.InitializeUserDetailsBeanManagerConfigurer$InitializeUserDetailsManagerConfigurer - Global AuthenticationManager configured with UserDetailsService bean with name inMemoryUserDetailsManager
02:12:43.001 [restartedMain] INFO  o.s.b.a.e.web.EndpointLinksResolver - Exposing 1 endpoint beneath base path '/actuator'
02:12:43.029 [restartedMain] WARN  o.s.b.a.t.ThymeleafAutoConfiguration$DefaultTemplateResolverConfiguration - Cannot find template location: classpath:/templates/ (please add some templates, check your Thymeleaf configuration, or set spring.thymeleaf.check-template-location=false)
02:12:43.054 [restartedMain] INFO  o.s.b.d.a.OptionalLiveReloadServer - LiveReload server is running on port 35729
02:12:43.062 [restartedMain] INFO  o.a.coyote.http11.Http11NioProtocol - Starting ProtocolHandler ["http-nio-8081"]
02:12:43.066 [restartedMain] INFO  o.s.b.w.e.tomcat.TomcatWebServer - Tomcat started on port 8081 (http) with context path '/'
02:12:43.069 [restartedMain] INFO  com.sermas.x.men.Application - Started Application in 0.69 seconds (process running for 4712.476)
02:12:43.074 [restartedMain] INFO  o.s.b.a.l.ConditionEvaluationReportLogger - 

Error starting ApplicationContext. To display the condition evaluation report re-run your application with 'debug' enabled.
02:12:43.077 [restartedMain] ERROR o.s.boot.SpringApplication - Application run failed
java.lang.IllegalStateException: Application launch must not be called more than once
	at com.sun.javafx.application.LauncherImpl.launchApplication(LauncherImpl.java:176)
	at com.sun.javafx.application.LauncherImpl.launchApplication(LauncherImpl.java:154)
	at javafx.application.Application.launch(Application.java:233)
	at com.sermas.x.men.Application.run(Application.java:55)
	at org.springframework.boot.SpringApplication.lambda$callRunner$5(SpringApplication.java:790)
	at org.springframework.util.function.ThrowingConsumer$1.acceptWithException(ThrowingConsumer.java:83)
	at org.springframework.util.function.ThrowingConsumer.accept(ThrowingConsumer.java:60)
	at org.springframework.util.function.ThrowingConsumer$1.accept(ThrowingConsumer.java:88)
	at org.springframework.boot.SpringApplication.callRunner(SpringApplication.java:798)
	at org.springframework.boot.SpringApplication.callRunner(SpringApplication.java:789)
	at org.springframework.boot.SpringApplication.lambda$callRunners$3(SpringApplication.java:774)
	at java.base/java.util.stream.ForEachOps$ForEachOp$OfRef.accept(ForEachOps.java:184)
	at java.base/java.util.stream.SortedOps$SizedRefSortingSink.end(SortedOps.java:357)
	at java.base/java.util.stream.AbstractPipeline.copyInto(AbstractPipeline.java:510)
	at java.base/java.util.stream.AbstractPipeline.wrapAndCopyInto(AbstractPipeline.java:499)
	at java.base/java.util.stream.ForEachOps$ForEachOp.evaluateSequential(ForEachOps.java:151)
	at java.base/java.util.stream.ForEachOps$ForEachOp$OfRef.evaluateSequential(ForEachOps.java:174)
	at java.base/java.util.stream.AbstractPipeline.evaluate(AbstractPipeline.java:234)
	at java.base/java.util.stream.ReferencePipeline.forEach(ReferencePipeline.java:596)
	at org.springframework.boot.SpringApplication.callRunners(SpringApplication.java:774)
	at org.springframework.boot.SpringApplication.run(SpringApplication.java:342)
	at org.springframework.boot.SpringApplication.run(SpringApplication.java:1363)
	at org.springframework.boot.SpringApplication.run(SpringApplication.java:1352)
	at com.sermas.x.men.Application.main(Application.java:26)
	at java.base/jdk.internal.reflect.DirectMethodHandleAccessor.invoke(DirectMethodHandleAccessor.java:103)
	at java.base/java.lang.reflect.Method.invoke(Method.java:580)
	at org.springframework.boot.devtools.restart.RestartLauncher.run(RestartLauncher.java:50)
02:12:46.472 [main] INFO  c.s.x.m.s.chatbot.ChatBotService - Extracted 6 AIML brain resources into C:\Users\Dell\AppData\Local\Temp\xmen-aiml-583793103326108772\xmen
02:12:46.475 [main] INFO  c.s.x.m.s.chatbot.ChatBotService - Loading X-Men AIML brain from C:\Users\Dell\AppData\Local\Temp\xmen-aiml-583793103326108772\xmen\
02:12:46.787 [main] INFO  c.s.x.m.s.chatbot.ChatBotService - ChatBotService status: AIML brain loaded from C:\Users\Dell\AppData\Local\Temp\xmen-aiml-583793103326108772\xmen\
02:13:20.906 [restartedMain] INFO  com.sermas.x.men.Application - Starting Application using Java 21.0.11 with PID 68260 (R:\OneDrive - King's College London\Workspace\Projects\SERMAS_KCL\Repositories\X-Men(Spring-Boot)\X-Men_3.0\target\classes started by Rish in R:\OneDrive - King's College London\Workspace\Projects\SERMAS_KCL\Repositories\X-Men(Spring-Boot)\X-Men_3.0)
02:13:20.906 [restartedMain] INFO  com.sermas.x.men.Application - No active profile set, falling back to 1 default profile: "default"
02:13:21.136 [restartedMain] INFO  o.s.b.w.e.tomcat.TomcatWebServer - Tomcat initialized with port 8081 (http)
02:13:21.136 [restartedMain] INFO  o.a.coyote.http11.Http11NioProtocol - Initializing ProtocolHandler ["http-nio-8081"]
02:13:21.137 [restartedMain] INFO  o.a.catalina.core.StandardService - Starting service [Tomcat]
02:13:21.137 [restartedMain] INFO  o.a.catalina.core.StandardEngine - Starting Servlet engine: [Apache Tomcat/10.1.31]
02:13:21.167 [restartedMain] INFO  o.a.c.c.C.[Tomcat-1].[localhost].[/] - Initializing Spring embedded WebApplicationContext
02:13:21.168 [restartedMain] INFO  o.s.b.w.s.c.ServletWebServerApplicationContext - Root WebApplicationContext: initialization completed in 260 ms
02:13:21.246 [restartedMain] WARN  o.s.b.a.t.ThymeleafAutoConfiguration$DefaultTemplateResolverConfiguration - Cannot find template location: classpath:/templates/ (please add some templates, check your Thymeleaf configuration, or set spring.thymeleaf.check-template-location=false)
02:13:21.280 [restartedMain] WARN  o.s.b.a.s.s.UserDetailsServiceAutoConfiguration - 

Using generated security password: 9c879275-97c1-426f-9d47-d3e1ba301ce9

This generated password is for development use only. Your security configuration must be updated before running your application in production.

02:13:21.281 [restartedMain] INFO  o.s.s.c.a.a.c.InitializeUserDetailsBeanManagerConfigurer$InitializeUserDetailsManagerConfigurer - Global AuthenticationManager configured with UserDetailsService bean with name inMemoryUserDetailsManager
02:13:21.286 [restartedMain] INFO  o.s.b.a.e.web.EndpointLinksResolver - Exposing 1 endpoint beneath base path '/actuator'
02:13:21.295 [restartedMain] INFO  o.s.b.d.a.OptionalLiveReloadServer - LiveReload server is running on port 35729
02:13:21.300 [restartedMain] INFO  o.a.coyote.http11.Http11NioProtocol - Starting ProtocolHandler ["http-nio-8081"]
02:13:21.303 [restartedMain] INFO  o.s.b.w.e.tomcat.TomcatWebServer - Tomcat started on port 8081 (http) with context path '/'
02:13:21.308 [restartedMain] INFO  com.sermas.x.men.Application - Started Application in 0.44 seconds (process running for 4750.714)
02:13:21.310 [restartedMain] INFO  o.s.b.a.l.ConditionEvaluationReportLogger - 

Error starting ApplicationContext. To display the condition evaluation report re-run your application with 'debug' enabled.
02:13:21.311 [restartedMain] ERROR o.s.boot.SpringApplication - Application run failed
java.lang.NoClassDefFoundError: com/sermas/x/men/user_interface/XMenInterface
	at com.sermas.x.men.Application.run(Application.java:35)
	at org.springframework.boot.SpringApplication.lambda$callRunner$5(SpringApplication.java:790)
	at org.springframework.util.function.ThrowingConsumer$1.acceptWithException(ThrowingConsumer.java:83)
	at org.springframework.util.function.ThrowingConsumer.accept(ThrowingConsumer.java:60)
	at org.springframework.util.function.ThrowingConsumer$1.accept(ThrowingConsumer.java:88)
	at org.springframework.boot.SpringApplication.callRunner(SpringApplication.java:798)
	at org.springframework.boot.SpringApplication.callRunner(SpringApplication.java:789)
	at org.springframework.boot.SpringApplication.lambda$callRunners$3(SpringApplication.java:774)
	at java.base/java.util.stream.ForEachOps$ForEachOp$OfRef.accept(ForEachOps.java:184)
	at java.base/java.util.stream.SortedOps$SizedRefSortingSink.end(SortedOps.java:357)
	at java.base/java.util.stream.AbstractPipeline.copyInto(AbstractPipeline.java:510)
	at java.base/java.util.stream.AbstractPipeline.wrapAndCopyInto(AbstractPipeline.java:499)
	at java.base/java.util.stream.ForEachOps$ForEachOp.evaluateSequential(ForEachOps.java:151)
	at java.base/java.util.stream.ForEachOps$ForEachOp$OfRef.evaluateSequential(ForEachOps.java:174)
	at java.base/java.util.stream.AbstractPipeline.evaluate(AbstractPipeline.java:234)
	at java.base/java.util.stream.ReferencePipeline.forEach(ReferencePipeline.java:596)
	at org.springframework.boot.SpringApplication.callRunners(SpringApplication.java:774)
	at org.springframework.boot.SpringApplication.run(SpringApplication.java:342)
	at org.springframework.boot.SpringApplication.run(SpringApplication.java:1363)
	at org.springframework.boot.SpringApplication.run(SpringApplication.java:1352)
	at com.sermas.x.men.Application.main(Application.java:20)
	at java.base/jdk.internal.reflect.DirectMethodHandleAccessor.invoke(DirectMethodHandleAccessor.java:103)
	at java.base/java.lang.reflect.Method.invoke(Method.java:580)
	at org.springframework.boot.devtools.restart.RestartLauncher.run(RestartLauncher.java:50)
Caused by: java.lang.ClassNotFoundException: com.sermas.x.men.user_interface.XMenInterface
	... 24 common frames omitted
02:13:26.589 [restartedMain] INFO  com.sermas.x.men.Application - Starting Application using Java 21.0.11 with PID 68260 (R:\OneDrive - King's College London\Workspace\Projects\SERMAS_KCL\Repositories\X-Men(Spring-Boot)\X-Men_3.0\target\classes started by Rish in R:\OneDrive - King's College London\Workspace\Projects\SERMAS_KCL\Repositories\X-Men(Spring-Boot)\X-Men_3.0)
02:13:26.589 [restartedMain] INFO  com.sermas.x.men.Application - No active profile set, falling back to 1 default profile: "default"
02:13:26.928 [restartedMain] INFO  o.s.b.w.e.tomcat.TomcatWebServer - Tomcat initialized with port 8081 (http)
02:13:26.929 [restartedMain] INFO  o.a.coyote.http11.Http11NioProtocol - Initializing ProtocolHandler ["http-nio-8081"]
02:13:26.929 [restartedMain] INFO  o.a.catalina.core.StandardService - Starting service [Tomcat]
02:13:26.929 [restartedMain] INFO  o.a.catalina.core.StandardEngine - Starting Servlet engine: [Apache Tomcat/10.1.31]
02:13:26.954 [restartedMain] INFO  o.a.c.c.C.[Tomcat-1].[localhost].[/] - Initializing Spring embedded WebApplicationContext
02:13:26.955 [restartedMain] INFO  o.s.b.w.s.c.ServletWebServerApplicationContext - Root WebApplicationContext: initialization completed in 364 ms
02:13:27.035 [restartedMain] INFO  c.s.x.m.s.HaskellDerivationFetcher - HaskellDerivationFetcher initialized with base URL: http://localhost:9091
02:13:27.060 [restartedMain] INFO  c.sermas.x.men.service.SettingsStore - Applied persisted vocabulary from C:\Users\Dell\.xmen\settings.json.
02:13:27.060 [restartedMain] INFO  c.sermas.x.men.service.SettingsStore - Applied persisted active theme 'ocean-cobalt'.
02:13:27.060 [restartedMain] INFO  c.sermas.x.men.service.SettingsStore - Applied persisted UI preferences.
02:13:27.094 [restartedMain] WARN  o.s.b.a.s.s.UserDetailsServiceAutoConfiguration - 

Using generated security password: a3f0fbbe-a3d1-455b-a865-ad6d43ce49d3

This generated password is for development use only. Your security configuration must be updated before running your application in production.

02:13:27.094 [restartedMain] INFO  o.s.s.c.a.a.c.InitializeUserDetailsBeanManagerConfigurer$InitializeUserDetailsManagerConfigurer - Global AuthenticationManager configured with UserDetailsService bean with name inMemoryUserDetailsManager
02:13:27.142 [restartedMain] INFO  o.s.b.a.e.web.EndpointLinksResolver - Exposing 1 endpoint beneath base path '/actuator'
02:13:27.162 [restartedMain] WARN  o.s.b.a.t.ThymeleafAutoConfiguration$DefaultTemplateResolverConfiguration - Cannot find template location: classpath:/templates/ (please add some templates, check your Thymeleaf configuration, or set spring.thymeleaf.check-template-location=false)
02:13:27.181 [restartedMain] INFO  o.s.b.d.a.OptionalLiveReloadServer - LiveReload server is running on port 35729
02:13:27.186 [restartedMain] INFO  o.a.coyote.http11.Http11NioProtocol - Starting ProtocolHandler ["http-nio-8081"]
02:13:27.189 [restartedMain] INFO  o.s.b.w.e.tomcat.TomcatWebServer - Tomcat started on port 8081 (http) with context path '/'
02:13:27.192 [restartedMain] INFO  com.sermas.x.men.Application - Started Application in 0.637 seconds (process running for 4756.598)
02:13:27.196 [restartedMain] INFO  o.s.b.a.l.ConditionEvaluationReportLogger - 

Error starting ApplicationContext. To display the condition evaluation report re-run your application with 'debug' enabled.
02:13:27.199 [restartedMain] ERROR o.s.boot.SpringApplication - Application run failed
java.lang.IllegalStateException: Application launch must not be called more than once
	at com.sun.javafx.application.LauncherImpl.launchApplication(LauncherImpl.java:176)
	at com.sun.javafx.application.LauncherImpl.launchApplication(LauncherImpl.java:154)
	at javafx.application.Application.launch(Application.java:233)
	at com.sermas.x.men.Application.run(Application.java:55)
	at org.springframework.boot.SpringApplication.lambda$callRunner$5(SpringApplication.java:790)
	at org.springframework.util.function.ThrowingConsumer$1.acceptWithException(ThrowingConsumer.java:83)
	at org.springframework.util.function.ThrowingConsumer.accept(ThrowingConsumer.java:60)
	at org.springframework.util.function.ThrowingConsumer$1.accept(ThrowingConsumer.java:88)
	at org.springframework.boot.SpringApplication.callRunner(SpringApplication.java:798)
	at org.springframework.boot.SpringApplication.callRunner(SpringApplication.java:789)
	at org.springframework.boot.SpringApplication.lambda$callRunners$3(SpringApplication.java:774)
	at java.base/java.util.stream.ForEachOps$ForEachOp$OfRef.accept(ForEachOps.java:184)
	at java.base/java.util.stream.SortedOps$SizedRefSortingSink.end(SortedOps.java:357)
	at java.base/java.util.stream.AbstractPipeline.copyInto(AbstractPipeline.java:510)
	at java.base/java.util.stream.AbstractPipeline.wrapAndCopyInto(AbstractPipeline.java:499)
	at java.base/java.util.stream.ForEachOps$ForEachOp.evaluateSequential(ForEachOps.java:151)
	at java.base/java.util.stream.ForEachOps$ForEachOp$OfRef.evaluateSequential(ForEachOps.java:174)
	at java.base/java.util.stream.AbstractPipeline.evaluate(AbstractPipeline.java:234)
	at java.base/java.util.stream.ReferencePipeline.forEach(ReferencePipeline.java:596)
	at org.springframework.boot.SpringApplication.callRunners(SpringApplication.java:774)
	at org.springframework.boot.SpringApplication.run(SpringApplication.java:342)
	at org.springframework.boot.SpringApplication.run(SpringApplication.java:1363)
	at org.springframework.boot.SpringApplication.run(SpringApplication.java:1352)
	at com.sermas.x.men.Application.main(Application.java:26)
	at java.base/jdk.internal.reflect.DirectMethodHandleAccessor.invoke(DirectMethodHandleAccessor.java:103)
	at java.base/java.lang.reflect.Method.invoke(Method.java:580)
	at org.springframework.boot.devtools.restart.RestartLauncher.run(RestartLauncher.java:50)
02:13:30.498 [main] INFO  c.s.x.m.s.chatbot.ChatBotService - Extracted 6 AIML brain resources into C:\Users\Dell\AppData\Local\Temp\xmen-aiml-8355803339214136837\xmen
02:13:30.502 [main] INFO  c.s.x.m.s.chatbot.ChatBotService - Loading X-Men AIML brain from C:\Users\Dell\AppData\Local\Temp\xmen-aiml-8355803339214136837\xmen\
02:13:30.778 [main] INFO  c.s.x.m.s.chatbot.ChatBotService - ChatBotService status: AIML brain loaded from C:\Users\Dell\AppData\Local\Temp\xmen-aiml-8355803339214136837\xmen\
02:14:37.158 [restartedMain] INFO  com.sermas.x.men.Application - Starting Application using Java 21.0.11 with PID 68260 (started by Rish in R:\OneDrive - King's College London\Workspace\Projects\SERMAS_KCL\Repositories\X-Men(Spring-Boot)\X-Men_3.0)
02:14:37.159 [restartedMain] INFO  com.sermas.x.men.Application - No active profile set, falling back to 1 default profile: "default"
02:14:37.362 [restartedMain] INFO  o.s.b.w.e.tomcat.TomcatWebServer - Tomcat initialized with port 8080 (http)
02:14:37.363 [restartedMain] INFO  o.a.coyote.http11.Http11NioProtocol - Initializing ProtocolHandler ["http-nio-8080"]
02:14:37.363 [restartedMain] INFO  o.a.catalina.core.StandardService - Starting service [Tomcat]
02:14:37.363 [restartedMain] INFO  o.a.catalina.core.StandardEngine - Starting Servlet engine: [Apache Tomcat/10.1.31]
02:14:37.377 [restartedMain] INFO  o.a.c.c.C.[Tomcat-1].[localhost].[/] - Initializing Spring embedded WebApplicationContext
02:14:37.378 [restartedMain] INFO  o.s.b.w.s.c.ServletWebServerApplicationContext - Root WebApplicationContext: initialization completed in 218 ms
02:14:37.430 [restartedMain] WARN  o.s.b.a.t.ThymeleafAutoConfiguration$DefaultTemplateResolverConfiguration - Cannot find template location: classpath:/templates/ (please add some templates, check your Thymeleaf configuration, or set spring.thymeleaf.check-template-location=false)
02:14:37.450 [restartedMain] WARN  o.s.b.a.s.s.UserDetailsServiceAutoConfiguration - 

Using generated security password: f8ee8f55-6052-4dfd-80ea-0864295d2853

This generated password is for development use only. Your security configuration must be updated before running your application in production.

02:14:37.451 [restartedMain] INFO  o.s.s.c.a.a.c.InitializeUserDetailsBeanManagerConfigurer$InitializeUserDetailsManagerConfigurer - Global AuthenticationManager configured with UserDetailsService bean with name inMemoryUserDetailsManager
02:14:37.453 [restartedMain] INFO  o.s.b.a.e.web.EndpointLinksResolver - Exposing 1 endpoint beneath base path '/actuator'
02:14:37.458 [restartedMain] INFO  o.s.b.d.a.OptionalLiveReloadServer - LiveReload server is running on port 35729
02:14:37.464 [restartedMain] INFO  o.a.coyote.http11.Http11NioProtocol - Starting ProtocolHandler ["http-nio-8080"]
02:14:37.466 [restartedMain] INFO  o.s.b.w.e.tomcat.TomcatWebServer - Tomcat started on port 8080 (http) with context path '/'
02:14:37.469 [restartedMain] INFO  com.sermas.x.men.Application - Started Application in 0.328 seconds (process running for 4826.876)
02:14:37.470 [restartedMain] INFO  o.s.b.a.l.ConditionEvaluationReportLogger - 

Error starting ApplicationContext. To display the condition evaluation report re-run your application with 'debug' enabled.
02:14:37.472 [restartedMain] ERROR o.s.boot.SpringApplication - Application run failed
java.lang.NoClassDefFoundError: com/sermas/x/men/user_interface/XMenInterface
	at com.sermas.x.men.Application.run(Application.java:35)
	at org.springframework.boot.SpringApplication.lambda$callRunner$5(SpringApplication.java:790)
	at org.springframework.util.function.ThrowingConsumer$1.acceptWithException(ThrowingConsumer.java:83)
	at org.springframework.util.function.ThrowingConsumer.accept(ThrowingConsumer.java:60)
	at org.springframework.util.function.ThrowingConsumer$1.accept(ThrowingConsumer.java:88)
	at org.springframework.boot.SpringApplication.callRunner(SpringApplication.java:798)
	at org.springframework.boot.SpringApplication.callRunner(SpringApplication.java:789)
	at org.springframework.boot.SpringApplication.lambda$callRunners$3(SpringApplication.java:774)
	at java.base/java.util.stream.ForEachOps$ForEachOp$OfRef.accept(ForEachOps.java:184)
	at java.base/java.util.stream.SortedOps$SizedRefSortingSink.end(SortedOps.java:357)
	at java.base/java.util.stream.AbstractPipeline.copyInto(AbstractPipeline.java:510)
	at java.base/java.util.stream.AbstractPipeline.wrapAndCopyInto(AbstractPipeline.java:499)
	at java.base/java.util.stream.ForEachOps$ForEachOp.evaluateSequential(ForEachOps.java:151)
	at java.base/java.util.stream.ForEachOps$ForEachOp$OfRef.evaluateSequential(ForEachOps.java:174)
	at java.base/java.util.stream.AbstractPipeline.evaluate(AbstractPipeline.java:234)
	at java.base/java.util.stream.ReferencePipeline.forEach(ReferencePipeline.java:596)
	at org.springframework.boot.SpringApplication.callRunners(SpringApplication.java:774)
	at org.springframework.boot.SpringApplication.run(SpringApplication.java:342)
	at org.springframework.boot.SpringApplication.run(SpringApplication.java:1363)
	at org.springframework.boot.SpringApplication.run(SpringApplication.java:1352)
	at com.sermas.x.men.Application.main(Application.java:20)
	at java.base/jdk.internal.reflect.DirectMethodHandleAccessor.invoke(DirectMethodHandleAccessor.java:103)
	at java.base/java.lang.reflect.Method.invoke(Method.java:580)
	at org.springframework.boot.devtools.restart.RestartLauncher.run(RestartLauncher.java:50)
Caused by: java.lang.ClassNotFoundException: com.sermas.x.men.user_interface.XMenInterface
	... 24 common frames omitted
02:14:39.947 [restartedMain] INFO  com.sermas.x.men.Application - Starting Application using Java 21.0.11 with PID 68260 (R:\OneDrive - King's College London\Workspace\Projects\SERMAS_KCL\Repositories\X-Men(Spring-Boot)\X-Men_3.0\target\classes started by Rish in R:\OneDrive - King's College London\Workspace\Projects\SERMAS_KCL\Repositories\X-Men(Spring-Boot)\X-Men_3.0)
02:14:39.948 [restartedMain] INFO  com.sermas.x.men.Application - No active profile set, falling back to 1 default profile: "default"
02:14:40.151 [restartedMain] INFO  o.s.b.w.e.tomcat.TomcatWebServer - Tomcat initialized with port 8081 (http)
02:14:40.151 [restartedMain] INFO  o.a.coyote.http11.Http11NioProtocol - Initializing ProtocolHandler ["http-nio-8081"]
02:14:40.152 [restartedMain] INFO  o.a.catalina.core.StandardService - Starting service [Tomcat]
02:14:40.152 [restartedMain] INFO  o.a.catalina.core.StandardEngine - Starting Servlet engine: [Apache Tomcat/10.1.31]
02:14:40.168 [restartedMain] INFO  o.a.c.c.C.[Tomcat-1].[localhost].[/] - Initializing Spring embedded WebApplicationContext
02:14:40.168 [restartedMain] INFO  o.s.b.w.s.c.ServletWebServerApplicationContext - Root WebApplicationContext: initialization completed in 219 ms
02:14:40.224 [restartedMain] WARN  o.s.b.a.t.ThymeleafAutoConfiguration$DefaultTemplateResolverConfiguration - Cannot find template location: classpath:/templates/ (please add some templates, check your Thymeleaf configuration, or set spring.thymeleaf.check-template-location=false)
02:14:40.245 [restartedMain] WARN  o.s.b.a.s.s.UserDetailsServiceAutoConfiguration - 

Using generated security password: a7098b3b-20b8-4402-b21d-115873378272

This generated password is for development use only. Your security configuration must be updated before running your application in production.

02:14:40.245 [restartedMain] INFO  o.s.s.c.a.a.c.InitializeUserDetailsBeanManagerConfigurer$InitializeUserDetailsManagerConfigurer - Global AuthenticationManager configured with UserDetailsService bean with name inMemoryUserDetailsManager
02:14:40.247 [restartedMain] INFO  o.s.b.a.e.web.EndpointLinksResolver - Exposing 1 endpoint beneath base path '/actuator'
02:14:40.253 [restartedMain] INFO  o.s.b.d.a.OptionalLiveReloadServer - LiveReload server is running on port 35729
02:14:40.256 [restartedMain] INFO  o.a.coyote.http11.Http11NioProtocol - Starting ProtocolHandler ["http-nio-8081"]
02:14:40.259 [restartedMain] INFO  o.s.b.w.e.tomcat.TomcatWebServer - Tomcat started on port 8081 (http) with context path '/'
02:14:40.264 [restartedMain] INFO  com.sermas.x.men.Application - Started Application in 0.337 seconds (process running for 4829.67)
02:14:40.265 [restartedMain] INFO  o.s.b.a.l.ConditionEvaluationReportLogger - 

Error starting ApplicationContext. To display the condition evaluation report re-run your application with 'debug' enabled.
02:14:40.267 [restartedMain] ERROR o.s.boot.SpringApplication - Application run failed
java.lang.NoClassDefFoundError: com/sermas/x/men/user_interface/XMenInterface
	at com.sermas.x.men.Application.run(Application.java:35)
	at org.springframework.boot.SpringApplication.lambda$callRunner$5(SpringApplication.java:790)
	at org.springframework.util.function.ThrowingConsumer$1.acceptWithException(ThrowingConsumer.java:83)
	at org.springframework.util.function.ThrowingConsumer.accept(ThrowingConsumer.java:60)
	at org.springframework.util.function.ThrowingConsumer$1.accept(ThrowingConsumer.java:88)
	at org.springframework.boot.SpringApplication.callRunner(SpringApplication.java:798)
	at org.springframework.boot.SpringApplication.callRunner(SpringApplication.java:789)
	at org.springframework.boot.SpringApplication.lambda$callRunners$3(SpringApplication.java:774)
	at java.base/java.util.stream.ForEachOps$ForEachOp$OfRef.accept(ForEachOps.java:184)
	at java.base/java.util.stream.SortedOps$SizedRefSortingSink.end(SortedOps.java:357)
	at java.base/java.util.stream.AbstractPipeline.copyInto(AbstractPipeline.java:510)
	at java.base/java.util.stream.AbstractPipeline.wrapAndCopyInto(AbstractPipeline.java:499)
	at java.base/java.util.stream.ForEachOps$ForEachOp.evaluateSequential(ForEachOps.java:151)
	at java.base/java.util.stream.ForEachOps$ForEachOp$OfRef.evaluateSequential(ForEachOps.java:174)
	at java.base/java.util.stream.AbstractPipeline.evaluate(AbstractPipeline.java:234)
	at java.base/java.util.stream.ReferencePipeline.forEach(ReferencePipeline.java:596)
	at org.springframework.boot.SpringApplication.callRunners(SpringApplication.java:774)
	at org.springframework.boot.SpringApplication.run(SpringApplication.java:342)
	at org.springframework.boot.SpringApplication.run(SpringApplication.java:1363)
	at org.springframework.boot.SpringApplication.run(SpringApplication.java:1352)
	at com.sermas.x.men.Application.main(Application.java:20)
	at java.base/jdk.internal.reflect.DirectMethodHandleAccessor.invoke(DirectMethodHandleAccessor.java:103)
	at java.base/java.lang.reflect.Method.invoke(Method.java:580)
	at org.springframework.boot.devtools.restart.RestartLauncher.run(RestartLauncher.java:50)
Caused by: java.lang.ClassNotFoundException: com.sermas.x.men.user_interface.XMenInterface
	... 24 common frames omitted
02:14:45.599 [restartedMain] INFO  com.sermas.x.men.Application - Starting Application using Java 21.0.11 with PID 68260 (R:\OneDrive - King's College London\Workspace\Projects\SERMAS_KCL\Repositories\X-Men(Spring-Boot)\X-Men_3.0\target\classes started by Rish in R:\OneDrive - King's College London\Workspace\Projects\SERMAS_KCL\Repositories\X-Men(Spring-Boot)\X-Men_3.0)
02:14:45.599 [restartedMain] INFO  com.sermas.x.men.Application - No active profile set, falling back to 1 default profile: "default"
02:14:45.934 [restartedMain] INFO  o.s.b.w.e.tomcat.TomcatWebServer - Tomcat initialized with port 8081 (http)
02:14:45.934 [restartedMain] INFO  o.a.coyote.http11.Http11NioProtocol - Initializing ProtocolHandler ["http-nio-8081"]
02:14:45.935 [restartedMain] INFO  o.a.catalina.core.StandardService - Starting service [Tomcat]
02:14:45.935 [restartedMain] INFO  o.a.catalina.core.StandardEngine - Starting Servlet engine: [Apache Tomcat/10.1.31]
02:14:45.954 [restartedMain] INFO  o.a.c.c.C.[Tomcat-1].[localhost].[/] - Initializing Spring embedded WebApplicationContext
02:14:45.954 [restartedMain] INFO  o.s.b.w.s.c.ServletWebServerApplicationContext - Root WebApplicationContext: initialization completed in 354 ms
02:14:46.037 [restartedMain] INFO  c.s.x.m.s.HaskellDerivationFetcher - HaskellDerivationFetcher initialized with base URL: http://localhost:9091
02:14:46.062 [restartedMain] INFO  c.sermas.x.men.service.SettingsStore - Applied persisted vocabulary from C:\Users\Dell\.xmen\settings.json.
02:14:46.063 [restartedMain] INFO  c.sermas.x.men.service.SettingsStore - Applied persisted active theme 'ocean-cobalt'.
02:14:46.063 [restartedMain] INFO  c.sermas.x.men.service.SettingsStore - Applied persisted UI preferences.
02:14:46.083 [restartedMain] WARN  o.s.b.a.s.s.UserDetailsServiceAutoConfiguration - 

Using generated security password: df151c6f-c906-4bec-894b-40b7ed73ce58

This generated password is for development use only. Your security configuration must be updated before running your application in production.

02:14:46.084 [restartedMain] INFO  o.s.s.c.a.a.c.InitializeUserDetailsBeanManagerConfigurer$InitializeUserDetailsManagerConfigurer - Global AuthenticationManager configured with UserDetailsService bean with name inMemoryUserDetailsManager
02:14:46.131 [restartedMain] INFO  o.s.b.a.e.web.EndpointLinksResolver - Exposing 1 endpoint beneath base path '/actuator'
02:14:46.154 [restartedMain] WARN  o.s.b.a.t.ThymeleafAutoConfiguration$DefaultTemplateResolverConfiguration - Cannot find template location: classpath:/templates/ (please add some templates, check your Thymeleaf configuration, or set spring.thymeleaf.check-template-location=false)
02:14:46.175 [restartedMain] INFO  o.s.b.d.a.OptionalLiveReloadServer - LiveReload server is running on port 35729
02:14:46.182 [restartedMain] INFO  o.a.coyote.http11.Http11NioProtocol - Starting ProtocolHandler ["http-nio-8081"]
02:14:46.185 [restartedMain] INFO  o.s.b.w.e.tomcat.TomcatWebServer - Tomcat started on port 8081 (http) with context path '/'
02:14:46.190 [restartedMain] INFO  com.sermas.x.men.Application - Started Application in 0.645 seconds (process running for 4835.596)
02:14:46.194 [restartedMain] INFO  o.s.b.a.l.ConditionEvaluationReportLogger - 

Error starting ApplicationContext. To display the condition evaluation report re-run your application with 'debug' enabled.
02:14:46.196 [restartedMain] ERROR o.s.boot.SpringApplication - Application run failed
java.lang.IllegalStateException: Application launch must not be called more than once
	at com.sun.javafx.application.LauncherImpl.launchApplication(LauncherImpl.java:176)
	at com.sun.javafx.application.LauncherImpl.launchApplication(LauncherImpl.java:154)
	at javafx.application.Application.launch(Application.java:233)
	at com.sermas.x.men.Application.run(Application.java:55)
	at org.springframework.boot.SpringApplication.lambda$callRunner$5(SpringApplication.java:790)
	at org.springframework.util.function.ThrowingConsumer$1.acceptWithException(ThrowingConsumer.java:83)
	at org.springframework.util.function.ThrowingConsumer.accept(ThrowingConsumer.java:60)
	at org.springframework.util.function.ThrowingConsumer$1.accept(ThrowingConsumer.java:88)
	at org.springframework.boot.SpringApplication.callRunner(SpringApplication.java:798)
	at org.springframework.boot.SpringApplication.callRunner(SpringApplication.java:789)
	at org.springframework.boot.SpringApplication.lambda$callRunners$3(SpringApplication.java:774)
	at java.base/java.util.stream.ForEachOps$ForEachOp$OfRef.accept(ForEachOps.java:184)
	at java.base/java.util.stream.SortedOps$SizedRefSortingSink.end(SortedOps.java:357)
	at java.base/java.util.stream.AbstractPipeline.copyInto(AbstractPipeline.java:510)
	at java.base/java.util.stream.AbstractPipeline.wrapAndCopyInto(AbstractPipeline.java:499)
	at java.base/java.util.stream.ForEachOps$ForEachOp.evaluateSequential(ForEachOps.java:151)
	at java.base/java.util.stream.ForEachOps$ForEachOp$OfRef.evaluateSequential(ForEachOps.java:174)
	at java.base/java.util.stream.AbstractPipeline.evaluate(AbstractPipeline.java:234)
	at java.base/java.util.stream.ReferencePipeline.forEach(ReferencePipeline.java:596)
	at org.springframework.boot.SpringApplication.callRunners(SpringApplication.java:774)
	at org.springframework.boot.SpringApplication.run(SpringApplication.java:342)
	at org.springframework.boot.SpringApplication.run(SpringApplication.java:1363)
	at org.springframework.boot.SpringApplication.run(SpringApplication.java:1352)
	at com.sermas.x.men.Application.main(Application.java:26)
	at java.base/jdk.internal.reflect.DirectMethodHandleAccessor.invoke(DirectMethodHandleAccessor.java:103)
	at java.base/java.lang.reflect.Method.invoke(Method.java:580)
	at org.springframework.boot.devtools.restart.RestartLauncher.run(RestartLauncher.java:50)
02:15:00.196 [restartedMain] INFO  com.sermas.x.men.Application - Starting Application using Java 21.0.11 with PID 40188 (R:\OneDrive - King's College London\Workspace\Projects\SERMAS_KCL\Repositories\X-Men(Spring-Boot)\X-Men_3.0\target\classes started by Rish in R:\OneDrive - King's College London\Workspace\Projects\SERMAS_KCL\Repositories\X-Men(Spring-Boot)\X-Men_3.0)
02:15:00.198 [restartedMain] INFO  com.sermas.x.men.Application - No active profile set, falling back to 1 default profile: "default"
02:15:00.257 [restartedMain] INFO  o.s.b.d.e.DevToolsPropertyDefaultsPostProcessor - Devtools property defaults active! Set 'spring.devtools.add-properties' to 'false' to disable
02:15:02.287 [restartedMain] INFO  o.s.b.w.e.tomcat.TomcatWebServer - Tomcat initialized with port 8081 (http)
02:15:02.304 [restartedMain] INFO  o.a.coyote.http11.Http11NioProtocol - Initializing ProtocolHandler ["http-nio-8081"]
02:15:02.309 [restartedMain] INFO  o.a.catalina.core.StandardService - Starting service [Tomcat]
02:15:02.310 [restartedMain] INFO  o.a.catalina.core.StandardEngine - Starting Servlet engine: [Apache Tomcat/10.1.31]
02:15:02.375 [restartedMain] INFO  o.a.c.c.C.[Tomcat].[localhost].[/] - Initializing Spring embedded WebApplicationContext
02:15:02.376 [restartedMain] INFO  o.s.b.w.s.c.ServletWebServerApplicationContext - Root WebApplicationContext: initialization completed in 2117 ms
02:15:03.100 [restartedMain] INFO  c.s.x.m.s.HaskellDerivationFetcher - HaskellDerivationFetcher initialized with base URL: http://localhost:9091
02:15:03.243 [restartedMain] INFO  c.sermas.x.men.service.SettingsStore - Applied persisted vocabulary from C:\Users\Dell\.xmen\settings.json.
02:15:03.244 [restartedMain] INFO  c.sermas.x.men.service.SettingsStore - Applied persisted active theme 'ocean-cobalt'.
02:15:03.244 [restartedMain] INFO  c.sermas.x.men.service.SettingsStore - Applied persisted UI preferences.
02:15:03.494 [restartedMain] WARN  o.s.b.a.s.s.UserDetailsServiceAutoConfiguration - 

Using generated security password: bbe9bce1-2b0c-4136-afed-57924dd0edb7

This generated password is for development use only. Your security configuration must be updated before running your application in production.

02:15:03.530 [restartedMain] INFO  o.s.s.c.a.a.c.InitializeUserDetailsBeanManagerConfigurer$InitializeUserDetailsManagerConfigurer - Global AuthenticationManager configured with UserDetailsService bean with name inMemoryUserDetailsManager
02:15:04.002 [restartedMain] INFO  o.s.b.a.e.web.EndpointLinksResolver - Exposing 1 endpoint beneath base path '/actuator'
02:15:04.343 [restartedMain] WARN  o.s.b.a.t.ThymeleafAutoConfiguration$DefaultTemplateResolverConfiguration - Cannot find template location: classpath:/templates/ (please add some templates, check your Thymeleaf configuration, or set spring.thymeleaf.check-template-location=false)
02:15:04.630 [restartedMain] WARN  o.s.b.d.a.OptionalLiveReloadServer - Unable to start LiveReload server
02:15:04.698 [restartedMain] INFO  o.a.coyote.http11.Http11NioProtocol - Starting ProtocolHandler ["http-nio-8081"]
02:15:04.731 [restartedMain] INFO  o.s.b.w.e.tomcat.TomcatWebServer - Tomcat started on port 8081 (http) with context path '/'
02:15:04.751 [restartedMain] INFO  com.sermas.x.men.Application - Started Application in 5.073 seconds (process running for 5.873)
02:15:04.897 [JavaFX-Launcher] WARN  javafx - Unsupported JavaFX configuration: classes were loaded from 'unnamed module @2473b9ce'
02:15:06.084 [JavaFX Application Thread] INFO  c.s.x.m.user_interface.XMenInterface - Splash video 'X - Men 2.0.mp4' loaded; playing at 1280.0x800.0 with audio.
02:15:18.336 [http-nio-8081-exec-1] INFO  o.a.c.c.C.[Tomcat].[localhost].[/] - Initializing Spring DispatcherServlet 'dispatcherServlet'
02:15:18.337 [http-nio-8081-exec-1] INFO  o.s.web.servlet.DispatcherServlet - Initializing Servlet 'dispatcherServlet'
02:15:18.340 [http-nio-8081-exec-1] INFO  o.s.web.servlet.DispatcherServlet - Completed initialization in 3 ms
02:15:20.509 [JavaFX Application Thread] INFO  c.s.x.m.s.chatbot.ChatBotService - Extracted 6 AIML brain resources into C:\Users\Dell\AppData\Local\Temp\xmen-aiml-8351457160495806838\xmen
02:15:20.510 [JavaFX Application Thread] INFO  c.s.x.m.s.chatbot.ChatBotService - Loading X-Men AIML brain from C:\Users\Dell\AppData\Local\Temp\xmen-aiml-8351457160495806838\xmen\
02:15:20.663 [JavaFX Application Thread] INFO  c.s.x.m.s.chatbot.ChatBotService - ChatBotService status: AIML brain loaded from C:\Users\Dell\AppData\Local\Temp\xmen-aiml-8351457160495806838\xmen\
02:25:10.981 [restartedMain] INFO  com.sermas.x.men.Application - Starting Application using Java 21.0.11 with PID 68260 (R:\OneDrive - King's College London\Workspace\Projects\SERMAS_KCL\Repositories\X-Men(Spring-Boot)\X-Men_3.0\target\classes started by Rish in R:\OneDrive - King's College London\Workspace\Projects\SERMAS_KCL\Repositories\X-Men(Spring-Boot)\X-Men_3.0)
02:25:10.982 [restartedMain] INFO  com.sermas.x.men.Application - No active profile set, falling back to 1 default profile: "default"
02:25:11.320 [restartedMain] INFO  o.s.b.w.e.tomcat.TomcatWebServer - Tomcat initialized with port 8081 (http)
02:25:11.321 [restartedMain] INFO  o.a.coyote.http11.Http11NioProtocol - Initializing ProtocolHandler ["http-nio-8081"]
02:25:11.321 [restartedMain] INFO  o.a.catalina.core.StandardService - Starting service [Tomcat]
02:25:11.322 [restartedMain] INFO  o.a.catalina.core.StandardEngine - Starting Servlet engine: [Apache Tomcat/10.1.31]
02:25:11.346 [restartedMain] INFO  o.a.c.c.C.[Tomcat-1].[localhost].[/] - Initializing Spring embedded WebApplicationContext
02:25:11.346 [restartedMain] INFO  o.s.b.w.s.c.ServletWebServerApplicationContext - Root WebApplicationContext: initialization completed in 362 ms
02:25:11.444 [restartedMain] WARN  o.s.b.a.t.ThymeleafAutoConfiguration$DefaultTemplateResolverConfiguration - Cannot find template location: classpath:/templates/ (please add some templates, check your Thymeleaf configuration, or set spring.thymeleaf.check-template-location=false)
02:25:11.482 [restartedMain] WARN  o.s.b.a.s.s.UserDetailsServiceAutoConfiguration - 

Using generated security password: 3228dc8d-ccb6-41cd-a9b3-1e2f9fbd30ce

This generated password is for development use only. Your security configuration must be updated before running your application in production.

02:25:11.483 [restartedMain] INFO  o.s.s.c.a.a.c.InitializeUserDetailsBeanManagerConfigurer$InitializeUserDetailsManagerConfigurer - Global AuthenticationManager configured with UserDetailsService bean with name inMemoryUserDetailsManager
02:25:11.486 [restartedMain] INFO  o.s.b.a.e.web.EndpointLinksResolver - Exposing 1 endpoint beneath base path '/actuator'
02:25:11.496 [restartedMain] INFO  o.s.b.d.a.OptionalLiveReloadServer - LiveReload server is running on port 35729
02:25:11.502 [restartedMain] INFO  o.a.coyote.http11.Http11NioProtocol - Starting ProtocolHandler ["http-nio-8081"]
02:25:11.507 [restartedMain] INFO  o.s.b.w.e.tomcat.TomcatWebServer - Tomcat started on port 8081 (http) with context path '/'
02:25:11.514 [restartedMain] INFO  com.sermas.x.men.Application - Started Application in 0.591 seconds (process running for 5460.92)
02:25:11.516 [restartedMain] INFO  o.s.b.a.l.ConditionEvaluationReportLogger - 

Error starting ApplicationContext. To display the condition evaluation report re-run your application with 'debug' enabled.
02:25:11.519 [restartedMain] ERROR o.s.boot.SpringApplication - Application run failed
java.lang.NoClassDefFoundError: com/sermas/x/men/user_interface/XMenInterface
	at com.sermas.x.men.Application.run(Application.java:35)
	at org.springframework.boot.SpringApplication.lambda$callRunner$5(SpringApplication.java:790)
	at org.springframework.util.function.ThrowingConsumer$1.acceptWithException(ThrowingConsumer.java:83)
	at org.springframework.util.function.ThrowingConsumer.accept(ThrowingConsumer.java:60)
	at org.springframework.util.function.ThrowingConsumer$1.accept(ThrowingConsumer.java:88)
	at org.springframework.boot.SpringApplication.callRunner(SpringApplication.java:798)
	at org.springframework.boot.SpringApplication.callRunner(SpringApplication.java:789)
	at org.springframework.boot.SpringApplication.lambda$callRunners$3(SpringApplication.java:774)
	at java.base/java.util.stream.ForEachOps$ForEachOp$OfRef.accept(ForEachOps.java:184)
	at java.base/java.util.stream.SortedOps$SizedRefSortingSink.end(SortedOps.java:357)
	at java.base/java.util.stream.AbstractPipeline.copyInto(AbstractPipeline.java:510)
	at java.base/java.util.stream.AbstractPipeline.wrapAndCopyInto(AbstractPipeline.java:499)
	at java.base/java.util.stream.ForEachOps$ForEachOp.evaluateSequential(ForEachOps.java:151)
	at java.base/java.util.stream.ForEachOps$ForEachOp$OfRef.evaluateSequential(ForEachOps.java:174)
	at java.base/java.util.stream.AbstractPipeline.evaluate(AbstractPipeline.java:234)
	at java.base/java.util.stream.ReferencePipeline.forEach(ReferencePipeline.java:596)
	at org.springframework.boot.SpringApplication.callRunners(SpringApplication.java:774)
	at org.springframework.boot.SpringApplication.run(SpringApplication.java:342)
	at org.springframework.boot.SpringApplication.run(SpringApplication.java:1363)
	at org.springframework.boot.SpringApplication.run(SpringApplication.java:1352)
	at com.sermas.x.men.Application.main(Application.java:20)
	at java.base/jdk.internal.reflect.DirectMethodHandleAccessor.invoke(DirectMethodHandleAccessor.java:103)
	at java.base/java.lang.reflect.Method.invoke(Method.java:580)
	at org.springframework.boot.devtools.restart.RestartLauncher.run(RestartLauncher.java:50)
Caused by: java.lang.ClassNotFoundException: com.sermas.x.men.user_interface.XMenInterface
	... 24 common frames omitted
02:25:18.371 [restartedMain] INFO  com.sermas.x.men.Application - Starting Application using Java 21.0.11 with PID 68260 (R:\OneDrive - King's College London\Workspace\Projects\SERMAS_KCL\Repositories\X-Men(Spring-Boot)\X-Men_3.0\target\classes started by Rish in R:\OneDrive - King's College London\Workspace\Projects\SERMAS_KCL\Repositories\X-Men(Spring-Boot)\X-Men_3.0)
02:25:18.371 [restartedMain] INFO  com.sermas.x.men.Application - No active profile set, falling back to 1 default profile: "default"
02:25:18.767 [restartedMain] INFO  o.s.b.w.e.tomcat.TomcatWebServer - Tomcat initialized with port 8081 (http)
02:25:18.768 [restartedMain] INFO  o.a.coyote.http11.Http11NioProtocol - Initializing ProtocolHandler ["http-nio-8081"]
02:25:18.768 [restartedMain] INFO  o.a.catalina.core.StandardService - Starting service [Tomcat]
02:25:18.768 [restartedMain] INFO  o.a.catalina.core.StandardEngine - Starting Servlet engine: [Apache Tomcat/10.1.31]
02:25:18.789 [restartedMain] INFO  o.a.c.c.C.[Tomcat-1].[localhost].[/] - Initializing Spring embedded WebApplicationContext
02:25:18.789 [restartedMain] INFO  o.s.b.w.s.c.ServletWebServerApplicationContext - Root WebApplicationContext: initialization completed in 416 ms
02:25:18.879 [restartedMain] INFO  c.s.x.m.s.HaskellDerivationFetcher - HaskellDerivationFetcher initialized with base URL: http://localhost:9091
02:25:18.914 [restartedMain] INFO  c.sermas.x.men.service.SettingsStore - Applied persisted vocabulary from C:\Users\Dell\.xmen\settings.json.
02:25:18.914 [restartedMain] INFO  c.sermas.x.men.service.SettingsStore - Applied persisted active theme 'ocean-cobalt'.
02:25:18.914 [restartedMain] INFO  c.sermas.x.men.service.SettingsStore - Applied persisted UI preferences.
02:25:18.951 [restartedMain] WARN  o.s.b.a.s.s.UserDetailsServiceAutoConfiguration - 

Using generated security password: 8240c7f3-94ad-455e-aaeb-45d56272a6d1

This generated password is for development use only. Your security configuration must be updated before running your application in production.

02:25:18.952 [restartedMain] INFO  o.s.s.c.a.a.c.InitializeUserDetailsBeanManagerConfigurer$InitializeUserDetailsManagerConfigurer - Global AuthenticationManager configured with UserDetailsService bean with name inMemoryUserDetailsManager
02:25:19.018 [restartedMain] INFO  o.s.b.a.e.web.EndpointLinksResolver - Exposing 1 endpoint beneath base path '/actuator'
02:25:19.049 [restartedMain] WARN  o.s.b.a.t.ThymeleafAutoConfiguration$DefaultTemplateResolverConfiguration - Cannot find template location: classpath:/templates/ (please add some templates, check your Thymeleaf configuration, or set spring.thymeleaf.check-template-location=false)
02:25:19.085 [restartedMain] INFO  o.s.b.d.a.OptionalLiveReloadServer - LiveReload server is running on port 35729
02:25:19.101 [restartedMain] INFO  o.a.coyote.http11.Http11NioProtocol - Starting ProtocolHandler ["http-nio-8081"]
02:25:19.105 [restartedMain] INFO  o.s.b.w.e.tomcat.TomcatWebServer - Tomcat started on port 8081 (http) with context path '/'
02:25:19.109 [restartedMain] INFO  com.sermas.x.men.Application - Started Application in 0.772 seconds (process running for 5468.516)
02:25:19.114 [restartedMain] INFO  o.s.b.a.l.ConditionEvaluationReportLogger - 

Error starting ApplicationContext. To display the condition evaluation report re-run your application with 'debug' enabled.
02:25:19.117 [restartedMain] ERROR o.s.boot.SpringApplication - Application run failed
java.lang.IllegalStateException: Application launch must not be called more than once
	at com.sun.javafx.application.LauncherImpl.launchApplication(LauncherImpl.java:176)
	at com.sun.javafx.application.LauncherImpl.launchApplication(LauncherImpl.java:154)
	at javafx.application.Application.launch(Application.java:233)
	at com.sermas.x.men.Application.run(Application.java:55)
	at org.springframework.boot.SpringApplication.lambda$callRunner$5(SpringApplication.java:790)
	at org.springframework.util.function.ThrowingConsumer$1.acceptWithException(ThrowingConsumer.java:83)
	at org.springframework.util.function.ThrowingConsumer.accept(ThrowingConsumer.java:60)
	at org.springframework.util.function.ThrowingConsumer$1.accept(ThrowingConsumer.java:88)
	at org.springframework.boot.SpringApplication.callRunner(SpringApplication.java:798)
	at org.springframework.boot.SpringApplication.callRunner(SpringApplication.java:789)
	at org.springframework.boot.SpringApplication.lambda$callRunners$3(SpringApplication.java:774)
	at java.base/java.util.stream.ForEachOps$ForEachOp$OfRef.accept(ForEachOps.java:184)
	at java.base/java.util.stream.SortedOps$SizedRefSortingSink.end(SortedOps.java:357)
	at java.base/java.util.stream.AbstractPipeline.copyInto(AbstractPipeline.java:510)
	at java.base/java.util.stream.AbstractPipeline.wrapAndCopyInto(AbstractPipeline.java:499)
	at java.base/java.util.stream.ForEachOps$ForEachOp.evaluateSequential(ForEachOps.java:151)
	at java.base/java.util.stream.ForEachOps$ForEachOp$OfRef.evaluateSequential(ForEachOps.java:174)
	at java.base/java.util.stream.AbstractPipeline.evaluate(AbstractPipeline.java:234)
	at java.base/java.util.stream.ReferencePipeline.forEach(ReferencePipeline.java:596)
	at org.springframework.boot.SpringApplication.callRunners(SpringApplication.java:774)
	at org.springframework.boot.SpringApplication.run(SpringApplication.java:342)
	at org.springframework.boot.SpringApplication.run(SpringApplication.java:1363)
	at org.springframework.boot.SpringApplication.run(SpringApplication.java:1352)
	at com.sermas.x.men.Application.main(Application.java:26)
	at java.base/jdk.internal.reflect.DirectMethodHandleAccessor.invoke(DirectMethodHandleAccessor.java:103)
	at java.base/java.lang.reflect.Method.invoke(Method.java:580)
	at org.springframework.boot.devtools.restart.RestartLauncher.run(RestartLauncher.java:50)
02:25:23.126 [main] INFO  c.s.x.m.s.chatbot.ChatBotService - Extracted 6 AIML brain resources into C:\Users\Dell\AppData\Local\Temp\xmen-aiml-11132240725908926525\xmen
02:25:23.132 [main] INFO  c.s.x.m.s.chatbot.ChatBotService - Loading X-Men AIML brain from C:\Users\Dell\AppData\Local\Temp\xmen-aiml-11132240725908926525\xmen\
02:25:23.437 [main] INFO  c.s.x.m.s.chatbot.ChatBotService - ChatBotService status: AIML brain loaded from C:\Users\Dell\AppData\Local\Temp\xmen-aiml-11132240725908926525\xmen\
02:25:38.728 [restartedMain] INFO  com.sermas.x.men.Application - Starting Application using Java 21.0.11 with PID 68260 (R:\OneDrive - King's College London\Workspace\Projects\SERMAS_KCL\Repositories\X-Men(Spring-Boot)\X-Men_3.0\target\classes started by Rish in R:\OneDrive - King's College London\Workspace\Projects\SERMAS_KCL\Repositories\X-Men(Spring-Boot)\X-Men_3.0)
02:25:38.728 [restartedMain] INFO  com.sermas.x.men.Application - No active profile set, falling back to 1 default profile: "default"
02:25:38.985 [restartedMain] INFO  o.s.b.w.e.tomcat.TomcatWebServer - Tomcat initialized with port 8081 (http)
02:25:38.986 [restartedMain] INFO  o.a.coyote.http11.Http11NioProtocol - Initializing ProtocolHandler ["http-nio-8081"]
02:25:38.986 [restartedMain] INFO  o.a.catalina.core.StandardService - Starting service [Tomcat]
02:25:38.986 [restartedMain] INFO  o.a.catalina.core.StandardEngine - Starting Servlet engine: [Apache Tomcat/10.1.31]
02:25:39.006 [restartedMain] INFO  o.a.c.c.C.[Tomcat-1].[localhost].[/] - Initializing Spring embedded WebApplicationContext
02:25:39.006 [restartedMain] INFO  o.s.b.w.s.c.ServletWebServerApplicationContext - Root WebApplicationContext: initialization completed in 276 ms
02:25:39.073 [restartedMain] WARN  o.s.b.a.t.ThymeleafAutoConfiguration$DefaultTemplateResolverConfiguration - Cannot find template location: classpath:/templates/ (please add some templates, check your Thymeleaf configuration, or set spring.thymeleaf.check-template-location=false)
02:25:39.105 [restartedMain] WARN  o.s.b.a.s.s.UserDetailsServiceAutoConfiguration - 

Using generated security password: 9c70dccf-345e-40cf-b574-c5c3893477f3

This generated password is for development use only. Your security configuration must be updated before running your application in production.

02:25:39.106 [restartedMain] INFO  o.s.s.c.a.a.c.InitializeUserDetailsBeanManagerConfigurer$InitializeUserDetailsManagerConfigurer - Global AuthenticationManager configured with UserDetailsService bean with name inMemoryUserDetailsManager
02:25:39.109 [restartedMain] INFO  o.s.b.a.e.web.EndpointLinksResolver - Exposing 1 endpoint beneath base path '/actuator'
02:25:39.117 [restartedMain] INFO  o.s.b.d.a.OptionalLiveReloadServer - LiveReload server is running on port 35729
02:25:39.125 [restartedMain] INFO  o.a.coyote.http11.Http11NioProtocol - Starting ProtocolHandler ["http-nio-8081"]
02:25:39.129 [restartedMain] INFO  o.s.b.w.e.tomcat.TomcatWebServer - Tomcat started on port 8081 (http) with context path '/'
02:25:39.134 [restartedMain] INFO  com.sermas.x.men.Application - Started Application in 0.442 seconds (process running for 5488.541)
02:25:39.136 [restartedMain] INFO  o.s.b.a.l.ConditionEvaluationReportLogger - 

Error starting ApplicationContext. To display the condition evaluation report re-run your application with 'debug' enabled.
02:25:39.136 [restartedMain] ERROR o.s.boot.SpringApplication - Application run failed
java.lang.NoClassDefFoundError: com/sermas/x/men/user_interface/XMenInterface
	at com.sermas.x.men.Application.run(Application.java:35)
	at org.springframework.boot.SpringApplication.lambda$callRunner$5(SpringApplication.java:790)
	at org.springframework.util.function.ThrowingConsumer$1.acceptWithException(ThrowingConsumer.java:83)
	at org.springframework.util.function.ThrowingConsumer.accept(ThrowingConsumer.java:60)
	at org.springframework.util.function.ThrowingConsumer$1.accept(ThrowingConsumer.java:88)
	at org.springframework.boot.SpringApplication.callRunner(SpringApplication.java:798)
	at org.springframework.boot.SpringApplication.callRunner(SpringApplication.java:789)
	at org.springframework.boot.SpringApplication.lambda$callRunners$3(SpringApplication.java:774)
	at java.base/java.util.stream.ForEachOps$ForEachOp$OfRef.accept(ForEachOps.java:184)
	at java.base/java.util.stream.SortedOps$SizedRefSortingSink.end(SortedOps.java:357)
	at java.base/java.util.stream.AbstractPipeline.copyInto(AbstractPipeline.java:510)
	at java.base/java.util.stream.AbstractPipeline.wrapAndCopyInto(AbstractPipeline.java:499)
	at java.base/java.util.stream.ForEachOps$ForEachOp.evaluateSequential(ForEachOps.java:151)
	at java.base/java.util.stream.ForEachOps$ForEachOp$OfRef.evaluateSequential(ForEachOps.java:174)
	at java.base/java.util.stream.AbstractPipeline.evaluate(AbstractPipeline.java:234)
	at java.base/java.util.stream.ReferencePipeline.forEach(ReferencePipeline.java:596)
	at org.springframework.boot.SpringApplication.callRunners(SpringApplication.java:774)
	at org.springframework.boot.SpringApplication.run(SpringApplication.java:342)
	at org.springframework.boot.SpringApplication.run(SpringApplication.java:1363)
	at org.springframework.boot.SpringApplication.run(SpringApplication.java:1352)
	at com.sermas.x.men.Application.main(Application.java:20)
	at java.base/jdk.internal.reflect.DirectMethodHandleAccessor.invoke(DirectMethodHandleAccessor.java:103)
	at java.base/java.lang.reflect.Method.invoke(Method.java:580)
	at org.springframework.boot.devtools.restart.RestartLauncher.run(RestartLauncher.java:50)
Caused by: java.lang.ClassNotFoundException: com.sermas.x.men.user_interface.XMenInterface
	... 24 common frames omitted
02:25:46.068 [restartedMain] INFO  com.sermas.x.men.Application - Starting Application using Java 21.0.11 with PID 68260 (R:\OneDrive - King's College London\Workspace\Projects\SERMAS_KCL\Repositories\X-Men(Spring-Boot)\X-Men_3.0\target\classes started by Rish in R:\OneDrive - King's College London\Workspace\Projects\SERMAS_KCL\Repositories\X-Men(Spring-Boot)\X-Men_3.0)
02:25:46.069 [restartedMain] INFO  com.sermas.x.men.Application - No active profile set, falling back to 1 default profile: "default"
02:25:46.442 [restartedMain] INFO  o.s.b.w.e.tomcat.TomcatWebServer - Tomcat initialized with port 8081 (http)
02:25:46.443 [restartedMain] INFO  o.a.coyote.http11.Http11NioProtocol - Initializing ProtocolHandler ["http-nio-8081"]
02:25:46.443 [restartedMain] INFO  o.a.catalina.core.StandardService - Starting service [Tomcat]
02:25:46.444 [restartedMain] INFO  o.a.catalina.core.StandardEngine - Starting Servlet engine: [Apache Tomcat/10.1.31]
02:25:46.467 [restartedMain] INFO  o.a.c.c.C.[Tomcat-1].[localhost].[/] - Initializing Spring embedded WebApplicationContext
02:25:46.467 [restartedMain] INFO  o.s.b.w.s.c.ServletWebServerApplicationContext - Root WebApplicationContext: initialization completed in 397 ms
02:25:46.539 [restartedMain] INFO  c.s.x.m.s.HaskellDerivationFetcher - HaskellDerivationFetcher initialized with base URL: http://localhost:9091
02:25:46.570 [restartedMain] INFO  c.sermas.x.men.service.SettingsStore - Applied persisted vocabulary from C:\Users\Dell\.xmen\settings.json.
02:25:46.570 [restartedMain] INFO  c.sermas.x.men.service.SettingsStore - Applied persisted active theme 'ocean-cobalt'.
02:25:46.570 [restartedMain] INFO  c.sermas.x.men.service.SettingsStore - Applied persisted UI preferences.
02:25:46.624 [restartedMain] WARN  o.s.b.a.s.s.UserDetailsServiceAutoConfiguration - 

Using generated security password: 00c16ddd-368f-4b7d-a52d-026518636ac6

This generated password is for development use only. Your security configuration must be updated before running your application in production.

02:25:46.624 [restartedMain] INFO  o.s.s.c.a.a.c.InitializeUserDetailsBeanManagerConfigurer$InitializeUserDetailsManagerConfigurer - Global AuthenticationManager configured with UserDetailsService bean with name inMemoryUserDetailsManager
02:25:46.731 [restartedMain] INFO  o.s.b.a.e.web.EndpointLinksResolver - Exposing 1 endpoint beneath base path '/actuator'
02:25:46.762 [restartedMain] WARN  o.s.b.a.t.ThymeleafAutoConfiguration$DefaultTemplateResolverConfiguration - Cannot find template location: classpath:/templates/ (please add some templates, check your Thymeleaf configuration, or set spring.thymeleaf.check-template-location=false)
02:25:46.799 [restartedMain] INFO  o.s.b.d.a.OptionalLiveReloadServer - LiveReload server is running on port 35729
02:25:46.816 [restartedMain] INFO  o.a.coyote.http11.Http11NioProtocol - Starting ProtocolHandler ["http-nio-8081"]
02:25:46.822 [restartedMain] INFO  o.s.b.w.e.tomcat.TomcatWebServer - Tomcat started on port 8081 (http) with context path '/'
02:25:46.831 [restartedMain] INFO  com.sermas.x.men.Application - Started Application in 0.795 seconds (process running for 5496.237)
02:25:46.842 [restartedMain] INFO  o.s.b.a.l.ConditionEvaluationReportLogger - 

Error starting ApplicationContext. To display the condition evaluation report re-run your application with 'debug' enabled.
02:25:46.848 [restartedMain] ERROR o.s.boot.SpringApplication - Application run failed
java.lang.IllegalStateException: Application launch must not be called more than once
	at com.sun.javafx.application.LauncherImpl.launchApplication(LauncherImpl.java:176)
	at com.sun.javafx.application.LauncherImpl.launchApplication(LauncherImpl.java:154)
	at javafx.application.Application.launch(Application.java:233)
	at com.sermas.x.men.Application.run(Application.java:55)
	at org.springframework.boot.SpringApplication.lambda$callRunner$5(SpringApplication.java:790)
	at org.springframework.util.function.ThrowingConsumer$1.acceptWithException(ThrowingConsumer.java:83)
	at org.springframework.util.function.ThrowingConsumer.accept(ThrowingConsumer.java:60)
	at org.springframework.util.function.ThrowingConsumer$1.accept(ThrowingConsumer.java:88)
	at org.springframework.boot.SpringApplication.callRunner(SpringApplication.java:798)
	at org.springframework.boot.SpringApplication.callRunner(SpringApplication.java:789)
	at org.springframework.boot.SpringApplication.lambda$callRunners$3(SpringApplication.java:774)
	at java.base/java.util.stream.ForEachOps$ForEachOp$OfRef.accept(ForEachOps.java:184)
	at java.base/java.util.stream.SortedOps$SizedRefSortingSink.end(SortedOps.java:357)
	at java.base/java.util.stream.AbstractPipeline.copyInto(AbstractPipeline.java:510)
	at java.base/java.util.stream.AbstractPipeline.wrapAndCopyInto(AbstractPipeline.java:499)
	at java.base/java.util.stream.ForEachOps$ForEachOp.evaluateSequential(ForEachOps.java:151)
	at java.base/java.util.stream.ForEachOps$ForEachOp$OfRef.evaluateSequential(ForEachOps.java:174)
	at java.base/java.util.stream.AbstractPipeline.evaluate(AbstractPipeline.java:234)
	at java.base/java.util.stream.ReferencePipeline.forEach(ReferencePipeline.java:596)
	at org.springframework.boot.SpringApplication.callRunners(SpringApplication.java:774)
	at org.springframework.boot.SpringApplication.run(SpringApplication.java:342)
	at org.springframework.boot.SpringApplication.run(SpringApplication.java:1363)
	at org.springframework.boot.SpringApplication.run(SpringApplication.java:1352)
	at com.sermas.x.men.Application.main(Application.java:26)
	at java.base/jdk.internal.reflect.DirectMethodHandleAccessor.invoke(DirectMethodHandleAccessor.java:103)
	at java.base/java.lang.reflect.Method.invoke(Method.java:580)
	at org.springframework.boot.devtools.restart.RestartLauncher.run(RestartLauncher.java:50)
02:25:50.395 [main] INFO  c.s.x.m.s.chatbot.ChatBotService - Extracted 6 AIML brain resources into C:\Users\Dell\AppData\Local\Temp\xmen-aiml-2034908166610870409\xmen
02:25:50.402 [main] INFO  c.s.x.m.s.chatbot.ChatBotService - Loading X-Men AIML brain from C:\Users\Dell\AppData\Local\Temp\xmen-aiml-2034908166610870409\xmen\
02:25:50.695 [main] INFO  c.s.x.m.s.chatbot.ChatBotService - ChatBotService status: AIML brain loaded from C:\Users\Dell\AppData\Local\Temp\xmen-aiml-2034908166610870409\xmen\
02:26:37.295 [restartedMain] INFO  com.sermas.x.men.Application - Starting Application using Java 21.0.11 with PID 68260 (R:\OneDrive - King's College London\Workspace\Projects\SERMAS_KCL\Repositories\X-Men(Spring-Boot)\X-Men_3.0\target\classes started by Rish in R:\OneDrive - King's College London\Workspace\Projects\SERMAS_KCL\Repositories\X-Men(Spring-Boot)\X-Men_3.0)
02:26:37.296 [restartedMain] INFO  com.sermas.x.men.Application - No active profile set, falling back to 1 default profile: "default"
02:26:37.568 [restartedMain] INFO  o.s.b.w.e.tomcat.TomcatWebServer - Tomcat initialized with port 8081 (http)
02:26:37.569 [restartedMain] INFO  o.a.coyote.http11.Http11NioProtocol - Initializing ProtocolHandler ["http-nio-8081"]
02:26:37.569 [restartedMain] INFO  o.a.catalina.core.StandardService - Starting service [Tomcat]
02:26:37.569 [restartedMain] INFO  o.a.catalina.core.StandardEngine - Starting Servlet engine: [Apache Tomcat/10.1.31]
02:26:37.594 [restartedMain] INFO  o.a.c.c.C.[Tomcat-1].[localhost].[/] - Initializing Spring embedded WebApplicationContext
02:26:37.594 [restartedMain] INFO  o.s.b.w.s.c.ServletWebServerApplicationContext - Root WebApplicationContext: initialization completed in 296 ms
02:26:37.692 [restartedMain] WARN  o.s.b.a.t.ThymeleafAutoConfiguration$DefaultTemplateResolverConfiguration - Cannot find template location: classpath:/templates/ (please add some templates, check your Thymeleaf configuration, or set spring.thymeleaf.check-template-location=false)
02:26:37.732 [restartedMain] WARN  o.s.b.a.s.s.UserDetailsServiceAutoConfiguration - 

Using generated security password: 23606ef4-d0c0-41f0-9da4-3be9caef8526

This generated password is for development use only. Your security configuration must be updated before running your application in production.

02:26:37.733 [restartedMain] INFO  o.s.s.c.a.a.c.InitializeUserDetailsBeanManagerConfigurer$InitializeUserDetailsManagerConfigurer - Global AuthenticationManager configured with UserDetailsService bean with name inMemoryUserDetailsManager
02:26:37.737 [restartedMain] INFO  o.s.b.a.e.web.EndpointLinksResolver - Exposing 1 endpoint beneath base path '/actuator'
02:26:37.750 [restartedMain] INFO  o.s.b.d.a.OptionalLiveReloadServer - LiveReload server is running on port 35729
02:26:37.757 [restartedMain] INFO  o.a.coyote.http11.Http11NioProtocol - Starting ProtocolHandler ["http-nio-8081"]
02:26:37.762 [restartedMain] INFO  o.s.b.w.e.tomcat.TomcatWebServer - Tomcat started on port 8081 (http) with context path '/'
02:26:37.766 [restartedMain] INFO  com.sermas.x.men.Application - Started Application in 0.521 seconds (process running for 5547.172)
02:26:37.768 [restartedMain] INFO  o.s.b.a.l.ConditionEvaluationReportLogger - 

Error starting ApplicationContext. To display the condition evaluation report re-run your application with 'debug' enabled.
02:26:37.772 [restartedMain] ERROR o.s.boot.SpringApplication - Application run failed
java.lang.NoClassDefFoundError: com/sermas/x/men/user_interface/XMenInterface
	at com.sermas.x.men.Application.run(Application.java:35)
	at org.springframework.boot.SpringApplication.lambda$callRunner$5(SpringApplication.java:790)
	at org.springframework.util.function.ThrowingConsumer$1.acceptWithException(ThrowingConsumer.java:83)
	at org.springframework.util.function.ThrowingConsumer.accept(ThrowingConsumer.java:60)
	at org.springframework.util.function.ThrowingConsumer$1.accept(ThrowingConsumer.java:88)
	at org.springframework.boot.SpringApplication.callRunner(SpringApplication.java:798)
	at org.springframework.boot.SpringApplication.callRunner(SpringApplication.java:789)
	at org.springframework.boot.SpringApplication.lambda$callRunners$3(SpringApplication.java:774)
	at java.base/java.util.stream.ForEachOps$ForEachOp$OfRef.accept(ForEachOps.java:184)
	at java.base/java.util.stream.SortedOps$SizedRefSortingSink.end(SortedOps.java:357)
	at java.base/java.util.stream.AbstractPipeline.copyInto(AbstractPipeline.java:510)
	at java.base/java.util.stream.AbstractPipeline.wrapAndCopyInto(AbstractPipeline.java:499)
	at java.base/java.util.stream.ForEachOps$ForEachOp.evaluateSequential(ForEachOps.java:151)
	at java.base/java.util.stream.ForEachOps$ForEachOp$OfRef.evaluateSequential(ForEachOps.java:174)
	at java.base/java.util.stream.AbstractPipeline.evaluate(AbstractPipeline.java:234)
	at java.base/java.util.stream.ReferencePipeline.forEach(ReferencePipeline.java:596)
	at org.springframework.boot.SpringApplication.callRunners(SpringApplication.java:774)
	at org.springframework.boot.SpringApplication.run(SpringApplication.java:342)
	at org.springframework.boot.SpringApplication.run(SpringApplication.java:1363)
	at org.springframework.boot.SpringApplication.run(SpringApplication.java:1352)
	at com.sermas.x.men.Application.main(Application.java:20)
	at java.base/jdk.internal.reflect.DirectMethodHandleAccessor.invoke(DirectMethodHandleAccessor.java:103)
	at java.base/java.lang.reflect.Method.invoke(Method.java:580)
	at org.springframework.boot.devtools.restart.RestartLauncher.run(RestartLauncher.java:50)
Caused by: java.lang.ClassNotFoundException: com.sermas.x.men.user_interface.XMenInterface
	... 24 common frames omitted
02:26:44.339 [restartedMain] INFO  com.sermas.x.men.Application - Starting Application using Java 21.0.11 with PID 68260 (R:\OneDrive - King's College London\Workspace\Projects\SERMAS_KCL\Repositories\X-Men(Spring-Boot)\X-Men_3.0\target\classes started by Rish in R:\OneDrive - King's College London\Workspace\Projects\SERMAS_KCL\Repositories\X-Men(Spring-Boot)\X-Men_3.0)
02:26:44.339 [restartedMain] INFO  com.sermas.x.men.Application - No active profile set, falling back to 1 default profile: "default"
02:26:44.837 [restartedMain] INFO  o.s.b.w.e.tomcat.TomcatWebServer - Tomcat initialized with port 8081 (http)
02:26:44.838 [restartedMain] INFO  o.a.coyote.http11.Http11NioProtocol - Initializing ProtocolHandler ["http-nio-8081"]
02:26:44.838 [restartedMain] INFO  o.a.catalina.core.StandardService - Starting service [Tomcat]
02:26:44.838 [restartedMain] INFO  o.a.catalina.core.StandardEngine - Starting Servlet engine: [Apache Tomcat/10.1.31]
02:26:44.867 [restartedMain] INFO  o.a.c.c.C.[Tomcat-1].[localhost].[/] - Initializing Spring embedded WebApplicationContext
02:26:44.867 [restartedMain] INFO  o.s.b.w.s.c.ServletWebServerApplicationContext - Root WebApplicationContext: initialization completed in 526 ms
02:26:44.991 [restartedMain] INFO  c.s.x.m.s.HaskellDerivationFetcher - HaskellDerivationFetcher initialized with base URL: http://localhost:9091
02:26:45.050 [restartedMain] INFO  c.sermas.x.men.service.SettingsStore - Applied persisted vocabulary from C:\Users\Dell\.xmen\settings.json.
02:26:45.050 [restartedMain] INFO  c.sermas.x.men.service.SettingsStore - Applied persisted active theme 'ocean-cobalt'.
02:26:45.050 [restartedMain] INFO  c.sermas.x.men.service.SettingsStore - Applied persisted UI preferences.
02:26:45.134 [restartedMain] WARN  o.s.b.a.s.s.UserDetailsServiceAutoConfiguration - 

Using generated security password: b3659f24-0100-4d00-8660-678793ae1b1b

This generated password is for development use only. Your security configuration must be updated before running your application in production.

02:26:45.135 [restartedMain] INFO  o.s.s.c.a.a.c.InitializeUserDetailsBeanManagerConfigurer$InitializeUserDetailsManagerConfigurer - Global AuthenticationManager configured with UserDetailsService bean with name inMemoryUserDetailsManager
02:26:45.218 [restartedMain] INFO  o.s.b.a.e.web.EndpointLinksResolver - Exposing 1 endpoint beneath base path '/actuator'
02:26:45.272 [restartedMain] WARN  o.s.b.a.t.ThymeleafAutoConfiguration$DefaultTemplateResolverConfiguration - Cannot find template location: classpath:/templates/ (please add some templates, check your Thymeleaf configuration, or set spring.thymeleaf.check-template-location=false)
02:26:45.315 [restartedMain] INFO  o.s.b.d.a.OptionalLiveReloadServer - LiveReload server is running on port 35729
02:26:45.328 [restartedMain] INFO  o.a.coyote.http11.Http11NioProtocol - Starting ProtocolHandler ["http-nio-8081"]
02:26:45.332 [restartedMain] INFO  o.s.b.w.e.tomcat.TomcatWebServer - Tomcat started on port 8081 (http) with context path '/'
02:26:45.338 [restartedMain] INFO  com.sermas.x.men.Application - Started Application in 1.037 seconds (process running for 5554.745)
02:26:45.347 [restartedMain] INFO  o.s.b.a.l.ConditionEvaluationReportLogger - 

Error starting ApplicationContext. To display the condition evaluation report re-run your application with 'debug' enabled.
02:26:45.350 [restartedMain] ERROR o.s.boot.SpringApplication - Application run failed
java.lang.IllegalStateException: Application launch must not be called more than once
	at com.sun.javafx.application.LauncherImpl.launchApplication(LauncherImpl.java:176)
	at com.sun.javafx.application.LauncherImpl.launchApplication(LauncherImpl.java:154)
	at javafx.application.Application.launch(Application.java:233)
	at com.sermas.x.men.Application.run(Application.java:55)
	at org.springframework.boot.SpringApplication.lambda$callRunner$5(SpringApplication.java:790)
	at org.springframework.util.function.ThrowingConsumer$1.acceptWithException(ThrowingConsumer.java:83)
	at org.springframework.util.function.ThrowingConsumer.accept(ThrowingConsumer.java:60)
	at org.springframework.util.function.ThrowingConsumer$1.accept(ThrowingConsumer.java:88)
	at org.springframework.boot.SpringApplication.callRunner(SpringApplication.java:798)
	at org.springframework.boot.SpringApplication.callRunner(SpringApplication.java:789)
	at org.springframework.boot.SpringApplication.lambda$callRunners$3(SpringApplication.java:774)
	at java.base/java.util.stream.ForEachOps$ForEachOp$OfRef.accept(ForEachOps.java:184)
	at java.base/java.util.stream.SortedOps$SizedRefSortingSink.end(SortedOps.java:357)
	at java.base/java.util.stream.AbstractPipeline.copyInto(AbstractPipeline.java:510)
	at java.base/java.util.stream.AbstractPipeline.wrapAndCopyInto(AbstractPipeline.java:499)
	at java.base/java.util.stream.ForEachOps$ForEachOp.evaluateSequential(ForEachOps.java:151)
	at java.base/java.util.stream.ForEachOps$ForEachOp$OfRef.evaluateSequential(ForEachOps.java:174)
	at java.base/java.util.stream.AbstractPipeline.evaluate(AbstractPipeline.java:234)
	at java.base/java.util.stream.ReferencePipeline.forEach(ReferencePipeline.java:596)
	at org.springframework.boot.SpringApplication.callRunners(SpringApplication.java:774)
	at org.springframework.boot.SpringApplication.run(SpringApplication.java:342)
	at org.springframework.boot.SpringApplication.run(SpringApplication.java:1363)
	at org.springframework.boot.SpringApplication.run(SpringApplication.java:1352)
	at com.sermas.x.men.Application.main(Application.java:26)
	at java.base/jdk.internal.reflect.DirectMethodHandleAccessor.invoke(DirectMethodHandleAccessor.java:103)
	at java.base/java.lang.reflect.Method.invoke(Method.java:580)
	at org.springframework.boot.devtools.restart.RestartLauncher.run(RestartLauncher.java:50)
02:26:48.767 [main] INFO  c.s.x.m.s.chatbot.ChatBotService - Extracted 6 AIML brain resources into C:\Users\Dell\AppData\Local\Temp\xmen-aiml-1784867277904990423\xmen
02:26:48.770 [main] INFO  c.s.x.m.s.chatbot.ChatBotService - Loading X-Men AIML brain from C:\Users\Dell\AppData\Local\Temp\xmen-aiml-1784867277904990423\xmen\
02:26:49.053 [main] INFO  c.s.x.m.s.chatbot.ChatBotService - ChatBotService status: AIML brain loaded from C:\Users\Dell\AppData\Local\Temp\xmen-aiml-1784867277904990423\xmen\
02:28:33.153 [restartedMain] INFO  com.sermas.x.men.Application - Starting Application using Java 21.0.11 with PID 68260 (R:\OneDrive - King's College London\Workspace\Projects\SERMAS_KCL\Repositories\X-Men(Spring-Boot)\X-Men_3.0\target\classes started by Rish in R:\OneDrive - King's College London\Workspace\Projects\SERMAS_KCL\Repositories\X-Men(Spring-Boot)\X-Men_3.0)
02:28:33.153 [restartedMain] INFO  com.sermas.x.men.Application - No active profile set, falling back to 1 default profile: "default"
02:28:33.424 [restartedMain] INFO  o.s.b.w.e.tomcat.TomcatWebServer - Tomcat initialized with port 8081 (http)
02:28:33.425 [restartedMain] INFO  o.a.coyote.http11.Http11NioProtocol - Initializing ProtocolHandler ["http-nio-8081"]
02:28:33.425 [restartedMain] INFO  o.a.catalina.core.StandardService - Starting service [Tomcat]
02:28:33.425 [restartedMain] INFO  o.a.catalina.core.StandardEngine - Starting Servlet engine: [Apache Tomcat/10.1.31]
02:28:33.445 [restartedMain] INFO  o.a.c.c.C.[Tomcat-1].[localhost].[/] - Initializing Spring embedded WebApplicationContext
02:28:33.445 [restartedMain] INFO  o.s.b.w.s.c.ServletWebServerApplicationContext - Root WebApplicationContext: initialization completed in 289 ms
02:28:33.526 [restartedMain] WARN  o.s.b.a.t.ThymeleafAutoConfiguration$DefaultTemplateResolverConfiguration - Cannot find template location: classpath:/templates/ (please add some templates, check your Thymeleaf configuration, or set spring.thymeleaf.check-template-location=false)
02:28:33.557 [restartedMain] WARN  o.s.b.a.s.s.UserDetailsServiceAutoConfiguration - 

Using generated security password: ce8d4383-666c-465e-9f3c-701b6ee052d6

This generated password is for development use only. Your security configuration must be updated before running your application in production.

02:28:33.558 [restartedMain] INFO  o.s.s.c.a.a.c.InitializeUserDetailsBeanManagerConfigurer$InitializeUserDetailsManagerConfigurer - Global AuthenticationManager configured with UserDetailsService bean with name inMemoryUserDetailsManager
02:28:33.561 [restartedMain] INFO  o.s.b.a.e.web.EndpointLinksResolver - Exposing 1 endpoint beneath base path '/actuator'
02:28:33.572 [restartedMain] INFO  o.s.b.d.a.OptionalLiveReloadServer - LiveReload server is running on port 35729
02:28:33.578 [restartedMain] INFO  o.a.coyote.http11.Http11NioProtocol - Starting ProtocolHandler ["http-nio-8081"]
02:28:33.583 [restartedMain] INFO  o.s.b.w.e.tomcat.TomcatWebServer - Tomcat started on port 8081 (http) with context path '/'
02:28:33.587 [restartedMain] INFO  com.sermas.x.men.Application - Started Application in 0.468 seconds (process running for 5662.994)
02:28:33.589 [restartedMain] INFO  o.s.b.a.l.ConditionEvaluationReportLogger - 

Error starting ApplicationContext. To display the condition evaluation report re-run your application with 'debug' enabled.
02:28:33.592 [restartedMain] ERROR o.s.boot.SpringApplication - Application run failed
java.lang.NoClassDefFoundError: com/sermas/x/men/user_interface/XMenInterface
	at com.sermas.x.men.Application.run(Application.java:35)
	at org.springframework.boot.SpringApplication.lambda$callRunner$5(SpringApplication.java:790)
	at org.springframework.util.function.ThrowingConsumer$1.acceptWithException(ThrowingConsumer.java:83)
	at org.springframework.util.function.ThrowingConsumer.accept(ThrowingConsumer.java:60)
	at org.springframework.util.function.ThrowingConsumer$1.accept(ThrowingConsumer.java:88)
	at org.springframework.boot.SpringApplication.callRunner(SpringApplication.java:798)
	at org.springframework.boot.SpringApplication.callRunner(SpringApplication.java:789)
	at org.springframework.boot.SpringApplication.lambda$callRunners$3(SpringApplication.java:774)
	at java.base/java.util.stream.ForEachOps$ForEachOp$OfRef.accept(ForEachOps.java:184)
	at java.base/java.util.stream.SortedOps$SizedRefSortingSink.end(SortedOps.java:357)
	at java.base/java.util.stream.AbstractPipeline.copyInto(AbstractPipeline.java:510)
	at java.base/java.util.stream.AbstractPipeline.wrapAndCopyInto(AbstractPipeline.java:499)
	at java.base/java.util.stream.ForEachOps$ForEachOp.evaluateSequential(ForEachOps.java:151)
	at java.base/java.util.stream.ForEachOps$ForEachOp$OfRef.evaluateSequential(ForEachOps.java:174)
	at java.base/java.util.stream.AbstractPipeline.evaluate(AbstractPipeline.java:234)
	at java.base/java.util.stream.ReferencePipeline.forEach(ReferencePipeline.java:596)
	at org.springframework.boot.SpringApplication.callRunners(SpringApplication.java:774)
	at org.springframework.boot.SpringApplication.run(SpringApplication.java:342)
	at org.springframework.boot.SpringApplication.run(SpringApplication.java:1363)
	at org.springframework.boot.SpringApplication.run(SpringApplication.java:1352)
	at com.sermas.x.men.Application.main(Application.java:20)
	at java.base/jdk.internal.reflect.DirectMethodHandleAccessor.invoke(DirectMethodHandleAccessor.java:103)
	at java.base/java.lang.reflect.Method.invoke(Method.java:580)
	at org.springframework.boot.devtools.restart.RestartLauncher.run(RestartLauncher.java:50)
Caused by: java.lang.ClassNotFoundException: com.sermas.x.men.user_interface.XMenInterface
	... 24 common frames omitted
02:28:39.485 [restartedMain] INFO  com.sermas.x.men.Application - Starting Application using Java 21.0.11 with PID 68260 (R:\OneDrive - King's College London\Workspace\Projects\SERMAS_KCL\Repositories\X-Men(Spring-Boot)\X-Men_3.0\target\classes started by Rish in R:\OneDrive - King's College London\Workspace\Projects\SERMAS_KCL\Repositories\X-Men(Spring-Boot)\X-Men_3.0)
02:28:39.487 [restartedMain] INFO  com.sermas.x.men.Application - No active profile set, falling back to 1 default profile: "default"
02:28:39.910 [restartedMain] INFO  o.s.b.w.e.tomcat.TomcatWebServer - Tomcat initialized with port 8081 (http)
02:28:39.911 [restartedMain] INFO  o.a.coyote.http11.Http11NioProtocol - Initializing ProtocolHandler ["http-nio-8081"]
02:28:39.912 [restartedMain] INFO  o.a.catalina.core.StandardService - Starting service [Tomcat]
02:28:39.914 [restartedMain] INFO  o.a.catalina.core.StandardEngine - Starting Servlet engine: [Apache Tomcat/10.1.31]
02:28:39.962 [restartedMain] INFO  o.a.c.c.C.[Tomcat-1].[localhost].[/] - Initializing Spring embedded WebApplicationContext
02:28:39.962 [restartedMain] INFO  o.s.b.w.s.c.ServletWebServerApplicationContext - Root WebApplicationContext: initialization completed in 473 ms
02:28:40.271 [restartedMain] INFO  c.s.x.m.s.HaskellDerivationFetcher - HaskellDerivationFetcher initialized with base URL: http://localhost:9091
02:28:40.305 [restartedMain] INFO  c.sermas.x.men.service.SettingsStore - Applied persisted vocabulary from C:\Users\Dell\.xmen\settings.json.
02:28:40.305 [restartedMain] INFO  c.sermas.x.men.service.SettingsStore - Applied persisted active theme 'ocean-cobalt'.
02:28:40.305 [restartedMain] INFO  c.sermas.x.men.service.SettingsStore - Applied persisted UI preferences.
02:28:40.334 [restartedMain] WARN  o.s.b.a.s.s.UserDetailsServiceAutoConfiguration - 

Using generated security password: db95b060-1547-4ee8-9799-442830e56a19

This generated password is for development use only. Your security configuration must be updated before running your application in production.

02:28:40.335 [restartedMain] INFO  o.s.s.c.a.a.c.InitializeUserDetailsBeanManagerConfigurer$InitializeUserDetailsManagerConfigurer - Global AuthenticationManager configured with UserDetailsService bean with name inMemoryUserDetailsManager
02:28:40.397 [restartedMain] INFO  o.s.b.a.e.web.EndpointLinksResolver - Exposing 1 endpoint beneath base path '/actuator'
02:28:40.433 [restartedMain] WARN  o.s.b.a.t.ThymeleafAutoConfiguration$DefaultTemplateResolverConfiguration - Cannot find template location: classpath:/templates/ (please add some templates, check your Thymeleaf configuration, or set spring.thymeleaf.check-template-location=false)
02:28:40.459 [restartedMain] INFO  o.s.b.d.a.OptionalLiveReloadServer - LiveReload server is running on port 35729
02:28:40.467 [restartedMain] INFO  o.a.coyote.http11.Http11NioProtocol - Starting ProtocolHandler ["http-nio-8081"]
02:28:40.471 [restartedMain] INFO  o.s.b.w.e.tomcat.TomcatWebServer - Tomcat started on port 8081 (http) with context path '/'
02:28:40.475 [restartedMain] INFO  com.sermas.x.men.Application - Started Application in 1.025 seconds (process running for 5669.882)
02:28:40.480 [restartedMain] INFO  o.s.b.a.l.ConditionEvaluationReportLogger - 

Error starting ApplicationContext. To display the condition evaluation report re-run your application with 'debug' enabled.
02:28:40.483 [restartedMain] ERROR o.s.boot.SpringApplication - Application run failed
java.lang.IllegalStateException: Application launch must not be called more than once
	at com.sun.javafx.application.LauncherImpl.launchApplication(LauncherImpl.java:176)
	at com.sun.javafx.application.LauncherImpl.launchApplication(LauncherImpl.java:154)
	at javafx.application.Application.launch(Application.java:233)
	at com.sermas.x.men.Application.run(Application.java:55)
	at org.springframework.boot.SpringApplication.lambda$callRunner$5(SpringApplication.java:790)
	at org.springframework.util.function.ThrowingConsumer$1.acceptWithException(ThrowingConsumer.java:83)
	at org.springframework.util.function.ThrowingConsumer.accept(ThrowingConsumer.java:60)
	at org.springframework.util.function.ThrowingConsumer$1.accept(ThrowingConsumer.java:88)
	at org.springframework.boot.SpringApplication.callRunner(SpringApplication.java:798)
	at org.springframework.boot.SpringApplication.callRunner(SpringApplication.java:789)
	at org.springframework.boot.SpringApplication.lambda$callRunners$3(SpringApplication.java:774)
	at java.base/java.util.stream.ForEachOps$ForEachOp$OfRef.accept(ForEachOps.java:184)
	at java.base/java.util.stream.SortedOps$SizedRefSortingSink.end(SortedOps.java:357)
	at java.base/java.util.stream.AbstractPipeline.copyInto(AbstractPipeline.java:510)
	at java.base/java.util.stream.AbstractPipeline.wrapAndCopyInto(AbstractPipeline.java:499)
	at java.base/java.util.stream.ForEachOps$ForEachOp.evaluateSequential(ForEachOps.java:151)
	at java.base/java.util.stream.ForEachOps$ForEachOp$OfRef.evaluateSequential(ForEachOps.java:174)
	at java.base/java.util.stream.AbstractPipeline.evaluate(AbstractPipeline.java:234)
	at java.base/java.util.stream.ReferencePipeline.forEach(ReferencePipeline.java:596)
	at org.springframework.boot.SpringApplication.callRunners(SpringApplication.java:774)
	at org.springframework.boot.SpringApplication.run(SpringApplication.java:342)
	at org.springframework.boot.SpringApplication.run(SpringApplication.java:1363)
	at org.springframework.boot.SpringApplication.run(SpringApplication.java:1352)
	at com.sermas.x.men.Application.main(Application.java:26)
	at java.base/jdk.internal.reflect.DirectMethodHandleAccessor.invoke(DirectMethodHandleAccessor.java:103)
	at java.base/java.lang.reflect.Method.invoke(Method.java:580)
	at org.springframework.boot.devtools.restart.RestartLauncher.run(RestartLauncher.java:50)
02:28:45.838 [JavaFX Application Thread] INFO  c.s.x.m.s.chatbot.ChatBotService - Extracted 6 AIML brain resources into C:\Users\Dell\AppData\Local\Temp\xmen-aiml-13882444152606051131\xmen
02:28:45.841 [JavaFX Application Thread] INFO  c.s.x.m.s.chatbot.ChatBotService - Loading X-Men AIML brain from C:\Users\Dell\AppData\Local\Temp\xmen-aiml-13882444152606051131\xmen\
02:28:46.056 [JavaFX Application Thread] INFO  c.s.x.m.s.chatbot.ChatBotService - ChatBotService status: AIML brain loaded from C:\Users\Dell\AppData\Local\Temp\xmen-aiml-13882444152606051131\xmen\
02:29:28.043 [restartedMain] INFO  com.sermas.x.men.Application - Starting Application using Java 21.0.11 with PID 68260 (started by Rish in R:\OneDrive - King's College London\Workspace\Projects\SERMAS_KCL\Repositories\X-Men(Spring-Boot)\X-Men_3.0)
02:29:28.044 [restartedMain] INFO  com.sermas.x.men.Application - No active profile set, falling back to 1 default profile: "default"
02:29:28.203 [restartedMain] INFO  o.s.b.w.e.tomcat.TomcatWebServer - Tomcat initialized with port 8080 (http)
02:29:28.203 [restartedMain] INFO  o.a.coyote.http11.Http11NioProtocol - Initializing ProtocolHandler ["http-nio-8080"]
02:29:28.204 [restartedMain] INFO  o.a.catalina.core.StandardService - Starting service [Tomcat]
02:29:28.204 [restartedMain] INFO  o.a.catalina.core.StandardEngine - Starting Servlet engine: [Apache Tomcat/10.1.31]
02:29:28.219 [restartedMain] INFO  o.a.c.c.C.[Tomcat-1].[localhost].[/] - Initializing Spring embedded WebApplicationContext
02:29:28.219 [restartedMain] INFO  o.s.b.w.s.c.ServletWebServerApplicationContext - Root WebApplicationContext: initialization completed in 174 ms
02:29:28.254 [restartedMain] WARN  o.s.b.a.t.ThymeleafAutoConfiguration$DefaultTemplateResolverConfiguration - Cannot find template location: classpath:/templates/ (please add some templates, check your Thymeleaf configuration, or set spring.thymeleaf.check-template-location=false)
02:29:28.272 [restartedMain] WARN  o.s.b.a.s.s.UserDetailsServiceAutoConfiguration - 

Using generated security password: 2da73145-9d03-4906-abf8-6f5d2b14e539

This generated password is for development use only. Your security configuration must be updated before running your application in production.

02:29:28.273 [restartedMain] INFO  o.s.s.c.a.a.c.InitializeUserDetailsBeanManagerConfigurer$InitializeUserDetailsManagerConfigurer - Global AuthenticationManager configured with UserDetailsService bean with name inMemoryUserDetailsManager
02:29:28.276 [restartedMain] INFO  o.s.b.a.e.web.EndpointLinksResolver - Exposing 1 endpoint beneath base path '/actuator'
02:29:28.282 [restartedMain] INFO  o.s.b.d.a.OptionalLiveReloadServer - LiveReload server is running on port 35729
02:29:28.285 [restartedMain] INFO  o.a.coyote.http11.Http11NioProtocol - Starting ProtocolHandler ["http-nio-8080"]
02:29:28.287 [restartedMain] INFO  o.s.b.w.e.tomcat.TomcatWebServer - Tomcat started on port 8080 (http) with context path '/'
02:29:28.291 [restartedMain] INFO  com.sermas.x.men.Application - Started Application in 0.264 seconds (process running for 5717.697)
02:29:28.292 [restartedMain] INFO  o.s.b.a.l.ConditionEvaluationReportLogger - 

Error starting ApplicationContext. To display the condition evaluation report re-run your application with 'debug' enabled.
02:29:28.294 [restartedMain] ERROR o.s.boot.SpringApplication - Application run failed
java.lang.NoClassDefFoundError: com/sermas/x/men/user_interface/XMenInterface
	at com.sermas.x.men.Application.run(Application.java:35)
	at org.springframework.boot.SpringApplication.lambda$callRunner$5(SpringApplication.java:790)
	at org.springframework.util.function.ThrowingConsumer$1.acceptWithException(ThrowingConsumer.java:83)
	at org.springframework.util.function.ThrowingConsumer.accept(ThrowingConsumer.java:60)
	at org.springframework.util.function.ThrowingConsumer$1.accept(ThrowingConsumer.java:88)
	at org.springframework.boot.SpringApplication.callRunner(SpringApplication.java:798)
	at org.springframework.boot.SpringApplication.callRunner(SpringApplication.java:789)
	at org.springframework.boot.SpringApplication.lambda$callRunners$3(SpringApplication.java:774)
	at java.base/java.util.stream.ForEachOps$ForEachOp$OfRef.accept(ForEachOps.java:184)
	at java.base/java.util.stream.SortedOps$SizedRefSortingSink.end(SortedOps.java:357)
	at java.base/java.util.stream.AbstractPipeline.copyInto(AbstractPipeline.java:510)
	at java.base/java.util.stream.AbstractPipeline.wrapAndCopyInto(AbstractPipeline.java:499)
	at java.base/java.util.stream.ForEachOps$ForEachOp.evaluateSequential(ForEachOps.java:151)
	at java.base/java.util.stream.ForEachOps$ForEachOp$OfRef.evaluateSequential(ForEachOps.java:174)
	at java.base/java.util.stream.AbstractPipeline.evaluate(AbstractPipeline.java:234)
	at java.base/java.util.stream.ReferencePipeline.forEach(ReferencePipeline.java:596)
	at org.springframework.boot.SpringApplication.callRunners(SpringApplication.java:774)
	at org.springframework.boot.SpringApplication.run(SpringApplication.java:342)
	at org.springframework.boot.SpringApplication.run(SpringApplication.java:1363)
	at org.springframework.boot.SpringApplication.run(SpringApplication.java:1352)
	at com.sermas.x.men.Application.main(Application.java:20)
	at java.base/jdk.internal.reflect.DirectMethodHandleAccessor.invoke(DirectMethodHandleAccessor.java:103)
	at java.base/java.lang.reflect.Method.invoke(Method.java:580)
	at org.springframework.boot.devtools.restart.RestartLauncher.run(RestartLauncher.java:50)
Caused by: java.lang.ClassNotFoundException: com.sermas.x.men.user_interface.XMenInterface
	... 24 common frames omitted
02:29:30.768 [restartedMain] INFO  com.sermas.x.men.Application - Starting Application using Java 21.0.11 with PID 68260 (R:\OneDrive - King's College London\Workspace\Projects\SERMAS_KCL\Repositories\X-Men(Spring-Boot)\X-Men_3.0\target\classes started by Rish in R:\OneDrive - King's College London\Workspace\Projects\SERMAS_KCL\Repositories\X-Men(Spring-Boot)\X-Men_3.0)
02:29:30.768 [restartedMain] INFO  com.sermas.x.men.Application - No active profile set, falling back to 1 default profile: "default"
02:29:30.944 [restartedMain] INFO  o.s.b.w.e.tomcat.TomcatWebServer - Tomcat initialized with port 8081 (http)
02:29:30.945 [restartedMain] INFO  o.a.coyote.http11.Http11NioProtocol - Initializing ProtocolHandler ["http-nio-8081"]
02:29:30.945 [restartedMain] INFO  o.a.catalina.core.StandardService - Starting service [Tomcat]
02:29:30.946 [restartedMain] INFO  o.a.catalina.core.StandardEngine - Starting Servlet engine: [Apache Tomcat/10.1.31]
02:29:30.962 [restartedMain] INFO  o.a.c.c.C.[Tomcat-1].[localhost].[/] - Initializing Spring embedded WebApplicationContext
02:29:30.962 [restartedMain] INFO  o.s.b.w.s.c.ServletWebServerApplicationContext - Root WebApplicationContext: initialization completed in 193 ms
02:29:31.004 [restartedMain] WARN  o.s.b.a.t.ThymeleafAutoConfiguration$DefaultTemplateResolverConfiguration - Cannot find template location: classpath:/templates/ (please add some templates, check your Thymeleaf configuration, or set spring.thymeleaf.check-template-location=false)
02:29:31.028 [restartedMain] WARN  o.s.b.a.s.s.UserDetailsServiceAutoConfiguration - 

Using generated security password: be50c0af-856f-41b0-aff1-891c1e5f561b

This generated password is for development use only. Your security configuration must be updated before running your application in production.

02:29:31.028 [restartedMain] INFO  o.s.s.c.a.a.c.InitializeUserDetailsBeanManagerConfigurer$InitializeUserDetailsManagerConfigurer - Global AuthenticationManager configured with UserDetailsService bean with name inMemoryUserDetailsManager
02:29:31.032 [restartedMain] INFO  o.s.b.a.e.web.EndpointLinksResolver - Exposing 1 endpoint beneath base path '/actuator'
02:29:31.038 [restartedMain] INFO  o.s.b.d.a.OptionalLiveReloadServer - LiveReload server is running on port 35729
02:29:31.041 [restartedMain] INFO  o.a.coyote.http11.Http11NioProtocol - Starting ProtocolHandler ["http-nio-8081"]
02:29:31.044 [restartedMain] INFO  o.s.b.w.e.tomcat.TomcatWebServer - Tomcat started on port 8081 (http) with context path '/'
02:29:31.049 [restartedMain] INFO  com.sermas.x.men.Application - Started Application in 0.303 seconds (process running for 5720.455)
02:29:31.050 [restartedMain] INFO  o.s.b.a.l.ConditionEvaluationReportLogger - 

Error starting ApplicationContext. To display the condition evaluation report re-run your application with 'debug' enabled.
02:29:31.052 [restartedMain] ERROR o.s.boot.SpringApplication - Application run failed
java.lang.NoClassDefFoundError: com/sermas/x/men/user_interface/XMenInterface
	at com.sermas.x.men.Application.run(Application.java:35)
	at org.springframework.boot.SpringApplication.lambda$callRunner$5(SpringApplication.java:790)
	at org.springframework.util.function.ThrowingConsumer$1.acceptWithException(ThrowingConsumer.java:83)
	at org.springframework.util.function.ThrowingConsumer.accept(ThrowingConsumer.java:60)
	at org.springframework.util.function.ThrowingConsumer$1.accept(ThrowingConsumer.java:88)
	at org.springframework.boot.SpringApplication.callRunner(SpringApplication.java:798)
	at org.springframework.boot.SpringApplication.callRunner(SpringApplication.java:789)
	at org.springframework.boot.SpringApplication.lambda$callRunners$3(SpringApplication.java:774)
	at java.base/java.util.stream.ForEachOps$ForEachOp$OfRef.accept(ForEachOps.java:184)
	at java.base/java.util.stream.SortedOps$SizedRefSortingSink.end(SortedOps.java:357)
	at java.base/java.util.stream.AbstractPipeline.copyInto(AbstractPipeline.java:510)
	at java.base/java.util.stream.AbstractPipeline.wrapAndCopyInto(AbstractPipeline.java:499)
	at java.base/java.util.stream.ForEachOps$ForEachOp.evaluateSequential(ForEachOps.java:151)
	at java.base/java.util.stream.ForEachOps$ForEachOp$OfRef.evaluateSequential(ForEachOps.java:174)
	at java.base/java.util.stream.AbstractPipeline.evaluate(AbstractPipeline.java:234)
	at java.base/java.util.stream.ReferencePipeline.forEach(ReferencePipeline.java:596)
	at org.springframework.boot.SpringApplication.callRunners(SpringApplication.java:774)
	at org.springframework.boot.SpringApplication.run(SpringApplication.java:342)
	at org.springframework.boot.SpringApplication.run(SpringApplication.java:1363)
	at org.springframework.boot.SpringApplication.run(SpringApplication.java:1352)
	at com.sermas.x.men.Application.main(Application.java:20)
	at java.base/jdk.internal.reflect.DirectMethodHandleAccessor.invoke(DirectMethodHandleAccessor.java:103)
	at java.base/java.lang.reflect.Method.invoke(Method.java:580)
	at org.springframework.boot.devtools.restart.RestartLauncher.run(RestartLauncher.java:50)
Caused by: java.lang.ClassNotFoundException: com.sermas.x.men.user_interface.XMenInterface
	... 24 common frames omitted
02:29:35.436 [restartedMain] INFO  com.sermas.x.men.Application - Starting Application using Java 21.0.11 with PID 68260 (R:\OneDrive - King's College London\Workspace\Projects\SERMAS_KCL\Repositories\X-Men(Spring-Boot)\X-Men_3.0\target\classes started by Rish in R:\OneDrive - King's College London\Workspace\Projects\SERMAS_KCL\Repositories\X-Men(Spring-Boot)\X-Men_3.0)
02:29:35.436 [restartedMain] INFO  com.sermas.x.men.Application - No active profile set, falling back to 1 default profile: "default"
02:29:35.622 [restartedMain] INFO  o.s.b.w.e.tomcat.TomcatWebServer - Tomcat initialized with port 8081 (http)
02:29:35.623 [restartedMain] INFO  o.a.coyote.http11.Http11NioProtocol - Initializing ProtocolHandler ["http-nio-8081"]
02:29:35.623 [restartedMain] INFO  o.a.catalina.core.StandardService - Starting service [Tomcat]
02:29:35.623 [restartedMain] INFO  o.a.catalina.core.StandardEngine - Starting Servlet engine: [Apache Tomcat/10.1.31]
02:29:35.632 [restartedMain] INFO  o.a.c.c.C.[Tomcat-1].[localhost].[/] - Initializing Spring embedded WebApplicationContext
02:29:35.632 [restartedMain] INFO  o.s.b.w.s.c.ServletWebServerApplicationContext - Root WebApplicationContext: initialization completed in 194 ms
02:29:35.666 [restartedMain] INFO  c.s.x.m.s.HaskellDerivationFetcher - HaskellDerivationFetcher initialized with base URL: http://localhost:9091
02:29:35.677 [restartedMain] INFO  c.sermas.x.men.service.SettingsStore - Applied persisted vocabulary from C:\Users\Dell\.xmen\settings.json.
02:29:35.678 [restartedMain] INFO  c.sermas.x.men.service.SettingsStore - Applied persisted active theme 'ocean-cobalt'.
02:29:35.678 [restartedMain] INFO  c.sermas.x.men.service.SettingsStore - Applied persisted UI preferences.
02:29:35.689 [restartedMain] WARN  o.s.b.a.s.s.UserDetailsServiceAutoConfiguration - 

Using generated security password: 31eabfdf-34c5-47c1-b3c3-57bf7263803c

This generated password is for development use only. Your security configuration must be updated before running your application in production.

02:29:35.689 [restartedMain] INFO  o.s.s.c.a.a.c.InitializeUserDetailsBeanManagerConfigurer$InitializeUserDetailsManagerConfigurer - Global AuthenticationManager configured with UserDetailsService bean with name inMemoryUserDetailsManager
02:29:35.719 [restartedMain] INFO  o.s.b.a.e.web.EndpointLinksResolver - Exposing 1 endpoint beneath base path '/actuator'
02:29:35.733 [restartedMain] WARN  o.s.b.a.t.ThymeleafAutoConfiguration$DefaultTemplateResolverConfiguration - Cannot find template location: classpath:/templates/ (please add some templates, check your Thymeleaf configuration, or set spring.thymeleaf.check-template-location=false)
02:29:35.745 [restartedMain] INFO  o.s.b.d.a.OptionalLiveReloadServer - LiveReload server is running on port 35729
02:29:35.749 [restartedMain] INFO  o.a.coyote.http11.Http11NioProtocol - Starting ProtocolHandler ["http-nio-8081"]
02:29:35.751 [restartedMain] INFO  o.s.b.w.e.tomcat.TomcatWebServer - Tomcat started on port 8081 (http) with context path '/'
02:29:35.754 [restartedMain] INFO  com.sermas.x.men.Application - Started Application in 0.342 seconds (process running for 5725.16)
02:29:35.756 [restartedMain] INFO  o.s.b.a.l.ConditionEvaluationReportLogger - 

Error starting ApplicationContext. To display the condition evaluation report re-run your application with 'debug' enabled.
02:29:35.758 [restartedMain] ERROR o.s.boot.SpringApplication - Application run failed
java.lang.IllegalStateException: Application launch must not be called more than once
	at com.sun.javafx.application.LauncherImpl.launchApplication(LauncherImpl.java:176)
	at com.sun.javafx.application.LauncherImpl.launchApplication(LauncherImpl.java:154)
	at javafx.application.Application.launch(Application.java:233)
	at com.sermas.x.men.Application.run(Application.java:55)
	at org.springframework.boot.SpringApplication.lambda$callRunner$5(SpringApplication.java:790)
	at org.springframework.util.function.ThrowingConsumer$1.acceptWithException(ThrowingConsumer.java:83)
	at org.springframework.util.function.ThrowingConsumer.accept(ThrowingConsumer.java:60)
	at org.springframework.util.function.ThrowingConsumer$1.accept(ThrowingConsumer.java:88)
	at org.springframework.boot.SpringApplication.callRunner(SpringApplication.java:798)
	at org.springframework.boot.SpringApplication.callRunner(SpringApplication.java:789)
	at org.springframework.boot.SpringApplication.lambda$callRunners$3(SpringApplication.java:774)
	at java.base/java.util.stream.ForEachOps$ForEachOp$OfRef.accept(ForEachOps.java:184)
	at java.base/java.util.stream.SortedOps$SizedRefSortingSink.end(SortedOps.java:357)
	at java.base/java.util.stream.AbstractPipeline.copyInto(AbstractPipeline.java:510)
	at java.base/java.util.stream.AbstractPipeline.wrapAndCopyInto(AbstractPipeline.java:499)
	at java.base/java.util.stream.ForEachOps$ForEachOp.evaluateSequential(ForEachOps.java:151)
	at java.base/java.util.stream.ForEachOps$ForEachOp$OfRef.evaluateSequential(ForEachOps.java:174)
	at java.base/java.util.stream.AbstractPipeline.evaluate(AbstractPipeline.java:234)
	at java.base/java.util.stream.ReferencePipeline.forEach(ReferencePipeline.java:596)
	at org.springframework.boot.SpringApplication.callRunners(SpringApplication.java:774)
	at org.springframework.boot.SpringApplication.run(SpringApplication.java:342)
	at org.springframework.boot.SpringApplication.run(SpringApplication.java:1363)
	at org.springframework.boot.SpringApplication.run(SpringApplication.java:1352)
	at com.sermas.x.men.Application.main(Application.java:26)
	at java.base/jdk.internal.reflect.DirectMethodHandleAccessor.invoke(DirectMethodHandleAccessor.java:103)
	at java.base/java.lang.reflect.Method.invoke(Method.java:580)
	at org.springframework.boot.devtools.restart.RestartLauncher.run(RestartLauncher.java:50)
02:29:47.030 [restartedMain] INFO  com.sermas.x.men.Application - Starting Application using Java 21.0.11 with PID 55652 (R:\OneDrive - King's College London\Workspace\Projects\SERMAS_KCL\Repositories\X-Men(Spring-Boot)\X-Men_3.0\target\classes started by Rish in R:\OneDrive - King's College London\Workspace\Projects\SERMAS_KCL\Repositories\X-Men(Spring-Boot)\X-Men_3.0)
02:29:47.032 [restartedMain] INFO  com.sermas.x.men.Application - No active profile set, falling back to 1 default profile: "default"
02:29:47.081 [restartedMain] INFO  o.s.b.d.e.DevToolsPropertyDefaultsPostProcessor - Devtools property defaults active! Set 'spring.devtools.add-properties' to 'false' to disable
02:29:48.482 [restartedMain] INFO  o.s.b.w.e.tomcat.TomcatWebServer - Tomcat initialized with port 8081 (http)
02:29:48.492 [restartedMain] INFO  o.a.coyote.http11.Http11NioProtocol - Initializing ProtocolHandler ["http-nio-8081"]
02:29:48.494 [restartedMain] INFO  o.a.catalina.core.StandardService - Starting service [Tomcat]
02:29:48.495 [restartedMain] INFO  o.a.catalina.core.StandardEngine - Starting Servlet engine: [Apache Tomcat/10.1.31]
02:29:48.537 [restartedMain] INFO  o.a.c.c.C.[Tomcat].[localhost].[/] - Initializing Spring embedded WebApplicationContext
02:29:48.538 [restartedMain] INFO  o.s.b.w.s.c.ServletWebServerApplicationContext - Root WebApplicationContext: initialization completed in 1456 ms
02:29:48.996 [restartedMain] INFO  c.s.x.m.s.HaskellDerivationFetcher - HaskellDerivationFetcher initialized with base URL: http://localhost:9091
02:29:49.088 [restartedMain] INFO  c.sermas.x.men.service.SettingsStore - Applied persisted vocabulary from C:\Users\Dell\.xmen\settings.json.
02:29:49.088 [restartedMain] INFO  c.sermas.x.men.service.SettingsStore - Applied persisted active theme 'ocean-cobalt'.
02:29:49.088 [restartedMain] INFO  c.sermas.x.men.service.SettingsStore - Applied persisted UI preferences.
02:29:49.232 [restartedMain] WARN  o.s.b.a.s.s.UserDetailsServiceAutoConfiguration - 

Using generated security password: fcda4548-3ee8-4207-8050-6013bf4fc360

This generated password is for development use only. Your security configuration must be updated before running your application in production.

02:29:49.258 [restartedMain] INFO  o.s.s.c.a.a.c.InitializeUserDetailsBeanManagerConfigurer$InitializeUserDetailsManagerConfigurer - Global AuthenticationManager configured with UserDetailsService bean with name inMemoryUserDetailsManager
02:29:49.547 [restartedMain] INFO  o.s.b.a.e.web.EndpointLinksResolver - Exposing 1 endpoint beneath base path '/actuator'
02:29:49.800 [restartedMain] WARN  o.s.b.a.t.ThymeleafAutoConfiguration$DefaultTemplateResolverConfiguration - Cannot find template location: classpath:/templates/ (please add some templates, check your Thymeleaf configuration, or set spring.thymeleaf.check-template-location=false)
02:29:50.019 [restartedMain] WARN  o.s.b.d.a.OptionalLiveReloadServer - Unable to start LiveReload server
02:29:50.060 [restartedMain] INFO  o.a.coyote.http11.Http11NioProtocol - Starting ProtocolHandler ["http-nio-8081"]
02:29:50.079 [restartedMain] INFO  o.s.b.w.e.tomcat.TomcatWebServer - Tomcat started on port 8081 (http) with context path '/'
02:29:50.092 [restartedMain] INFO  com.sermas.x.men.Application - Started Application in 3.468 seconds (process running for 4.039)
02:29:50.192 [JavaFX-Launcher] WARN  javafx - Unsupported JavaFX configuration: classes were loaded from 'unnamed module @2473b9ce'
02:29:50.878 [JavaFX Application Thread] INFO  c.s.x.m.user_interface.XMenInterface - Splash video 'X - Men 2.0.mp4' loaded; playing at 1280.0x800.0 with audio.
02:30:03.039 [http-nio-8081-exec-1] INFO  o.a.c.c.C.[Tomcat].[localhost].[/] - Initializing Spring DispatcherServlet 'dispatcherServlet'
02:30:03.040 [http-nio-8081-exec-1] INFO  o.s.web.servlet.DispatcherServlet - Initializing Servlet 'dispatcherServlet'
02:30:03.042 [http-nio-8081-exec-1] INFO  o.s.web.servlet.DispatcherServlet - Completed initialization in 2 ms
02:30:20.676 [JavaFX Application Thread] INFO  c.s.x.m.s.chatbot.ChatBotService - Extracted 6 AIML brain resources into C:\Users\Dell\AppData\Local\Temp\xmen-aiml-7885673311987655901\xmen
02:30:20.677 [JavaFX Application Thread] INFO  c.s.x.m.s.chatbot.ChatBotService - Loading X-Men AIML brain from C:\Users\Dell\AppData\Local\Temp\xmen-aiml-7885673311987655901\xmen\
02:30:20.814 [JavaFX Application Thread] INFO  c.s.x.m.s.chatbot.ChatBotService - ChatBotService status: AIML brain loaded from C:\Users\Dell\AppData\Local\Temp\xmen-aiml-7885673311987655901\xmen\
02:45:32.410 [restartedMain] INFO  com.sermas.x.men.Application - Starting Application using Java 21.0.11 with PID 68260 (R:\OneDrive - King's College London\Workspace\Projects\SERMAS_KCL\Repositories\X-Men(Spring-Boot)\X-Men_3.0\target\classes started by Rish in R:\OneDrive - King's College London\Workspace\Projects\SERMAS_KCL\Repositories\X-Men(Spring-Boot)\X-Men_3.0)
02:45:32.412 [restartedMain] INFO  com.sermas.x.men.Application - No active profile set, falling back to 1 default profile: "default"
02:45:32.868 [restartedMain] INFO  o.s.b.w.e.tomcat.TomcatWebServer - Tomcat initialized with port 8081 (http)
02:45:32.870 [restartedMain] INFO  o.a.coyote.http11.Http11NioProtocol - Initializing ProtocolHandler ["http-nio-8081"]
02:45:32.871 [restartedMain] INFO  o.a.catalina.core.StandardService - Starting service [Tomcat]
02:45:32.871 [restartedMain] INFO  o.a.catalina.core.StandardEngine - Starting Servlet engine: [Apache Tomcat/10.1.31]
02:45:32.896 [restartedMain] INFO  o.a.c.c.C.[Tomcat-1].[localhost].[/] - Initializing Spring embedded WebApplicationContext
02:45:32.897 [restartedMain] INFO  o.s.b.w.s.c.ServletWebServerApplicationContext - Root WebApplicationContext: initialization completed in 480 ms
02:45:33.020 [restartedMain] WARN  o.s.b.a.t.ThymeleafAutoConfiguration$DefaultTemplateResolverConfiguration - Cannot find template location: classpath:/templates/ (please add some templates, check your Thymeleaf configuration, or set spring.thymeleaf.check-template-location=false)
02:45:33.074 [restartedMain] WARN  o.s.b.a.s.s.UserDetailsServiceAutoConfiguration - 

Using generated security password: c9ce6a1d-bc4f-40c2-bbce-060797e70690

This generated password is for development use only. Your security configuration must be updated before running your application in production.

02:45:33.076 [restartedMain] INFO  o.s.s.c.a.a.c.InitializeUserDetailsBeanManagerConfigurer$InitializeUserDetailsManagerConfigurer - Global AuthenticationManager configured with UserDetailsService bean with name inMemoryUserDetailsManager
02:45:33.084 [restartedMain] INFO  o.s.b.a.e.web.EndpointLinksResolver - Exposing 1 endpoint beneath base path '/actuator'
02:45:33.101 [restartedMain] INFO  o.s.b.d.a.OptionalLiveReloadServer - LiveReload server is running on port 35729
02:45:33.115 [restartedMain] INFO  o.a.coyote.http11.Http11NioProtocol - Starting ProtocolHandler ["http-nio-8081"]
02:45:33.126 [restartedMain] INFO  o.s.b.w.e.tomcat.TomcatWebServer - Tomcat started on port 8081 (http) with context path '/'
02:45:33.131 [restartedMain] INFO  com.sermas.x.men.Application - Started Application in 0.85 seconds (process running for 6682.537)
02:45:33.137 [restartedMain] INFO  o.s.b.a.l.ConditionEvaluationReportLogger - 

Error starting ApplicationContext. To display the condition evaluation report re-run your application with 'debug' enabled.
02:45:33.142 [restartedMain] ERROR o.s.boot.SpringApplication - Application run failed
java.lang.NoClassDefFoundError: com/sermas/x/men/user_interface/XMenInterface
	at com.sermas.x.men.Application.run(Application.java:35)
	at org.springframework.boot.SpringApplication.lambda$callRunner$5(SpringApplication.java:790)
	at org.springframework.util.function.ThrowingConsumer$1.acceptWithException(ThrowingConsumer.java:83)
	at org.springframework.util.function.ThrowingConsumer.accept(ThrowingConsumer.java:60)
	at org.springframework.util.function.ThrowingConsumer$1.accept(ThrowingConsumer.java:88)
	at org.springframework.boot.SpringApplication.callRunner(SpringApplication.java:798)
	at org.springframework.boot.SpringApplication.callRunner(SpringApplication.java:789)
	at org.springframework.boot.SpringApplication.lambda$callRunners$3(SpringApplication.java:774)
	at java.base/java.util.stream.ForEachOps$ForEachOp$OfRef.accept(ForEachOps.java:184)
	at java.base/java.util.stream.SortedOps$SizedRefSortingSink.end(SortedOps.java:357)
	at java.base/java.util.stream.AbstractPipeline.copyInto(AbstractPipeline.java:510)
	at java.base/java.util.stream.AbstractPipeline.wrapAndCopyInto(AbstractPipeline.java:499)
	at java.base/java.util.stream.ForEachOps$ForEachOp.evaluateSequential(ForEachOps.java:151)
	at java.base/java.util.stream.ForEachOps$ForEachOp$OfRef.evaluateSequential(ForEachOps.java:174)
	at java.base/java.util.stream.AbstractPipeline.evaluate(AbstractPipeline.java:234)
	at java.base/java.util.stream.ReferencePipeline.forEach(ReferencePipeline.java:596)
	at org.springframework.boot.SpringApplication.callRunners(SpringApplication.java:774)
	at org.springframework.boot.SpringApplication.run(SpringApplication.java:342)
	at org.springframework.boot.SpringApplication.run(SpringApplication.java:1363)
	at org.springframework.boot.SpringApplication.run(SpringApplication.java:1352)
	at com.sermas.x.men.Application.main(Application.java:20)
	at java.base/jdk.internal.reflect.DirectMethodHandleAccessor.invoke(DirectMethodHandleAccessor.java:103)
	at java.base/java.lang.reflect.Method.invoke(Method.java:580)
	at org.springframework.boot.devtools.restart.RestartLauncher.run(RestartLauncher.java:50)
Caused by: java.lang.ClassNotFoundException: com.sermas.x.men.user_interface.XMenInterface
	... 24 common frames omitted
02:45:38.945 [restartedMain] INFO  com.sermas.x.men.Application - Starting Application using Java 21.0.11 with PID 68260 (R:\OneDrive - King's College London\Workspace\Projects\SERMAS_KCL\Repositories\X-Men(Spring-Boot)\X-Men_3.0\target\classes started by Rish in R:\OneDrive - King's College London\Workspace\Projects\SERMAS_KCL\Repositories\X-Men(Spring-Boot)\X-Men_3.0)
02:45:38.945 [restartedMain] INFO  com.sermas.x.men.Application - No active profile set, falling back to 1 default profile: "default"
02:45:39.443 [restartedMain] INFO  o.s.b.w.e.tomcat.TomcatWebServer - Tomcat initialized with port 8081 (http)
02:45:39.444 [restartedMain] INFO  o.a.coyote.http11.Http11NioProtocol - Initializing ProtocolHandler ["http-nio-8081"]
02:45:39.444 [restartedMain] INFO  o.a.catalina.core.StandardService - Starting service [Tomcat]
02:45:39.444 [restartedMain] INFO  o.a.catalina.core.StandardEngine - Starting Servlet engine: [Apache Tomcat/10.1.31]
02:45:39.467 [restartedMain] INFO  o.a.c.c.C.[Tomcat-1].[localhost].[/] - Initializing Spring embedded WebApplicationContext
02:45:39.467 [restartedMain] INFO  o.s.b.w.s.c.ServletWebServerApplicationContext - Root WebApplicationContext: initialization completed in 520 ms
02:45:39.574 [restartedMain] INFO  c.s.x.m.s.HaskellDerivationFetcher - HaskellDerivationFetcher initialized with base URL: http://localhost:9091
02:45:39.625 [restartedMain] INFO  c.sermas.x.men.service.SettingsStore - Applied persisted vocabulary from C:\Users\Dell\.xmen\settings.json.
02:45:39.626 [restartedMain] INFO  c.sermas.x.men.service.SettingsStore - Applied persisted active theme 'ocean-cobalt'.
02:45:39.626 [restartedMain] INFO  c.sermas.x.men.service.SettingsStore - Applied persisted UI preferences.
02:45:39.660 [restartedMain] WARN  o.s.b.a.s.s.UserDetailsServiceAutoConfiguration - 

Using generated security password: 4439dede-4fbe-4df5-b6f1-9c2c6560be21

This generated password is for development use only. Your security configuration must be updated before running your application in production.

02:45:39.661 [restartedMain] INFO  o.s.s.c.a.a.c.InitializeUserDetailsBeanManagerConfigurer$InitializeUserDetailsManagerConfigurer - Global AuthenticationManager configured with UserDetailsService bean with name inMemoryUserDetailsManager
02:45:39.721 [restartedMain] INFO  o.s.b.a.e.web.EndpointLinksResolver - Exposing 1 endpoint beneath base path '/actuator'
02:45:39.753 [restartedMain] WARN  o.s.b.a.t.ThymeleafAutoConfiguration$DefaultTemplateResolverConfiguration - Cannot find template location: classpath:/templates/ (please add some templates, check your Thymeleaf configuration, or set spring.thymeleaf.check-template-location=false)
02:45:39.773 [restartedMain] INFO  o.s.b.d.a.OptionalLiveReloadServer - LiveReload server is running on port 35729
02:45:39.781 [restartedMain] INFO  o.a.coyote.http11.Http11NioProtocol - Starting ProtocolHandler ["http-nio-8081"]
02:45:39.785 [restartedMain] INFO  o.s.b.w.e.tomcat.TomcatWebServer - Tomcat started on port 8081 (http) with context path '/'
02:45:39.792 [restartedMain] INFO  com.sermas.x.men.Application - Started Application in 0.901 seconds (process running for 6689.198)
02:45:39.799 [restartedMain] INFO  o.s.b.a.l.ConditionEvaluationReportLogger - 

Error starting ApplicationContext. To display the condition evaluation report re-run your application with 'debug' enabled.
02:45:39.801 [restartedMain] ERROR o.s.boot.SpringApplication - Application run failed
java.lang.IllegalStateException: Application launch must not be called more than once
	at com.sun.javafx.application.LauncherImpl.launchApplication(LauncherImpl.java:176)
	at com.sun.javafx.application.LauncherImpl.launchApplication(LauncherImpl.java:154)
	at javafx.application.Application.launch(Application.java:233)
	at com.sermas.x.men.Application.run(Application.java:55)
	at org.springframework.boot.SpringApplication.lambda$callRunner$5(SpringApplication.java:790)
	at org.springframework.util.function.ThrowingConsumer$1.acceptWithException(ThrowingConsumer.java:83)
	at org.springframework.util.function.ThrowingConsumer.accept(ThrowingConsumer.java:60)
	at org.springframework.util.function.ThrowingConsumer$1.accept(ThrowingConsumer.java:88)
	at org.springframework.boot.SpringApplication.callRunner(SpringApplication.java:798)
	at org.springframework.boot.SpringApplication.callRunner(SpringApplication.java:789)
	at org.springframework.boot.SpringApplication.lambda$callRunners$3(SpringApplication.java:774)
	at java.base/java.util.stream.ForEachOps$ForEachOp$OfRef.accept(ForEachOps.java:184)
	at java.base/java.util.stream.SortedOps$SizedRefSortingSink.end(SortedOps.java:357)
	at java.base/java.util.stream.AbstractPipeline.copyInto(AbstractPipeline.java:510)
	at java.base/java.util.stream.AbstractPipeline.wrapAndCopyInto(AbstractPipeline.java:499)
	at java.base/java.util.stream.ForEachOps$ForEachOp.evaluateSequential(ForEachOps.java:151)
	at java.base/java.util.stream.ForEachOps$ForEachOp$OfRef.evaluateSequential(ForEachOps.java:174)
	at java.base/java.util.stream.AbstractPipeline.evaluate(AbstractPipeline.java:234)
	at java.base/java.util.stream.ReferencePipeline.forEach(ReferencePipeline.java:596)
	at org.springframework.boot.SpringApplication.callRunners(SpringApplication.java:774)
	at org.springframework.boot.SpringApplication.run(SpringApplication.java:342)
	at org.springframework.boot.SpringApplication.run(SpringApplication.java:1363)
	at org.springframework.boot.SpringApplication.run(SpringApplication.java:1352)
	at com.sermas.x.men.Application.main(Application.java:26)
	at java.base/jdk.internal.reflect.DirectMethodHandleAccessor.invoke(DirectMethodHandleAccessor.java:103)
	at java.base/java.lang.reflect.Method.invoke(Method.java:580)
	at org.springframework.boot.devtools.restart.RestartLauncher.run(RestartLauncher.java:50)
02:45:43.338 [main] INFO  c.s.x.m.s.chatbot.ChatBotService - Extracted 6 AIML brain resources into C:\Users\Dell\AppData\Local\Temp\xmen-aiml-11207831754721968242\xmen
02:45:43.342 [main] INFO  c.s.x.m.s.chatbot.ChatBotService - Loading X-Men AIML brain from C:\Users\Dell\AppData\Local\Temp\xmen-aiml-11207831754721968242\xmen\
02:45:43.525 [main] INFO  c.s.x.m.s.chatbot.ChatBotService - ChatBotService status: AIML brain loaded from C:\Users\Dell\AppData\Local\Temp\xmen-aiml-11207831754721968242\xmen\
02:48:03.225 [restartedMain] INFO  com.sermas.x.men.Application - Starting Application using Java 21.0.11 with PID 68260 (R:\OneDrive - King's College London\Workspace\Projects\SERMAS_KCL\Repositories\X-Men(Spring-Boot)\X-Men_3.0\target\classes started by Rish in R:\OneDrive - King's College London\Workspace\Projects\SERMAS_KCL\Repositories\X-Men(Spring-Boot)\X-Men_3.0)
02:48:03.225 [restartedMain] INFO  com.sermas.x.men.Application - No active profile set, falling back to 1 default profile: "default"
02:48:03.459 [restartedMain] INFO  o.s.b.w.e.tomcat.TomcatWebServer - Tomcat initialized with port 8081 (http)
02:48:03.460 [restartedMain] INFO  o.a.coyote.http11.Http11NioProtocol - Initializing ProtocolHandler ["http-nio-8081"]
02:48:03.460 [restartedMain] INFO  o.a.catalina.core.StandardService - Starting service [Tomcat]
02:48:03.461 [restartedMain] INFO  o.a.catalina.core.StandardEngine - Starting Servlet engine: [Apache Tomcat/10.1.31]
02:48:03.481 [restartedMain] INFO  o.a.c.c.C.[Tomcat-1].[localhost].[/] - Initializing Spring embedded WebApplicationContext
02:48:03.481 [restartedMain] INFO  o.s.b.w.s.c.ServletWebServerApplicationContext - Root WebApplicationContext: initialization completed in 255 ms
02:48:03.551 [restartedMain] WARN  o.s.b.a.t.ThymeleafAutoConfiguration$DefaultTemplateResolverConfiguration - Cannot find template location: classpath:/templates/ (please add some templates, check your Thymeleaf configuration, or set spring.thymeleaf.check-template-location=false)
02:48:03.583 [restartedMain] WARN  o.s.b.a.s.s.UserDetailsServiceAutoConfiguration - 

Using generated security password: 2683608d-c5de-4f19-839c-6fc1232ca073

This generated password is for development use only. Your security configuration must be updated before running your application in production.

02:48:03.585 [restartedMain] INFO  o.s.s.c.a.a.c.InitializeUserDetailsBeanManagerConfigurer$InitializeUserDetailsManagerConfigurer - Global AuthenticationManager configured with UserDetailsService bean with name inMemoryUserDetailsManager
02:48:03.592 [restartedMain] INFO  o.s.b.a.e.web.EndpointLinksResolver - Exposing 1 endpoint beneath base path '/actuator'
02:48:03.611 [restartedMain] INFO  o.s.b.d.a.OptionalLiveReloadServer - LiveReload server is running on port 35729
02:48:03.618 [restartedMain] INFO  o.a.coyote.http11.Http11NioProtocol - Starting ProtocolHandler ["http-nio-8081"]
02:48:03.622 [restartedMain] INFO  o.s.b.w.e.tomcat.TomcatWebServer - Tomcat started on port 8081 (http) with context path '/'
02:48:03.626 [restartedMain] INFO  com.sermas.x.men.Application - Started Application in 0.429 seconds (process running for 6833.032)
02:48:03.627 [restartedMain] INFO  o.s.b.a.l.ConditionEvaluationReportLogger - 

Error starting ApplicationContext. To display the condition evaluation report re-run your application with 'debug' enabled.
02:48:03.630 [restartedMain] ERROR o.s.boot.SpringApplication - Application run failed
java.lang.NoClassDefFoundError: com/sermas/x/men/user_interface/XMenInterface
	at com.sermas.x.men.Application.run(Application.java:35)
	at org.springframework.boot.SpringApplication.lambda$callRunner$5(SpringApplication.java:790)
	at org.springframework.util.function.ThrowingConsumer$1.acceptWithException(ThrowingConsumer.java:83)
	at org.springframework.util.function.ThrowingConsumer.accept(ThrowingConsumer.java:60)
	at org.springframework.util.function.ThrowingConsumer$1.accept(ThrowingConsumer.java:88)
	at org.springframework.boot.SpringApplication.callRunner(SpringApplication.java:798)
	at org.springframework.boot.SpringApplication.callRunner(SpringApplication.java:789)
	at org.springframework.boot.SpringApplication.lambda$callRunners$3(SpringApplication.java:774)
	at java.base/java.util.stream.ForEachOps$ForEachOp$OfRef.accept(ForEachOps.java:184)
	at java.base/java.util.stream.SortedOps$SizedRefSortingSink.end(SortedOps.java:357)
	at java.base/java.util.stream.AbstractPipeline.copyInto(AbstractPipeline.java:510)
	at java.base/java.util.stream.AbstractPipeline.wrapAndCopyInto(AbstractPipeline.java:499)
	at java.base/java.util.stream.ForEachOps$ForEachOp.evaluateSequential(ForEachOps.java:151)
	at java.base/java.util.stream.ForEachOps$ForEachOp$OfRef.evaluateSequential(ForEachOps.java:174)
	at java.base/java.util.stream.AbstractPipeline.evaluate(AbstractPipeline.java:234)
	at java.base/java.util.stream.ReferencePipeline.forEach(ReferencePipeline.java:596)
	at org.springframework.boot.SpringApplication.callRunners(SpringApplication.java:774)
	at org.springframework.boot.SpringApplication.run(SpringApplication.java:342)
	at org.springframework.boot.SpringApplication.run(SpringApplication.java:1363)
	at org.springframework.boot.SpringApplication.run(SpringApplication.java:1352)
	at com.sermas.x.men.Application.main(Application.java:20)
	at java.base/jdk.internal.reflect.DirectMethodHandleAccessor.invoke(DirectMethodHandleAccessor.java:103)
	at java.base/java.lang.reflect.Method.invoke(Method.java:580)
	at org.springframework.boot.devtools.restart.RestartLauncher.run(RestartLauncher.java:50)
Caused by: java.lang.ClassNotFoundException: com.sermas.x.men.user_interface.XMenInterface
	... 24 common frames omitted
02:48:08.975 [restartedMain] INFO  com.sermas.x.men.Application - Starting Application using Java 21.0.11 with PID 68260 (R:\OneDrive - King's College London\Workspace\Projects\SERMAS_KCL\Repositories\X-Men(Spring-Boot)\X-Men_3.0\target\classes started by Rish in R:\OneDrive - King's College London\Workspace\Projects\SERMAS_KCL\Repositories\X-Men(Spring-Boot)\X-Men_3.0)
02:48:08.975 [restartedMain] INFO  com.sermas.x.men.Application - No active profile set, falling back to 1 default profile: "default"
02:48:09.449 [restartedMain] INFO  o.s.b.w.e.tomcat.TomcatWebServer - Tomcat initialized with port 8081 (http)
02:48:09.450 [restartedMain] INFO  o.a.coyote.http11.Http11NioProtocol - Initializing ProtocolHandler ["http-nio-8081"]
02:48:09.450 [restartedMain] INFO  o.a.catalina.core.StandardService - Starting service [Tomcat]
02:48:09.450 [restartedMain] INFO  o.a.catalina.core.StandardEngine - Starting Servlet engine: [Apache Tomcat/10.1.31]
02:48:09.562 [restartedMain] INFO  o.a.c.c.C.[Tomcat-1].[localhost].[/] - Initializing Spring embedded WebApplicationContext
02:48:09.562 [restartedMain] INFO  o.s.b.w.s.c.ServletWebServerApplicationContext - Root WebApplicationContext: initialization completed in 587 ms
02:48:09.663 [restartedMain] INFO  c.s.x.m.s.HaskellDerivationFetcher - HaskellDerivationFetcher initialized with base URL: http://localhost:9091
02:48:09.704 [restartedMain] INFO  c.sermas.x.men.service.SettingsStore - Applied persisted vocabulary from C:\Users\Dell\.xmen\settings.json.
02:48:09.704 [restartedMain] INFO  c.sermas.x.men.service.SettingsStore - Applied persisted active theme 'ocean-cobalt'.
02:48:09.704 [restartedMain] INFO  c.sermas.x.men.service.SettingsStore - Applied persisted UI preferences.
02:48:09.731 [restartedMain] WARN  o.s.b.a.s.s.UserDetailsServiceAutoConfiguration - 

Using generated security password: d2167187-23e1-43cb-b876-9fadecbf4926

This generated password is for development use only. Your security configuration must be updated before running your application in production.

02:48:09.732 [restartedMain] INFO  o.s.s.c.a.a.c.InitializeUserDetailsBeanManagerConfigurer$InitializeUserDetailsManagerConfigurer - Global AuthenticationManager configured with UserDetailsService bean with name inMemoryUserDetailsManager
02:48:09.784 [restartedMain] INFO  o.s.b.a.e.web.EndpointLinksResolver - Exposing 1 endpoint beneath base path '/actuator'
02:48:09.809 [restartedMain] WARN  o.s.b.a.t.ThymeleafAutoConfiguration$DefaultTemplateResolverConfiguration - Cannot find template location: classpath:/templates/ (please add some templates, check your Thymeleaf configuration, or set spring.thymeleaf.check-template-location=false)
02:48:09.827 [restartedMain] INFO  o.s.b.d.a.OptionalLiveReloadServer - LiveReload server is running on port 35729
02:48:09.833 [restartedMain] INFO  o.a.coyote.http11.Http11NioProtocol - Starting ProtocolHandler ["http-nio-8081"]
02:48:09.837 [restartedMain] INFO  o.s.b.w.e.tomcat.TomcatWebServer - Tomcat started on port 8081 (http) with context path '/'
02:48:09.841 [restartedMain] INFO  com.sermas.x.men.Application - Started Application in 0.887 seconds (process running for 6839.248)
02:48:09.846 [restartedMain] INFO  o.s.b.a.l.ConditionEvaluationReportLogger - 

Error starting ApplicationContext. To display the condition evaluation report re-run your application with 'debug' enabled.
02:48:09.849 [restartedMain] ERROR o.s.boot.SpringApplication - Application run failed
java.lang.IllegalStateException: Application launch must not be called more than once
	at com.sun.javafx.application.LauncherImpl.launchApplication(LauncherImpl.java:176)
	at com.sun.javafx.application.LauncherImpl.launchApplication(LauncherImpl.java:154)
	at javafx.application.Application.launch(Application.java:233)
	at com.sermas.x.men.Application.run(Application.java:55)
	at org.springframework.boot.SpringApplication.lambda$callRunner$5(SpringApplication.java:790)
	at org.springframework.util.function.ThrowingConsumer$1.acceptWithException(ThrowingConsumer.java:83)
	at org.springframework.util.function.ThrowingConsumer.accept(ThrowingConsumer.java:60)
	at org.springframework.util.function.ThrowingConsumer$1.accept(ThrowingConsumer.java:88)
	at org.springframework.boot.SpringApplication.callRunner(SpringApplication.java:798)
	at org.springframework.boot.SpringApplication.callRunner(SpringApplication.java:789)
	at org.springframework.boot.SpringApplication.lambda$callRunners$3(SpringApplication.java:774)
	at java.base/java.util.stream.ForEachOps$ForEachOp$OfRef.accept(ForEachOps.java:184)
	at java.base/java.util.stream.SortedOps$SizedRefSortingSink.end(SortedOps.java:357)
	at java.base/java.util.stream.AbstractPipeline.copyInto(AbstractPipeline.java:510)
	at java.base/java.util.stream.AbstractPipeline.wrapAndCopyInto(AbstractPipeline.java:499)
	at java.base/java.util.stream.ForEachOps$ForEachOp.evaluateSequential(ForEachOps.java:151)
	at java.base/java.util.stream.ForEachOps$ForEachOp$OfRef.evaluateSequential(ForEachOps.java:174)
	at java.base/java.util.stream.AbstractPipeline.evaluate(AbstractPipeline.java:234)
	at java.base/java.util.stream.ReferencePipeline.forEach(ReferencePipeline.java:596)
	at org.springframework.boot.SpringApplication.callRunners(SpringApplication.java:774)
	at org.springframework.boot.SpringApplication.run(SpringApplication.java:342)
	at org.springframework.boot.SpringApplication.run(SpringApplication.java:1363)
	at org.springframework.boot.SpringApplication.run(SpringApplication.java:1352)
	at com.sermas.x.men.Application.main(Application.java:26)
	at java.base/jdk.internal.reflect.DirectMethodHandleAccessor.invoke(DirectMethodHandleAccessor.java:103)
	at java.base/java.lang.reflect.Method.invoke(Method.java:580)
	at org.springframework.boot.devtools.restart.RestartLauncher.run(RestartLauncher.java:50)
02:48:12.590 [main] INFO  c.s.x.m.s.chatbot.ChatBotService - Extracted 6 AIML brain resources into C:\Users\Dell\AppData\Local\Temp\xmen-aiml-4545218405833350802\xmen
02:48:12.598 [main] INFO  c.s.x.m.s.chatbot.ChatBotService - Loading X-Men AIML brain from C:\Users\Dell\AppData\Local\Temp\xmen-aiml-4545218405833350802\xmen\
02:48:12.812 [main] INFO  c.s.x.m.s.chatbot.ChatBotService - ChatBotService status: AIML brain loaded from C:\Users\Dell\AppData\Local\Temp\xmen-aiml-4545218405833350802\xmen\
02:48:30.182 [restartedMain] INFO  com.sermas.x.men.Application - Starting Application using Java 21.0.11 with PID 68260 (started by Rish in R:\OneDrive - King's College London\Workspace\Projects\SERMAS_KCL\Repositories\X-Men(Spring-Boot)\X-Men_3.0)
02:48:30.182 [restartedMain] INFO  com.sermas.x.men.Application - No active profile set, falling back to 1 default profile: "default"
02:48:30.339 [restartedMain] INFO  o.s.b.w.e.tomcat.TomcatWebServer - Tomcat initialized with port 8080 (http)
02:48:30.339 [restartedMain] INFO  o.a.coyote.http11.Http11NioProtocol - Initializing ProtocolHandler ["http-nio-8080"]
02:48:30.340 [restartedMain] INFO  o.a.catalina.core.StandardService - Starting service [Tomcat]
02:48:30.340 [restartedMain] INFO  o.a.catalina.core.StandardEngine - Starting Servlet engine: [Apache Tomcat/10.1.31]
02:48:30.353 [restartedMain] INFO  o.a.c.c.C.[Tomcat-1].[localhost].[/] - Initializing Spring embedded WebApplicationContext
02:48:30.353 [restartedMain] INFO  o.s.b.w.s.c.ServletWebServerApplicationContext - Root WebApplicationContext: initialization completed in 170 ms
02:48:30.388 [restartedMain] WARN  o.s.b.a.t.ThymeleafAutoConfiguration$DefaultTemplateResolverConfiguration - Cannot find template location: classpath:/templates/ (please add some templates, check your Thymeleaf configuration, or set spring.thymeleaf.check-template-location=false)
02:48:30.410 [restartedMain] WARN  o.s.b.a.s.s.UserDetailsServiceAutoConfiguration - 

Using generated security password: de949be0-3981-432d-9ba5-5f0a0f23207a

This generated password is for development use only. Your security configuration must be updated before running your application in production.

02:48:30.411 [restartedMain] INFO  o.s.s.c.a.a.c.InitializeUserDetailsBeanManagerConfigurer$InitializeUserDetailsManagerConfigurer - Global AuthenticationManager configured with UserDetailsService bean with name inMemoryUserDetailsManager
02:48:30.413 [restartedMain] INFO  o.s.b.a.e.web.EndpointLinksResolver - Exposing 1 endpoint beneath base path '/actuator'
02:48:30.418 [restartedMain] INFO  o.s.b.d.a.OptionalLiveReloadServer - LiveReload server is running on port 35729
02:48:30.423 [restartedMain] INFO  o.a.coyote.http11.Http11NioProtocol - Starting ProtocolHandler ["http-nio-8080"]
02:48:30.426 [restartedMain] INFO  o.s.b.w.e.tomcat.TomcatWebServer - Tomcat started on port 8080 (http) with context path '/'
02:48:30.431 [restartedMain] INFO  com.sermas.x.men.Application - Started Application in 0.271 seconds (process running for 6859.838)
02:48:30.433 [restartedMain] INFO  o.s.b.a.l.ConditionEvaluationReportLogger - 

Error starting ApplicationContext. To display the condition evaluation report re-run your application with 'debug' enabled.
02:48:30.435 [restartedMain] ERROR o.s.boot.SpringApplication - Application run failed
java.lang.NoClassDefFoundError: com/sermas/x/men/user_interface/XMenInterface
	at com.sermas.x.men.Application.run(Application.java:35)
	at org.springframework.boot.SpringApplication.lambda$callRunner$5(SpringApplication.java:790)
	at org.springframework.util.function.ThrowingConsumer$1.acceptWithException(ThrowingConsumer.java:83)
	at org.springframework.util.function.ThrowingConsumer.accept(ThrowingConsumer.java:60)
	at org.springframework.util.function.ThrowingConsumer$1.accept(ThrowingConsumer.java:88)
	at org.springframework.boot.SpringApplication.callRunner(SpringApplication.java:798)
	at org.springframework.boot.SpringApplication.callRunner(SpringApplication.java:789)
	at org.springframework.boot.SpringApplication.lambda$callRunners$3(SpringApplication.java:774)
	at java.base/java.util.stream.ForEachOps$ForEachOp$OfRef.accept(ForEachOps.java:184)
	at java.base/java.util.stream.SortedOps$SizedRefSortingSink.end(SortedOps.java:357)
	at java.base/java.util.stream.AbstractPipeline.copyInto(AbstractPipeline.java:510)
	at java.base/java.util.stream.AbstractPipeline.wrapAndCopyInto(AbstractPipeline.java:499)
	at java.base/java.util.stream.ForEachOps$ForEachOp.evaluateSequential(ForEachOps.java:151)
	at java.base/java.util.stream.ForEachOps$ForEachOp$OfRef.evaluateSequential(ForEachOps.java:174)
	at java.base/java.util.stream.AbstractPipeline.evaluate(AbstractPipeline.java:234)
	at java.base/java.util.stream.ReferencePipeline.forEach(ReferencePipeline.java:596)
	at org.springframework.boot.SpringApplication.callRunners(SpringApplication.java:774)
	at org.springframework.boot.SpringApplication.run(SpringApplication.java:342)
	at org.springframework.boot.SpringApplication.run(SpringApplication.java:1363)
	at org.springframework.boot.SpringApplication.run(SpringApplication.java:1352)
	at com.sermas.x.men.Application.main(Application.java:20)
	at java.base/jdk.internal.reflect.DirectMethodHandleAccessor.invoke(DirectMethodHandleAccessor.java:103)
	at java.base/java.lang.reflect.Method.invoke(Method.java:580)
	at org.springframework.boot.devtools.restart.RestartLauncher.run(RestartLauncher.java:50)
Caused by: java.lang.ClassNotFoundException: com.sermas.x.men.user_interface.XMenInterface
	... 24 common frames omitted
02:48:32.919 [restartedMain] INFO  com.sermas.x.men.Application - Starting Application using Java 21.0.11 with PID 68260 (R:\OneDrive - King's College London\Workspace\Projects\SERMAS_KCL\Repositories\X-Men(Spring-Boot)\X-Men_3.0\target\classes started by Rish in R:\OneDrive - King's College London\Workspace\Projects\SERMAS_KCL\Repositories\X-Men(Spring-Boot)\X-Men_3.0)
02:48:32.919 [restartedMain] INFO  com.sermas.x.men.Application - No active profile set, falling back to 1 default profile: "default"
02:48:33.193 [restartedMain] INFO  o.s.b.w.e.tomcat.TomcatWebServer - Tomcat initialized with port 8081 (http)
02:48:33.194 [restartedMain] INFO  o.a.coyote.http11.Http11NioProtocol - Initializing ProtocolHandler ["http-nio-8081"]
02:48:33.194 [restartedMain] INFO  o.a.catalina.core.StandardService - Starting service [Tomcat]
02:48:33.194 [restartedMain] INFO  o.a.catalina.core.StandardEngine - Starting Servlet engine: [Apache Tomcat/10.1.31]
02:48:33.216 [restartedMain] INFO  o.a.c.c.C.[Tomcat-1].[localhost].[/] - Initializing Spring embedded WebApplicationContext
02:48:33.216 [restartedMain] INFO  o.s.b.w.s.c.ServletWebServerApplicationContext - Root WebApplicationContext: initialization completed in 295 ms
02:48:33.268 [restartedMain] WARN  o.s.b.a.t.ThymeleafAutoConfiguration$DefaultTemplateResolverConfiguration - Cannot find template location: classpath:/templates/ (please add some templates, check your Thymeleaf configuration, or set spring.thymeleaf.check-template-location=false)
02:48:33.304 [restartedMain] WARN  o.s.b.a.s.s.UserDetailsServiceAutoConfiguration - 

Using generated security password: b074f03f-6643-4766-9d8e-dcb986f2a822

This generated password is for development use only. Your security configuration must be updated before running your application in production.

02:48:33.306 [restartedMain] INFO  o.s.s.c.a.a.c.InitializeUserDetailsBeanManagerConfigurer$InitializeUserDetailsManagerConfigurer - Global AuthenticationManager configured with UserDetailsService bean with name inMemoryUserDetailsManager
02:48:33.309 [restartedMain] INFO  o.s.b.a.e.web.EndpointLinksResolver - Exposing 1 endpoint beneath base path '/actuator'
02:48:33.318 [restartedMain] INFO  o.s.b.d.a.OptionalLiveReloadServer - LiveReload server is running on port 35729
02:48:33.323 [restartedMain] INFO  o.a.coyote.http11.Http11NioProtocol - Starting ProtocolHandler ["http-nio-8081"]
02:48:33.327 [restartedMain] INFO  o.s.b.w.e.tomcat.TomcatWebServer - Tomcat started on port 8081 (http) with context path '/'
02:48:33.332 [restartedMain] INFO  com.sermas.x.men.Application - Started Application in 0.439 seconds (process running for 6862.739)
02:48:33.334 [restartedMain] INFO  o.s.b.a.l.ConditionEvaluationReportLogger - 

Error starting ApplicationContext. To display the condition evaluation report re-run your application with 'debug' enabled.
02:48:33.337 [restartedMain] ERROR o.s.boot.SpringApplication - Application run failed
java.lang.NoClassDefFoundError: com/sermas/x/men/user_interface/XMenInterface
	at com.sermas.x.men.Application.run(Application.java:35)
	at org.springframework.boot.SpringApplication.lambda$callRunner$5(SpringApplication.java:790)
	at org.springframework.util.function.ThrowingConsumer$1.acceptWithException(ThrowingConsumer.java:83)
	at org.springframework.util.function.ThrowingConsumer.accept(ThrowingConsumer.java:60)
	at org.springframework.util.function.ThrowingConsumer$1.accept(ThrowingConsumer.java:88)
	at org.springframework.boot.SpringApplication.callRunner(SpringApplication.java:798)
	at org.springframework.boot.SpringApplication.callRunner(SpringApplication.java:789)
	at org.springframework.boot.SpringApplication.lambda$callRunners$3(SpringApplication.java:774)
	at java.base/java.util.stream.ForEachOps$ForEachOp$OfRef.accept(ForEachOps.java:184)
	at java.base/java.util.stream.SortedOps$SizedRefSortingSink.end(SortedOps.java:357)
	at java.base/java.util.stream.AbstractPipeline.copyInto(AbstractPipeline.java:510)
	at java.base/java.util.stream.AbstractPipeline.wrapAndCopyInto(AbstractPipeline.java:499)
	at java.base/java.util.stream.ForEachOps$ForEachOp.evaluateSequential(ForEachOps.java:151)
	at java.base/java.util.stream.ForEachOps$ForEachOp$OfRef.evaluateSequential(ForEachOps.java:174)
	at java.base/java.util.stream.AbstractPipeline.evaluate(AbstractPipeline.java:234)
	at java.base/java.util.stream.ReferencePipeline.forEach(ReferencePipeline.java:596)
	at org.springframework.boot.SpringApplication.callRunners(SpringApplication.java:774)
	at org.springframework.boot.SpringApplication.run(SpringApplication.java:342)
	at org.springframework.boot.SpringApplication.run(SpringApplication.java:1363)
	at org.springframework.boot.SpringApplication.run(SpringApplication.java:1352)
	at com.sermas.x.men.Application.main(Application.java:20)
	at java.base/jdk.internal.reflect.DirectMethodHandleAccessor.invoke(DirectMethodHandleAccessor.java:103)
	at java.base/java.lang.reflect.Method.invoke(Method.java:580)
	at org.springframework.boot.devtools.restart.RestartLauncher.run(RestartLauncher.java:50)
Caused by: java.lang.ClassNotFoundException: com.sermas.x.men.user_interface.XMenInterface
	... 24 common frames omitted
02:48:38.650 [restartedMain] INFO  com.sermas.x.men.Application - Starting Application using Java 21.0.11 with PID 68260 (R:\OneDrive - King's College London\Workspace\Projects\SERMAS_KCL\Repositories\X-Men(Spring-Boot)\X-Men_3.0\target\classes started by Rish in R:\OneDrive - King's College London\Workspace\Projects\SERMAS_KCL\Repositories\X-Men(Spring-Boot)\X-Men_3.0)
02:48:38.650 [restartedMain] INFO  com.sermas.x.men.Application - No active profile set, falling back to 1 default profile: "default"
02:48:38.887 [restartedMain] INFO  o.s.b.w.e.tomcat.TomcatWebServer - Tomcat initialized with port 8081 (http)
02:48:38.888 [restartedMain] INFO  o.a.coyote.http11.Http11NioProtocol - Initializing ProtocolHandler ["http-nio-8081"]
02:48:38.888 [restartedMain] INFO  o.a.catalina.core.StandardService - Starting service [Tomcat]
02:48:38.888 [restartedMain] INFO  o.a.catalina.core.StandardEngine - Starting Servlet engine: [Apache Tomcat/10.1.31]
02:48:38.912 [restartedMain] INFO  o.a.c.c.C.[Tomcat-1].[localhost].[/] - Initializing Spring embedded WebApplicationContext
02:48:38.913 [restartedMain] INFO  o.s.b.w.s.c.ServletWebServerApplicationContext - Root WebApplicationContext: initialization completed in 260 ms
02:48:38.954 [restartedMain] INFO  c.s.x.m.s.HaskellDerivationFetcher - HaskellDerivationFetcher initialized with base URL: http://localhost:9091
02:48:38.968 [restartedMain] INFO  c.sermas.x.men.service.SettingsStore - Applied persisted vocabulary from C:\Users\Dell\.xmen\settings.json.
02:48:38.968 [restartedMain] INFO  c.sermas.x.men.service.SettingsStore - Applied persisted active theme 'ocean-cobalt'.
02:48:38.968 [restartedMain] INFO  c.sermas.x.men.service.SettingsStore - Applied persisted UI preferences.
02:48:38.981 [restartedMain] WARN  o.s.b.a.s.s.UserDetailsServiceAutoConfiguration - 

Using generated security password: a2b5491f-14a5-4c66-8149-074ab490b874

This generated password is for development use only. Your security configuration must be updated before running your application in production.

02:48:38.981 [restartedMain] INFO  o.s.s.c.a.a.c.InitializeUserDetailsBeanManagerConfigurer$InitializeUserDetailsManagerConfigurer - Global AuthenticationManager configured with UserDetailsService bean with name inMemoryUserDetailsManager
02:48:39.006 [restartedMain] INFO  o.s.b.a.e.web.EndpointLinksResolver - Exposing 1 endpoint beneath base path '/actuator'
02:48:39.018 [restartedMain] WARN  o.s.b.a.t.ThymeleafAutoConfiguration$DefaultTemplateResolverConfiguration - Cannot find template location: classpath:/templates/ (please add some templates, check your Thymeleaf configuration, or set spring.thymeleaf.check-template-location=false)
02:48:39.027 [restartedMain] INFO  o.s.b.d.a.OptionalLiveReloadServer - LiveReload server is running on port 35729
02:48:39.030 [restartedMain] INFO  o.a.coyote.http11.Http11NioProtocol - Starting ProtocolHandler ["http-nio-8081"]
02:48:39.032 [restartedMain] INFO  o.s.b.w.e.tomcat.TomcatWebServer - Tomcat started on port 8081 (http) with context path '/'
02:48:39.034 [restartedMain] INFO  com.sermas.x.men.Application - Started Application in 0.409 seconds (process running for 6868.441)
02:48:39.036 [restartedMain] INFO  o.s.b.a.l.ConditionEvaluationReportLogger - 

Error starting ApplicationContext. To display the condition evaluation report re-run your application with 'debug' enabled.
02:48:39.037 [restartedMain] ERROR o.s.boot.SpringApplication - Application run failed
java.lang.IllegalStateException: Application launch must not be called more than once
	at com.sun.javafx.application.LauncherImpl.launchApplication(LauncherImpl.java:176)
	at com.sun.javafx.application.LauncherImpl.launchApplication(LauncherImpl.java:154)
	at javafx.application.Application.launch(Application.java:233)
	at com.sermas.x.men.Application.run(Application.java:55)
	at org.springframework.boot.SpringApplication.lambda$callRunner$5(SpringApplication.java:790)
	at org.springframework.util.function.ThrowingConsumer$1.acceptWithException(ThrowingConsumer.java:83)
	at org.springframework.util.function.ThrowingConsumer.accept(ThrowingConsumer.java:60)
	at org.springframework.util.function.ThrowingConsumer$1.accept(ThrowingConsumer.java:88)
	at org.springframework.boot.SpringApplication.callRunner(SpringApplication.java:798)
	at org.springframework.boot.SpringApplication.callRunner(SpringApplication.java:789)
	at org.springframework.boot.SpringApplication.lambda$callRunners$3(SpringApplication.java:774)
	at java.base/java.util.stream.ForEachOps$ForEachOp$OfRef.accept(ForEachOps.java:184)
	at java.base/java.util.stream.SortedOps$SizedRefSortingSink.end(SortedOps.java:357)
	at java.base/java.util.stream.AbstractPipeline.copyInto(AbstractPipeline.java:510)
	at java.base/java.util.stream.AbstractPipeline.wrapAndCopyInto(AbstractPipeline.java:499)
	at java.base/java.util.stream.ForEachOps$ForEachOp.evaluateSequential(ForEachOps.java:151)
	at java.base/java.util.stream.ForEachOps$ForEachOp$OfRef.evaluateSequential(ForEachOps.java:174)
	at java.base/java.util.stream.AbstractPipeline.evaluate(AbstractPipeline.java:234)
	at java.base/java.util.stream.ReferencePipeline.forEach(ReferencePipeline.java:596)
	at org.springframework.boot.SpringApplication.callRunners(SpringApplication.java:774)
	at org.springframework.boot.SpringApplication.run(SpringApplication.java:342)
	at org.springframework.boot.SpringApplication.run(SpringApplication.java:1363)
	at org.springframework.boot.SpringApplication.run(SpringApplication.java:1352)
	at com.sermas.x.men.Application.main(Application.java:26)
	at java.base/jdk.internal.reflect.DirectMethodHandleAccessor.invoke(DirectMethodHandleAccessor.java:103)
	at java.base/java.lang.reflect.Method.invoke(Method.java:580)
	at org.springframework.boot.devtools.restart.RestartLauncher.run(RestartLauncher.java:50)
02:48:50.891 [restartedMain] INFO  com.sermas.x.men.Application - Starting Application using Java 21.0.11 with PID 46316 (R:\OneDrive - King's College London\Workspace\Projects\SERMAS_KCL\Repositories\X-Men(Spring-Boot)\X-Men_3.0\target\classes started by Rish in R:\OneDrive - King's College London\Workspace\Projects\SERMAS_KCL\Repositories\X-Men(Spring-Boot)\X-Men_3.0)
02:48:50.893 [restartedMain] INFO  com.sermas.x.men.Application - No active profile set, falling back to 1 default profile: "default"
02:48:50.943 [restartedMain] INFO  o.s.b.d.e.DevToolsPropertyDefaultsPostProcessor - Devtools property defaults active! Set 'spring.devtools.add-properties' to 'false' to disable
02:48:52.439 [restartedMain] INFO  o.s.b.w.e.tomcat.TomcatWebServer - Tomcat initialized with port 8081 (http)
02:48:52.449 [restartedMain] INFO  o.a.coyote.http11.Http11NioProtocol - Initializing ProtocolHandler ["http-nio-8081"]
02:48:52.451 [restartedMain] INFO  o.a.catalina.core.StandardService - Starting service [Tomcat]
02:48:52.452 [restartedMain] INFO  o.a.catalina.core.StandardEngine - Starting Servlet engine: [Apache Tomcat/10.1.31]
02:48:52.490 [restartedMain] INFO  o.a.c.c.C.[Tomcat].[localhost].[/] - Initializing Spring embedded WebApplicationContext
02:48:52.491 [restartedMain] INFO  o.s.b.w.s.c.ServletWebServerApplicationContext - Root WebApplicationContext: initialization completed in 1548 ms
02:48:52.921 [restartedMain] INFO  c.s.x.m.s.HaskellDerivationFetcher - HaskellDerivationFetcher initialized with base URL: http://localhost:9091
02:48:53.037 [restartedMain] INFO  c.sermas.x.men.service.SettingsStore - Applied persisted vocabulary from C:\Users\Dell\.xmen\settings.json.
02:48:53.037 [restartedMain] INFO  c.sermas.x.men.service.SettingsStore - Applied persisted active theme 'ocean-cobalt'.
02:48:53.037 [restartedMain] INFO  c.sermas.x.men.service.SettingsStore - Applied persisted UI preferences.
02:48:53.182 [restartedMain] WARN  o.s.b.a.s.s.UserDetailsServiceAutoConfiguration - 

Using generated security password: dfa085d2-d8a9-4a98-b2b8-5761921bdfdc

This generated password is for development use only. Your security configuration must be updated before running your application in production.

02:48:53.205 [restartedMain] INFO  o.s.s.c.a.a.c.InitializeUserDetailsBeanManagerConfigurer$InitializeUserDetailsManagerConfigurer - Global AuthenticationManager configured with UserDetailsService bean with name inMemoryUserDetailsManager
02:48:53.514 [restartedMain] INFO  o.s.b.a.e.web.EndpointLinksResolver - Exposing 1 endpoint beneath base path '/actuator'
02:48:53.817 [restartedMain] WARN  o.s.b.a.t.ThymeleafAutoConfiguration$DefaultTemplateResolverConfiguration - Cannot find template location: classpath:/templates/ (please add some templates, check your Thymeleaf configuration, or set spring.thymeleaf.check-template-location=false)
02:48:54.085 [restartedMain] WARN  o.s.b.d.a.OptionalLiveReloadServer - Unable to start LiveReload server
02:48:54.141 [restartedMain] INFO  o.a.coyote.http11.Http11NioProtocol - Starting ProtocolHandler ["http-nio-8081"]
02:48:54.168 [restartedMain] INFO  o.s.b.w.e.tomcat.TomcatWebServer - Tomcat started on port 8081 (http) with context path '/'
02:48:54.185 [restartedMain] INFO  com.sermas.x.men.Application - Started Application in 3.717 seconds (process running for 4.238)
02:48:54.298 [JavaFX-Launcher] WARN  javafx - Unsupported JavaFX configuration: classes were loaded from 'unnamed module @2473b9ce'
02:48:54.880 [JavaFX Application Thread] INFO  c.s.x.m.user_interface.XMenInterface - Splash video 'X - Men 2.0.mp4' loaded; playing at 1280.0x800.0 with audio.
02:49:07.224 [http-nio-8081-exec-1] INFO  o.a.c.c.C.[Tomcat].[localhost].[/] - Initializing Spring DispatcherServlet 'dispatcherServlet'
02:49:07.225 [http-nio-8081-exec-1] INFO  o.s.web.servlet.DispatcherServlet - Initializing Servlet 'dispatcherServlet'
02:49:07.227 [http-nio-8081-exec-1] INFO  o.s.web.servlet.DispatcherServlet - Completed initialization in 2 ms
02:50:43.887 [JavaFX Application Thread] INFO  c.s.x.m.s.chatbot.ChatBotService - Extracted 6 AIML brain resources into C:\Users\Dell\AppData\Local\Temp\xmen-aiml-8601297338991752490\xmen
02:50:43.887 [JavaFX Application Thread] INFO  c.s.x.m.s.chatbot.ChatBotService - Loading X-Men AIML brain from C:\Users\Dell\AppData\Local\Temp\xmen-aiml-8601297338991752490\xmen\
02:50:44.166 [JavaFX Application Thread] INFO  c.s.x.m.s.chatbot.ChatBotService - ChatBotService status: AIML brain loaded from C:\Users\Dell\AppData\Local\Temp\xmen-aiml-8601297338991752490\xmen\
02:52:41.989 [File Watcher] INFO  o.s.b.d.a.LocalDevToolsAutoConfiguration$RestartingClassPathChangeChangedEventListener - Restarting due to 162 class path changes (0 additions, 161 deletions, 1 modification)
02:52:42.383 [restartedMain] INFO  com.sermas.x.men.Application - Starting Application using Java 21.0.11 with PID 68260 (R:\OneDrive - King's College London\Workspace\Projects\SERMAS_KCL\Repositories\X-Men(Spring-Boot)\X-Men_3.0\target\classes started by Rish in R:\OneDrive - King's College London\Workspace\Projects\SERMAS_KCL\Repositories\X-Men(Spring-Boot)\X-Men_3.0)
02:52:42.385 [restartedMain] INFO  com.sermas.x.men.Application - No active profile set, falling back to 1 default profile: "default"
02:52:42.883 [restartedMain] INFO  o.s.b.w.e.tomcat.TomcatWebServer - Tomcat initialized with port 8081 (http)
02:52:42.885 [restartedMain] INFO  o.a.coyote.http11.Http11NioProtocol - Initializing ProtocolHandler ["http-nio-8081"]
02:52:42.886 [restartedMain] INFO  o.a.catalina.core.StandardService - Starting service [Tomcat]
02:52:42.886 [restartedMain] INFO  o.a.catalina.core.StandardEngine - Starting Servlet engine: [Apache Tomcat/10.1.31]
02:52:42.924 [restartedMain] INFO  o.a.c.c.C.[Tomcat-1].[localhost].[/] - Initializing Spring embedded WebApplicationContext
02:52:42.924 [restartedMain] INFO  o.s.b.w.s.c.ServletWebServerApplicationContext - Root WebApplicationContext: initialization completed in 532 ms
02:52:43.027 [restartedMain] WARN  o.s.b.a.t.ThymeleafAutoConfiguration$DefaultTemplateResolverConfiguration - Cannot find template location: classpath:/templates/ (please add some templates, check your Thymeleaf configuration, or set spring.thymeleaf.check-template-location=false)
02:52:43.074 [restartedMain] WARN  o.s.b.a.s.s.UserDetailsServiceAutoConfiguration - 

Using generated security password: 0c7f5962-921a-4bde-bd18-f85457493773

This generated password is for development use only. Your security configuration must be updated before running your application in production.

02:52:43.077 [restartedMain] INFO  o.s.s.c.a.a.c.InitializeUserDetailsBeanManagerConfigurer$InitializeUserDetailsManagerConfigurer - Global AuthenticationManager configured with UserDetailsService bean with name inMemoryUserDetailsManager
02:52:43.086 [restartedMain] INFO  o.s.b.a.e.web.EndpointLinksResolver - Exposing 1 endpoint beneath base path '/actuator'
02:52:43.097 [restartedMain] INFO  o.s.b.d.a.OptionalLiveReloadServer - LiveReload server is running on port 35729
02:52:43.107 [restartedMain] INFO  o.a.coyote.http11.Http11NioProtocol - Starting ProtocolHandler ["http-nio-8081"]
02:52:43.114 [restartedMain] INFO  o.s.b.w.e.tomcat.TomcatWebServer - Tomcat started on port 8081 (http) with context path '/'
02:52:43.119 [restartedMain] INFO  com.sermas.x.men.Application - Started Application in 0.859 seconds (process running for 7112.526)
02:52:43.123 [restartedMain] INFO  o.s.b.a.l.ConditionEvaluationReportLogger - 

Error starting ApplicationContext. To display the condition evaluation report re-run your application with 'debug' enabled.
02:52:43.127 [restartedMain] ERROR o.s.boot.SpringApplication - Application run failed
java.lang.NoClassDefFoundError: com/sermas/x/men/user_interface/XMenInterface
	at com.sermas.x.men.Application.run(Application.java:35)
	at org.springframework.boot.SpringApplication.lambda$callRunner$5(SpringApplication.java:790)
	at org.springframework.util.function.ThrowingConsumer$1.acceptWithException(ThrowingConsumer.java:83)
	at org.springframework.util.function.ThrowingConsumer.accept(ThrowingConsumer.java:60)
	at org.springframework.util.function.ThrowingConsumer$1.accept(ThrowingConsumer.java:88)
	at org.springframework.boot.SpringApplication.callRunner(SpringApplication.java:798)
	at org.springframework.boot.SpringApplication.callRunner(SpringApplication.java:789)
	at org.springframework.boot.SpringApplication.lambda$callRunners$3(SpringApplication.java:774)
	at java.base/java.util.stream.ForEachOps$ForEachOp$OfRef.accept(ForEachOps.java:184)
	at java.base/java.util.stream.SortedOps$SizedRefSortingSink.end(SortedOps.java:357)
	at java.base/java.util.stream.AbstractPipeline.copyInto(AbstractPipeline.java:510)
	at java.base/java.util.stream.AbstractPipeline.wrapAndCopyInto(AbstractPipeline.java:499)
	at java.base/java.util.stream.ForEachOps$ForEachOp.evaluateSequential(ForEachOps.java:151)
	at java.base/java.util.stream.ForEachOps$ForEachOp$OfRef.evaluateSequential(ForEachOps.java:174)
	at java.base/java.util.stream.AbstractPipeline.evaluate(AbstractPipeline.java:234)
	at java.base/java.util.stream.ReferencePipeline.forEach(ReferencePipeline.java:596)
	at org.springframework.boot.SpringApplication.callRunners(SpringApplication.java:774)
	at org.springframework.boot.SpringApplication.run(SpringApplication.java:342)
	at org.springframework.boot.SpringApplication.run(SpringApplication.java:1363)
	at org.springframework.boot.SpringApplication.run(SpringApplication.java:1352)
	at com.sermas.x.men.Application.main(Application.java:20)
	at java.base/jdk.internal.reflect.DirectMethodHandleAccessor.invoke(DirectMethodHandleAccessor.java:103)
	at java.base/java.lang.reflect.Method.invoke(Method.java:580)
	at org.springframework.boot.devtools.restart.RestartLauncher.run(RestartLauncher.java:50)
Caused by: java.lang.ClassNotFoundException: com.sermas.x.men.user_interface.XMenInterface
	... 24 common frames omitted
02:52:50.810 [restartedMain] INFO  com.sermas.x.men.Application - Starting Application using Java 21.0.11 with PID 68260 (R:\OneDrive - King's College London\Workspace\Projects\SERMAS_KCL\Repositories\X-Men(Spring-Boot)\X-Men_3.0\target\classes started by Rish in R:\OneDrive - King's College London\Workspace\Projects\SERMAS_KCL\Repositories\X-Men(Spring-Boot)\X-Men_3.0)
02:52:50.810 [restartedMain] INFO  com.sermas.x.men.Application - No active profile set, falling back to 1 default profile: "default"
02:52:51.260 [restartedMain] INFO  o.s.b.w.e.tomcat.TomcatWebServer - Tomcat initialized with port 8081 (http)
02:52:51.261 [restartedMain] INFO  o.a.coyote.http11.Http11NioProtocol - Initializing ProtocolHandler ["http-nio-8081"]
02:52:51.261 [restartedMain] INFO  o.a.catalina.core.StandardService - Starting service [Tomcat]
02:52:51.262 [restartedMain] INFO  o.a.catalina.core.StandardEngine - Starting Servlet engine: [Apache Tomcat/10.1.31]
02:52:51.281 [restartedMain] INFO  o.a.c.c.C.[Tomcat-1].[localhost].[/] - Initializing Spring embedded WebApplicationContext
02:52:51.281 [restartedMain] INFO  o.s.b.w.s.c.ServletWebServerApplicationContext - Root WebApplicationContext: initialization completed in 469 ms
02:52:51.377 [restartedMain] INFO  c.s.x.m.s.HaskellDerivationFetcher - HaskellDerivationFetcher initialized with base URL: http://localhost:9091
02:52:51.416 [restartedMain] INFO  c.sermas.x.men.service.SettingsStore - Applied persisted vocabulary from C:\Users\Dell\.xmen\settings.json.
02:52:51.416 [restartedMain] INFO  c.sermas.x.men.service.SettingsStore - Applied persisted active theme 'ocean-cobalt'.
02:52:51.416 [restartedMain] INFO  c.sermas.x.men.service.SettingsStore - Applied persisted UI preferences.
02:52:51.442 [restartedMain] WARN  o.s.b.a.s.s.UserDetailsServiceAutoConfiguration - 

Using generated security password: f43da3cd-3501-46da-ae4c-184cf49f03e2

This generated password is for development use only. Your security configuration must be updated before running your application in production.

02:52:51.443 [restartedMain] INFO  o.s.s.c.a.a.c.InitializeUserDetailsBeanManagerConfigurer$InitializeUserDetailsManagerConfigurer - Global AuthenticationManager configured with UserDetailsService bean with name inMemoryUserDetailsManager
02:52:51.486 [restartedMain] INFO  o.s.b.a.e.web.EndpointLinksResolver - Exposing 1 endpoint beneath base path '/actuator'
02:52:51.501 [restartedMain] WARN  o.s.b.a.t.ThymeleafAutoConfiguration$DefaultTemplateResolverConfiguration - Cannot find template location: classpath:/templates/ (please add some templates, check your Thymeleaf configuration, or set spring.thymeleaf.check-template-location=false)
02:52:51.521 [restartedMain] INFO  o.s.b.d.a.OptionalLiveReloadServer - LiveReload server is running on port 35729
02:52:51.528 [restartedMain] INFO  o.a.coyote.http11.Http11NioProtocol - Starting ProtocolHandler ["http-nio-8081"]
02:52:51.531 [restartedMain] INFO  o.s.b.w.e.tomcat.TomcatWebServer - Tomcat started on port 8081 (http) with context path '/'
02:52:51.535 [restartedMain] INFO  com.sermas.x.men.Application - Started Application in 0.753 seconds (process running for 7120.941)
02:52:51.542 [restartedMain] INFO  o.s.b.a.l.ConditionEvaluationReportLogger - 

Error starting ApplicationContext. To display the condition evaluation report re-run your application with 'debug' enabled.
02:52:51.544 [restartedMain] ERROR o.s.boot.SpringApplication - Application run failed
java.lang.IllegalStateException: Application launch must not be called more than once
	at com.sun.javafx.application.LauncherImpl.launchApplication(LauncherImpl.java:176)
	at com.sun.javafx.application.LauncherImpl.launchApplication(LauncherImpl.java:154)
	at javafx.application.Application.launch(Application.java:233)
	at com.sermas.x.men.Application.run(Application.java:55)
	at org.springframework.boot.SpringApplication.lambda$callRunner$5(SpringApplication.java:790)
	at org.springframework.util.function.ThrowingConsumer$1.acceptWithException(ThrowingConsumer.java:83)
	at org.springframework.util.function.ThrowingConsumer.accept(ThrowingConsumer.java:60)
	at org.springframework.util.function.ThrowingConsumer$1.accept(ThrowingConsumer.java:88)
	at org.springframework.boot.SpringApplication.callRunner(SpringApplication.java:798)
	at org.springframework.boot.SpringApplication.callRunner(SpringApplication.java:789)
	at org.springframework.boot.SpringApplication.lambda$callRunners$3(SpringApplication.java:774)
	at java.base/java.util.stream.ForEachOps$ForEachOp$OfRef.accept(ForEachOps.java:184)
	at java.base/java.util.stream.SortedOps$SizedRefSortingSink.end(SortedOps.java:357)
	at java.base/java.util.stream.AbstractPipeline.copyInto(AbstractPipeline.java:510)
	at java.base/java.util.stream.AbstractPipeline.wrapAndCopyInto(AbstractPipeline.java:499)
	at java.base/java.util.stream.ForEachOps$ForEachOp.evaluateSequential(ForEachOps.java:151)
	at java.base/java.util.stream.ForEachOps$ForEachOp$OfRef.evaluateSequential(ForEachOps.java:174)
	at java.base/java.util.stream.AbstractPipeline.evaluate(AbstractPipeline.java:234)
	at java.base/java.util.stream.ReferencePipeline.forEach(ReferencePipeline.java:596)
	at org.springframework.boot.SpringApplication.callRunners(SpringApplication.java:774)
	at org.springframework.boot.SpringApplication.run(SpringApplication.java:342)
	at org.springframework.boot.SpringApplication.run(SpringApplication.java:1363)
	at org.springframework.boot.SpringApplication.run(SpringApplication.java:1352)
	at com.sermas.x.men.Application.main(Application.java:26)
	at java.base/jdk.internal.reflect.DirectMethodHandleAccessor.invoke(DirectMethodHandleAccessor.java:103)
	at java.base/java.lang.reflect.Method.invoke(Method.java:580)
	at org.springframework.boot.devtools.restart.RestartLauncher.run(RestartLauncher.java:50)
02:52:55.339 [main] INFO  c.s.x.m.s.chatbot.ChatBotService - Extracted 6 AIML brain resources into C:\Users\Dell\AppData\Local\Temp\xmen-aiml-11207408220540986424\xmen
02:52:55.344 [main] INFO  c.s.x.m.s.chatbot.ChatBotService - Loading X-Men AIML brain from C:\Users\Dell\AppData\Local\Temp\xmen-aiml-11207408220540986424\xmen\
02:52:55.654 [main] INFO  c.s.x.m.s.chatbot.ChatBotService - ChatBotService status: AIML brain loaded from C:\Users\Dell\AppData\Local\Temp\xmen-aiml-11207408220540986424\xmen\
02:53:23.012 [restartedMain] INFO  com.sermas.x.men.Application - Starting Application using Java 21.0.11 with PID 68260 (started by Rish in R:\OneDrive - King's College London\Workspace\Projects\SERMAS_KCL\Repositories\X-Men(Spring-Boot)\X-Men_3.0)
02:53:23.012 [restartedMain] INFO  com.sermas.x.men.Application - No active profile set, falling back to 1 default profile: "default"
02:53:23.191 [restartedMain] INFO  o.s.b.w.e.tomcat.TomcatWebServer - Tomcat initialized with port 8080 (http)
02:53:23.192 [restartedMain] INFO  o.a.coyote.http11.Http11NioProtocol - Initializing ProtocolHandler ["http-nio-8080"]
02:53:23.192 [restartedMain] INFO  o.a.catalina.core.StandardService - Starting service [Tomcat]
02:53:23.192 [restartedMain] INFO  o.a.catalina.core.StandardEngine - Starting Servlet engine: [Apache Tomcat/10.1.31]
02:53:23.204 [restartedMain] INFO  o.a.c.c.C.[Tomcat-1].[localhost].[/] - Initializing Spring embedded WebApplicationContext
02:53:23.204 [restartedMain] INFO  o.s.b.w.s.c.ServletWebServerApplicationContext - Root WebApplicationContext: initialization completed in 191 ms
02:53:23.239 [restartedMain] WARN  o.s.b.a.t.ThymeleafAutoConfiguration$DefaultTemplateResolverConfiguration - Cannot find template location: classpath:/templates/ (please add some templates, check your Thymeleaf configuration, or set spring.thymeleaf.check-template-location=false)
02:53:23.257 [restartedMain] WARN  o.s.b.a.s.s.UserDetailsServiceAutoConfiguration - 

Using generated security password: cd812c2e-7b9f-4fed-ad83-1a93721a1382

This generated password is for development use only. Your security configuration must be updated before running your application in production.

02:53:23.258 [restartedMain] INFO  o.s.s.c.a.a.c.InitializeUserDetailsBeanManagerConfigurer$InitializeUserDetailsManagerConfigurer - Global AuthenticationManager configured with UserDetailsService bean with name inMemoryUserDetailsManager
02:53:23.261 [restartedMain] INFO  o.s.b.a.e.web.EndpointLinksResolver - Exposing 1 endpoint beneath base path '/actuator'
02:53:23.267 [restartedMain] INFO  o.s.b.d.a.OptionalLiveReloadServer - LiveReload server is running on port 35729
02:53:23.270 [restartedMain] INFO  o.a.coyote.http11.Http11NioProtocol - Starting ProtocolHandler ["http-nio-8080"]
02:53:23.274 [restartedMain] INFO  o.s.b.w.e.tomcat.TomcatWebServer - Tomcat started on port 8080 (http) with context path '/'
02:53:23.278 [restartedMain] INFO  com.sermas.x.men.Application - Started Application in 0.285 seconds (process running for 7152.685)
02:53:23.280 [restartedMain] INFO  o.s.b.a.l.ConditionEvaluationReportLogger - 

Error starting ApplicationContext. To display the condition evaluation report re-run your application with 'debug' enabled.
02:53:23.282 [restartedMain] ERROR o.s.boot.SpringApplication - Application run failed
java.lang.NoClassDefFoundError: com/sermas/x/men/user_interface/XMenInterface
	at com.sermas.x.men.Application.run(Application.java:35)
	at org.springframework.boot.SpringApplication.lambda$callRunner$5(SpringApplication.java:790)
	at org.springframework.util.function.ThrowingConsumer$1.acceptWithException(ThrowingConsumer.java:83)
	at org.springframework.util.function.ThrowingConsumer.accept(ThrowingConsumer.java:60)
	at org.springframework.util.function.ThrowingConsumer$1.accept(ThrowingConsumer.java:88)
	at org.springframework.boot.SpringApplication.callRunner(SpringApplication.java:798)
	at org.springframework.boot.SpringApplication.callRunner(SpringApplication.java:789)
	at org.springframework.boot.SpringApplication.lambda$callRunners$3(SpringApplication.java:774)
	at java.base/java.util.stream.ForEachOps$ForEachOp$OfRef.accept(ForEachOps.java:184)
	at java.base/java.util.stream.SortedOps$SizedRefSortingSink.end(SortedOps.java:357)
	at java.base/java.util.stream.AbstractPipeline.copyInto(AbstractPipeline.java:510)
	at java.base/java.util.stream.AbstractPipeline.wrapAndCopyInto(AbstractPipeline.java:499)
	at java.base/java.util.stream.ForEachOps$ForEachOp.evaluateSequential(ForEachOps.java:151)
	at java.base/java.util.stream.ForEachOps$ForEachOp$OfRef.evaluateSequential(ForEachOps.java:174)
	at java.base/java.util.stream.AbstractPipeline.evaluate(AbstractPipeline.java:234)
	at java.base/java.util.stream.ReferencePipeline.forEach(ReferencePipeline.java:596)
	at org.springframework.boot.SpringApplication.callRunners(SpringApplication.java:774)
	at org.springframework.boot.SpringApplication.run(SpringApplication.java:342)
	at org.springframework.boot.SpringApplication.run(SpringApplication.java:1363)
	at org.springframework.boot.SpringApplication.run(SpringApplication.java:1352)
	at com.sermas.x.men.Application.main(Application.java:20)
	at java.base/jdk.internal.reflect.DirectMethodHandleAccessor.invoke(DirectMethodHandleAccessor.java:103)
	at java.base/java.lang.reflect.Method.invoke(Method.java:580)
	at org.springframework.boot.devtools.restart.RestartLauncher.run(RestartLauncher.java:50)
Caused by: java.lang.ClassNotFoundException: com.sermas.x.men.user_interface.XMenInterface
	... 24 common frames omitted
02:53:25.780 [restartedMain] INFO  com.sermas.x.men.Application - Starting Application using Java 21.0.11 with PID 68260 (R:\OneDrive - King's College London\Workspace\Projects\SERMAS_KCL\Repositories\X-Men(Spring-Boot)\X-Men_3.0\target\classes started by Rish in R:\OneDrive - King's College London\Workspace\Projects\SERMAS_KCL\Repositories\X-Men(Spring-Boot)\X-Men_3.0)
02:53:25.780 [restartedMain] INFO  com.sermas.x.men.Application - No active profile set, falling back to 1 default profile: "default"
02:53:25.983 [restartedMain] INFO  o.s.b.w.e.tomcat.TomcatWebServer - Tomcat initialized with port 8081 (http)
02:53:25.984 [restartedMain] INFO  o.a.coyote.http11.Http11NioProtocol - Initializing ProtocolHandler ["http-nio-8081"]
02:53:25.984 [restartedMain] INFO  o.a.catalina.core.StandardService - Starting service [Tomcat]
02:53:25.984 [restartedMain] INFO  o.a.catalina.core.StandardEngine - Starting Servlet engine: [Apache Tomcat/10.1.31]
02:53:26.005 [restartedMain] INFO  o.a.c.c.C.[Tomcat-1].[localhost].[/] - Initializing Spring embedded WebApplicationContext
02:53:26.005 [restartedMain] INFO  o.s.b.w.s.c.ServletWebServerApplicationContext - Root WebApplicationContext: initialization completed in 223 ms
02:53:26.059 [restartedMain] WARN  o.s.b.a.t.ThymeleafAutoConfiguration$DefaultTemplateResolverConfiguration - Cannot find template location: classpath:/templates/ (please add some templates, check your Thymeleaf configuration, or set spring.thymeleaf.check-template-location=false)
02:53:26.085 [restartedMain] WARN  o.s.b.a.s.s.UserDetailsServiceAutoConfiguration - 

Using generated security password: 65720e4f-bda6-48ea-863c-ea4983ef7e2a

This generated password is for development use only. Your security configuration must be updated before running your application in production.

02:53:26.086 [restartedMain] INFO  o.s.s.c.a.a.c.InitializeUserDetailsBeanManagerConfigurer$InitializeUserDetailsManagerConfigurer - Global AuthenticationManager configured with UserDetailsService bean with name inMemoryUserDetailsManager
02:53:26.088 [restartedMain] INFO  o.s.b.a.e.web.EndpointLinksResolver - Exposing 1 endpoint beneath base path '/actuator'
02:53:26.094 [restartedMain] INFO  o.s.b.d.a.OptionalLiveReloadServer - LiveReload server is running on port 35729
02:53:26.097 [restartedMain] INFO  o.a.coyote.http11.Http11NioProtocol - Starting ProtocolHandler ["http-nio-8081"]
02:53:26.100 [restartedMain] INFO  o.s.b.w.e.tomcat.TomcatWebServer - Tomcat started on port 8081 (http) with context path '/'
02:53:26.104 [restartedMain] INFO  com.sermas.x.men.Application - Started Application in 0.352 seconds (process running for 7155.511)
02:53:26.106 [restartedMain] INFO  o.s.b.a.l.ConditionEvaluationReportLogger - 

Error starting ApplicationContext. To display the condition evaluation report re-run your application with 'debug' enabled.
02:53:26.109 [restartedMain] ERROR o.s.boot.SpringApplication - Application run failed
java.lang.NoClassDefFoundError: com/sermas/x/men/user_interface/XMenInterface
	at com.sermas.x.men.Application.run(Application.java:35)
	at org.springframework.boot.SpringApplication.lambda$callRunner$5(SpringApplication.java:790)
	at org.springframework.util.function.ThrowingConsumer$1.acceptWithException(ThrowingConsumer.java:83)
	at org.springframework.util.function.ThrowingConsumer.accept(ThrowingConsumer.java:60)
	at org.springframework.util.function.ThrowingConsumer$1.accept(ThrowingConsumer.java:88)
	at org.springframework.boot.SpringApplication.callRunner(SpringApplication.java:798)
	at org.springframework.boot.SpringApplication.callRunner(SpringApplication.java:789)
	at org.springframework.boot.SpringApplication.lambda$callRunners$3(SpringApplication.java:774)
	at java.base/java.util.stream.ForEachOps$ForEachOp$OfRef.accept(ForEachOps.java:184)
	at java.base/java.util.stream.SortedOps$SizedRefSortingSink.end(SortedOps.java:357)
	at java.base/java.util.stream.AbstractPipeline.copyInto(AbstractPipeline.java:510)
	at java.base/java.util.stream.AbstractPipeline.wrapAndCopyInto(AbstractPipeline.java:499)
	at java.base/java.util.stream.ForEachOps$ForEachOp.evaluateSequential(ForEachOps.java:151)
	at java.base/java.util.stream.ForEachOps$ForEachOp$OfRef.evaluateSequential(ForEachOps.java:174)
	at java.base/java.util.stream.AbstractPipeline.evaluate(AbstractPipeline.java:234)
	at java.base/java.util.stream.ReferencePipeline.forEach(ReferencePipeline.java:596)
	at org.springframework.boot.SpringApplication.callRunners(SpringApplication.java:774)
	at org.springframework.boot.SpringApplication.run(SpringApplication.java:342)
	at org.springframework.boot.SpringApplication.run(SpringApplication.java:1363)
	at org.springframework.boot.SpringApplication.run(SpringApplication.java:1352)
	at com.sermas.x.men.Application.main(Application.java:20)
	at java.base/jdk.internal.reflect.DirectMethodHandleAccessor.invoke(DirectMethodHandleAccessor.java:103)
	at java.base/java.lang.reflect.Method.invoke(Method.java:580)
	at org.springframework.boot.devtools.restart.RestartLauncher.run(RestartLauncher.java:50)
Caused by: java.lang.ClassNotFoundException: com.sermas.x.men.user_interface.XMenInterface
	... 24 common frames omitted
02:53:29.946 [restartedMain] INFO  com.sermas.x.men.Application - Starting Application using Java 21.0.11 with PID 68260 (R:\OneDrive - King's College London\Workspace\Projects\SERMAS_KCL\Repositories\X-Men(Spring-Boot)\X-Men_3.0\target\classes started by Rish in R:\OneDrive - King's College London\Workspace\Projects\SERMAS_KCL\Repositories\X-Men(Spring-Boot)\X-Men_3.0)
02:53:29.947 [restartedMain] INFO  com.sermas.x.men.Application - No active profile set, falling back to 1 default profile: "default"
02:53:30.142 [restartedMain] INFO  o.s.b.w.e.tomcat.TomcatWebServer - Tomcat initialized with port 8081 (http)
02:53:30.142 [restartedMain] INFO  o.a.coyote.http11.Http11NioProtocol - Initializing ProtocolHandler ["http-nio-8081"]
02:53:30.142 [restartedMain] INFO  o.a.catalina.core.StandardService - Starting service [Tomcat]
02:53:30.143 [restartedMain] INFO  o.a.catalina.core.StandardEngine - Starting Servlet engine: [Apache Tomcat/10.1.31]
02:53:30.153 [restartedMain] INFO  o.a.c.c.C.[Tomcat-1].[localhost].[/] - Initializing Spring embedded WebApplicationContext
02:53:30.153 [restartedMain] INFO  o.s.b.w.s.c.ServletWebServerApplicationContext - Root WebApplicationContext: initialization completed in 206 ms
02:53:30.188 [restartedMain] INFO  c.s.x.m.s.HaskellDerivationFetcher - HaskellDerivationFetcher initialized with base URL: http://localhost:9091
02:53:30.200 [restartedMain] INFO  c.sermas.x.men.service.SettingsStore - Applied persisted vocabulary from C:\Users\Dell\.xmen\settings.json.
02:53:30.200 [restartedMain] INFO  c.sermas.x.men.service.SettingsStore - Applied persisted active theme 'ocean-cobalt'.
02:53:30.200 [restartedMain] INFO  c.sermas.x.men.service.SettingsStore - Applied persisted UI preferences.
02:53:30.211 [restartedMain] WARN  o.s.b.a.s.s.UserDetailsServiceAutoConfiguration - 

Using generated security password: fe69059f-661b-42f1-a327-9f859779591a

This generated password is for development use only. Your security configuration must be updated before running your application in production.

02:53:30.212 [restartedMain] INFO  o.s.s.c.a.a.c.InitializeUserDetailsBeanManagerConfigurer$InitializeUserDetailsManagerConfigurer - Global AuthenticationManager configured with UserDetailsService bean with name inMemoryUserDetailsManager
02:53:30.235 [restartedMain] INFO  o.s.b.a.e.web.EndpointLinksResolver - Exposing 1 endpoint beneath base path '/actuator'
02:53:30.254 [restartedMain] WARN  o.s.b.a.t.ThymeleafAutoConfiguration$DefaultTemplateResolverConfiguration - Cannot find template location: classpath:/templates/ (please add some templates, check your Thymeleaf configuration, or set spring.thymeleaf.check-template-location=false)
02:53:30.266 [restartedMain] INFO  o.s.b.d.a.OptionalLiveReloadServer - LiveReload server is running on port 35729
02:53:30.271 [restartedMain] INFO  o.a.coyote.http11.Http11NioProtocol - Starting ProtocolHandler ["http-nio-8081"]
02:53:30.275 [restartedMain] INFO  o.s.b.w.e.tomcat.TomcatWebServer - Tomcat started on port 8081 (http) with context path '/'
02:53:30.278 [restartedMain] INFO  com.sermas.x.men.Application - Started Application in 0.346 seconds (process running for 7159.685)
02:53:30.280 [restartedMain] INFO  o.s.b.a.l.ConditionEvaluationReportLogger - 

Error starting ApplicationContext. To display the condition evaluation report re-run your application with 'debug' enabled.
02:53:30.282 [restartedMain] ERROR o.s.boot.SpringApplication - Application run failed
java.lang.IllegalStateException: Application launch must not be called more than once
	at com.sun.javafx.application.LauncherImpl.launchApplication(LauncherImpl.java:176)
	at com.sun.javafx.application.LauncherImpl.launchApplication(LauncherImpl.java:154)
	at javafx.application.Application.launch(Application.java:233)
	at com.sermas.x.men.Application.run(Application.java:55)
	at org.springframework.boot.SpringApplication.lambda$callRunner$5(SpringApplication.java:790)
	at org.springframework.util.function.ThrowingConsumer$1.acceptWithException(ThrowingConsumer.java:83)
	at org.springframework.util.function.ThrowingConsumer.accept(ThrowingConsumer.java:60)
	at org.springframework.util.function.ThrowingConsumer$1.accept(ThrowingConsumer.java:88)
	at org.springframework.boot.SpringApplication.callRunner(SpringApplication.java:798)
	at org.springframework.boot.SpringApplication.callRunner(SpringApplication.java:789)
	at org.springframework.boot.SpringApplication.lambda$callRunners$3(SpringApplication.java:774)
	at java.base/java.util.stream.ForEachOps$ForEachOp$OfRef.accept(ForEachOps.java:184)
	at java.base/java.util.stream.SortedOps$SizedRefSortingSink.end(SortedOps.java:357)
	at java.base/java.util.stream.AbstractPipeline.copyInto(AbstractPipeline.java:510)
	at java.base/java.util.stream.AbstractPipeline.wrapAndCopyInto(AbstractPipeline.java:499)
	at java.base/java.util.stream.ForEachOps$ForEachOp.evaluateSequential(ForEachOps.java:151)
	at java.base/java.util.stream.ForEachOps$ForEachOp$OfRef.evaluateSequential(ForEachOps.java:174)
	at java.base/java.util.stream.AbstractPipeline.evaluate(AbstractPipeline.java:234)
	at java.base/java.util.stream.ReferencePipeline.forEach(ReferencePipeline.java:596)
	at org.springframework.boot.SpringApplication.callRunners(SpringApplication.java:774)
	at org.springframework.boot.SpringApplication.run(SpringApplication.java:342)
	at org.springframework.boot.SpringApplication.run(SpringApplication.java:1363)
	at org.springframework.boot.SpringApplication.run(SpringApplication.java:1352)
	at com.sermas.x.men.Application.main(Application.java:26)
	at java.base/jdk.internal.reflect.DirectMethodHandleAccessor.invoke(DirectMethodHandleAccessor.java:103)
	at java.base/java.lang.reflect.Method.invoke(Method.java:580)
	at org.springframework.boot.devtools.restart.RestartLauncher.run(RestartLauncher.java:50)
02:53:41.633 [restartedMain] INFO  com.sermas.x.men.Application - Starting Application using Java 21.0.11 with PID 59640 (R:\OneDrive - King's College London\Workspace\Projects\SERMAS_KCL\Repositories\X-Men(Spring-Boot)\X-Men_3.0\target\classes started by Rish in R:\OneDrive - King's College London\Workspace\Projects\SERMAS_KCL\Repositories\X-Men(Spring-Boot)\X-Men_3.0)
02:53:41.634 [restartedMain] INFO  com.sermas.x.men.Application - No active profile set, falling back to 1 default profile: "default"
02:53:41.677 [restartedMain] INFO  o.s.b.d.e.DevToolsPropertyDefaultsPostProcessor - Devtools property defaults active! Set 'spring.devtools.add-properties' to 'false' to disable
02:53:43.085 [restartedMain] INFO  o.s.b.w.e.tomcat.TomcatWebServer - Tomcat initialized with port 8081 (http)
02:53:43.094 [restartedMain] INFO  o.a.coyote.http11.Http11NioProtocol - Initializing ProtocolHandler ["http-nio-8081"]
02:53:43.098 [restartedMain] INFO  o.a.catalina.core.StandardService - Starting service [Tomcat]
02:53:43.098 [restartedMain] INFO  o.a.catalina.core.StandardEngine - Starting Servlet engine: [Apache Tomcat/10.1.31]
02:53:43.149 [restartedMain] INFO  o.a.c.c.C.[Tomcat].[localhost].[/] - Initializing Spring embedded WebApplicationContext
02:53:43.149 [restartedMain] INFO  o.s.b.w.s.c.ServletWebServerApplicationContext - Root WebApplicationContext: initialization completed in 1472 ms
02:53:43.621 [restartedMain] INFO  c.s.x.m.s.HaskellDerivationFetcher - HaskellDerivationFetcher initialized with base URL: http://localhost:9091
02:53:43.723 [restartedMain] INFO  c.sermas.x.men.service.SettingsStore - Applied persisted vocabulary from C:\Users\Dell\.xmen\settings.json.
02:53:43.723 [restartedMain] INFO  c.sermas.x.men.service.SettingsStore - Applied persisted active theme 'ocean-cobalt'.
02:53:43.723 [restartedMain] INFO  c.sermas.x.men.service.SettingsStore - Applied persisted UI preferences.
02:53:43.848 [restartedMain] WARN  o.s.b.a.s.s.UserDetailsServiceAutoConfiguration - 

Using generated security password: 11567e09-3a97-49e3-9a45-148060311875

This generated password is for development use only. Your security configuration must be updated before running your application in production.

02:53:43.872 [restartedMain] INFO  o.s.s.c.a.a.c.InitializeUserDetailsBeanManagerConfigurer$InitializeUserDetailsManagerConfigurer - Global AuthenticationManager configured with UserDetailsService bean with name inMemoryUserDetailsManager
02:53:44.170 [restartedMain] INFO  o.s.b.a.e.web.EndpointLinksResolver - Exposing 1 endpoint beneath base path '/actuator'
02:53:44.395 [restartedMain] WARN  o.s.b.a.t.ThymeleafAutoConfiguration$DefaultTemplateResolverConfiguration - Cannot find template location: classpath:/templates/ (please add some templates, check your Thymeleaf configuration, or set spring.thymeleaf.check-template-location=false)
02:53:44.592 [restartedMain] WARN  o.s.b.d.a.OptionalLiveReloadServer - Unable to start LiveReload server
02:53:44.634 [restartedMain] INFO  o.a.coyote.http11.Http11NioProtocol - Starting ProtocolHandler ["http-nio-8081"]
02:53:44.654 [restartedMain] INFO  o.s.b.w.e.tomcat.TomcatWebServer - Tomcat started on port 8081 (http) with context path '/'
02:53:44.664 [restartedMain] INFO  com.sermas.x.men.Application - Started Application in 3.451 seconds (process running for 4.068)
02:53:44.751 [JavaFX-Launcher] WARN  javafx - Unsupported JavaFX configuration: classes were loaded from 'unnamed module @2473b9ce'
02:53:45.609 [JavaFX Application Thread] INFO  c.s.x.m.user_interface.XMenInterface - Splash video 'X - Men 2.0.mp4' loaded; playing at 1280.0x800.0 with audio.
02:53:58.764 [JavaFX Application Thread] WARN  javafx.css - CSS Error parsing file:/R:/OneDrive%20-%20King's%20College%20London/Workspace/Projects/SERMAS_KCL/Repositories/X-Men(Spring-Boot)/X-Men_3.0/target/classes/css/main-v2.css: Unexpected function 'gaussian-blur(' while parsing '-fx-effect' at [130,16]
02:53:59.170 [http-nio-8081-exec-1] INFO  o.a.c.c.C.[Tomcat].[localhost].[/] - Initializing Spring DispatcherServlet 'dispatcherServlet'
02:53:59.170 [http-nio-8081-exec-1] INFO  o.s.web.servlet.DispatcherServlet - Initializing Servlet 'dispatcherServlet'
02:53:59.173 [http-nio-8081-exec-1] INFO  o.s.web.servlet.DispatcherServlet - Completed initialization in 3 ms
02:53:59.495 [JavaFX Application Thread] WARN  c.s.x.m.u.MainSceneFactory - MediaPlayer error: {}
javafx.scene.media.MediaException: [com.sun.media.jfxmediaimpl.platform.gstreamer.GSTMediaPlayer@155b1282] ERROR_MEDIA_INVALID: ERROR_MEDIA_INVALID
	at javafx.scene.media.MediaException.getMediaException(MediaException.java:161)
	at javafx.scene.media.MediaPlayer$_MediaErrorListener.onError(MediaPlayer.java:2624)
	at com.sun.media.jfxmediaimpl.NativeMediaPlayer$EventQueueThread.HandleErrorEvents(NativeMediaPlayer.java:692)
	at com.sun.media.jfxmediaimpl.NativeMediaPlayer$EventQueueThread.run(NativeMediaPlayer.java:426)
02:56:23.314 [restartedMain] INFO  com.sermas.x.men.Application - Starting Application using Java 21.0.11 with PID 68260 (R:\OneDrive - King's College London\Workspace\Projects\SERMAS_KCL\Repositories\X-Men(Spring-Boot)\X-Men_3.0\target\classes started by Rish in R:\OneDrive - King's College London\Workspace\Projects\SERMAS_KCL\Repositories\X-Men(Spring-Boot)\X-Men_3.0)
02:56:23.314 [restartedMain] INFO  com.sermas.x.men.Application - No active profile set, falling back to 1 default profile: "default"
02:56:23.618 [restartedMain] INFO  o.s.b.w.e.tomcat.TomcatWebServer - Tomcat initialized with port 8081 (http)
02:56:23.619 [restartedMain] INFO  o.a.coyote.http11.Http11NioProtocol - Initializing ProtocolHandler ["http-nio-8081"]
02:56:23.620 [restartedMain] INFO  o.a.catalina.core.StandardService - Starting service [Tomcat]
02:56:23.620 [restartedMain] INFO  o.a.catalina.core.StandardEngine - Starting Servlet engine: [Apache Tomcat/10.1.31]
02:56:23.646 [restartedMain] INFO  o.a.c.c.C.[Tomcat-1].[localhost].[/] - Initializing Spring embedded WebApplicationContext
02:56:23.647 [restartedMain] INFO  o.s.b.w.s.c.ServletWebServerApplicationContext - Root WebApplicationContext: initialization completed in 331 ms
02:56:23.748 [restartedMain] WARN  o.s.b.a.t.ThymeleafAutoConfiguration$DefaultTemplateResolverConfiguration - Cannot find template location: classpath:/templates/ (please add some templates, check your Thymeleaf configuration, or set spring.thymeleaf.check-template-location=false)
02:56:23.807 [restartedMain] WARN  o.s.b.a.s.s.UserDetailsServiceAutoConfiguration - 

Using generated security password: 56435a5f-3a55-435c-8f91-090e9818d9da

This generated password is for development use only. Your security configuration must be updated before running your application in production.

02:56:23.809 [restartedMain] INFO  o.s.s.c.a.a.c.InitializeUserDetailsBeanManagerConfigurer$InitializeUserDetailsManagerConfigurer - Global AuthenticationManager configured with UserDetailsService bean with name inMemoryUserDetailsManager
02:56:23.814 [restartedMain] INFO  o.s.b.a.e.web.EndpointLinksResolver - Exposing 1 endpoint beneath base path '/actuator'
02:56:23.831 [restartedMain] INFO  o.s.b.d.a.OptionalLiveReloadServer - LiveReload server is running on port 35729
02:56:23.840 [restartedMain] INFO  o.a.coyote.http11.Http11NioProtocol - Starting ProtocolHandler ["http-nio-8081"]
02:56:23.848 [restartedMain] INFO  o.s.b.w.e.tomcat.TomcatWebServer - Tomcat started on port 8081 (http) with context path '/'
02:56:23.853 [restartedMain] INFO  com.sermas.x.men.Application - Started Application in 0.582 seconds (process running for 7333.259)
02:56:23.854 [restartedMain] INFO  o.s.b.a.l.ConditionEvaluationReportLogger - 

Error starting ApplicationContext. To display the condition evaluation report re-run your application with 'debug' enabled.
02:56:23.857 [restartedMain] ERROR o.s.boot.SpringApplication - Application run failed
java.lang.NoClassDefFoundError: com/sermas/x/men/user_interface/XMenInterface
	at com.sermas.x.men.Application.run(Application.java:35)
	at org.springframework.boot.SpringApplication.lambda$callRunner$5(SpringApplication.java:790)
	at org.springframework.util.function.ThrowingConsumer$1.acceptWithException(ThrowingConsumer.java:83)
	at org.springframework.util.function.ThrowingConsumer.accept(ThrowingConsumer.java:60)
	at org.springframework.util.function.ThrowingConsumer$1.accept(ThrowingConsumer.java:88)
	at org.springframework.boot.SpringApplication.callRunner(SpringApplication.java:798)
	at org.springframework.boot.SpringApplication.callRunner(SpringApplication.java:789)
	at org.springframework.boot.SpringApplication.lambda$callRunners$3(SpringApplication.java:774)
	at java.base/java.util.stream.ForEachOps$ForEachOp$OfRef.accept(ForEachOps.java:184)
	at java.base/java.util.stream.SortedOps$SizedRefSortingSink.end(SortedOps.java:357)
	at java.base/java.util.stream.AbstractPipeline.copyInto(AbstractPipeline.java:510)
	at java.base/java.util.stream.AbstractPipeline.wrapAndCopyInto(AbstractPipeline.java:499)
	at java.base/java.util.stream.ForEachOps$ForEachOp.evaluateSequential(ForEachOps.java:151)
	at java.base/java.util.stream.ForEachOps$ForEachOp$OfRef.evaluateSequential(ForEachOps.java:174)
	at java.base/java.util.stream.AbstractPipeline.evaluate(AbstractPipeline.java:234)
	at java.base/java.util.stream.ReferencePipeline.forEach(ReferencePipeline.java:596)
	at org.springframework.boot.SpringApplication.callRunners(SpringApplication.java:774)
	at org.springframework.boot.SpringApplication.run(SpringApplication.java:342)
	at org.springframework.boot.SpringApplication.run(SpringApplication.java:1363)
	at org.springframework.boot.SpringApplication.run(SpringApplication.java:1352)
	at com.sermas.x.men.Application.main(Application.java:20)
	at java.base/jdk.internal.reflect.DirectMethodHandleAccessor.invoke(DirectMethodHandleAccessor.java:103)
	at java.base/java.lang.reflect.Method.invoke(Method.java:580)
	at org.springframework.boot.devtools.restart.RestartLauncher.run(RestartLauncher.java:50)
Caused by: java.lang.ClassNotFoundException: com.sermas.x.men.user_interface.XMenInterface
	... 24 common frames omitted
02:56:29.215 [restartedMain] INFO  com.sermas.x.men.Application - Starting Application using Java 21.0.11 with PID 68260 (R:\OneDrive - King's College London\Workspace\Projects\SERMAS_KCL\Repositories\X-Men(Spring-Boot)\X-Men_3.0\target\classes started by Rish in R:\OneDrive - King's College London\Workspace\Projects\SERMAS_KCL\Repositories\X-Men(Spring-Boot)\X-Men_3.0)
02:56:29.215 [restartedMain] INFO  com.sermas.x.men.Application - No active profile set, falling back to 1 default profile: "default"
02:56:29.639 [restartedMain] INFO  o.s.b.w.e.tomcat.TomcatWebServer - Tomcat initialized with port 8081 (http)
02:56:29.640 [restartedMain] INFO  o.a.coyote.http11.Http11NioProtocol - Initializing ProtocolHandler ["http-nio-8081"]
02:56:29.641 [restartedMain] INFO  o.a.catalina.core.StandardService - Starting service [Tomcat]
02:56:29.641 [restartedMain] INFO  o.a.catalina.core.StandardEngine - Starting Servlet engine: [Apache Tomcat/10.1.31]
02:56:29.660 [restartedMain] INFO  o.a.c.c.C.[Tomcat-1].[localhost].[/] - Initializing Spring embedded WebApplicationContext
02:56:29.661 [restartedMain] INFO  o.s.b.w.s.c.ServletWebServerApplicationContext - Root WebApplicationContext: initialization completed in 443 ms
02:56:29.770 [restartedMain] INFO  c.s.x.m.s.HaskellDerivationFetcher - HaskellDerivationFetcher initialized with base URL: http://localhost:9091
02:56:29.824 [restartedMain] INFO  c.sermas.x.men.service.SettingsStore - Applied persisted vocabulary from C:\Users\Dell\.xmen\settings.json.
02:56:29.824 [restartedMain] INFO  c.sermas.x.men.service.SettingsStore - Applied persisted active theme 'ocean-cobalt'.
02:56:29.824 [restartedMain] INFO  c.sermas.x.men.service.SettingsStore - Applied persisted UI preferences.
02:56:29.855 [restartedMain] WARN  o.s.b.a.s.s.UserDetailsServiceAutoConfiguration - 

Using generated security password: 344ffb29-1398-408c-b590-d64f2e6c4dc2

This generated password is for development use only. Your security configuration must be updated before running your application in production.

02:56:29.856 [restartedMain] INFO  o.s.s.c.a.a.c.InitializeUserDetailsBeanManagerConfigurer$InitializeUserDetailsManagerConfigurer - Global AuthenticationManager configured with UserDetailsService bean with name inMemoryUserDetailsManager
02:56:29.925 [restartedMain] INFO  o.s.b.a.e.web.EndpointLinksResolver - Exposing 1 endpoint beneath base path '/actuator'
02:56:29.968 [restartedMain] WARN  o.s.b.a.t.ThymeleafAutoConfiguration$DefaultTemplateResolverConfiguration - Cannot find template location: classpath:/templates/ (please add some templates, check your Thymeleaf configuration, or set spring.thymeleaf.check-template-location=false)
02:56:30.000 [restartedMain] INFO  o.s.b.d.a.OptionalLiveReloadServer - LiveReload server is running on port 35729
02:56:30.011 [restartedMain] INFO  o.a.coyote.http11.Http11NioProtocol - Starting ProtocolHandler ["http-nio-8081"]
02:56:30.014 [restartedMain] INFO  o.s.b.w.e.tomcat.TomcatWebServer - Tomcat started on port 8081 (http) with context path '/'
02:56:30.020 [restartedMain] INFO  com.sermas.x.men.Application - Started Application in 0.848 seconds (process running for 7339.427)
02:56:30.028 [restartedMain] INFO  o.s.b.a.l.ConditionEvaluationReportLogger - 

Error starting ApplicationContext. To display the condition evaluation report re-run your application with 'debug' enabled.
02:56:30.031 [restartedMain] ERROR o.s.boot.SpringApplication - Application run failed
java.lang.IllegalStateException: Application launch must not be called more than once
	at com.sun.javafx.application.LauncherImpl.launchApplication(LauncherImpl.java:176)
	at com.sun.javafx.application.LauncherImpl.launchApplication(LauncherImpl.java:154)
	at javafx.application.Application.launch(Application.java:233)
	at com.sermas.x.men.Application.run(Application.java:55)
	at org.springframework.boot.SpringApplication.lambda$callRunner$5(SpringApplication.java:790)
	at org.springframework.util.function.ThrowingConsumer$1.acceptWithException(ThrowingConsumer.java:83)
	at org.springframework.util.function.ThrowingConsumer.accept(ThrowingConsumer.java:60)
	at org.springframework.util.function.ThrowingConsumer$1.accept(ThrowingConsumer.java:88)
	at org.springframework.boot.SpringApplication.callRunner(SpringApplication.java:798)
	at org.springframework.boot.SpringApplication.callRunner(SpringApplication.java:789)
	at org.springframework.boot.SpringApplication.lambda$callRunners$3(SpringApplication.java:774)
	at java.base/java.util.stream.ForEachOps$ForEachOp$OfRef.accept(ForEachOps.java:184)
	at java.base/java.util.stream.SortedOps$SizedRefSortingSink.end(SortedOps.java:357)
	at java.base/java.util.stream.AbstractPipeline.copyInto(AbstractPipeline.java:510)
	at java.base/java.util.stream.AbstractPipeline.wrapAndCopyInto(AbstractPipeline.java:499)
	at java.base/java.util.stream.ForEachOps$ForEachOp.evaluateSequential(ForEachOps.java:151)
	at java.base/java.util.stream.ForEachOps$ForEachOp$OfRef.evaluateSequential(ForEachOps.java:174)
	at java.base/java.util.stream.AbstractPipeline.evaluate(AbstractPipeline.java:234)
	at java.base/java.util.stream.ReferencePipeline.forEach(ReferencePipeline.java:596)
	at org.springframework.boot.SpringApplication.callRunners(SpringApplication.java:774)
	at org.springframework.boot.SpringApplication.run(SpringApplication.java:342)
	at org.springframework.boot.SpringApplication.run(SpringApplication.java:1363)
	at org.springframework.boot.SpringApplication.run(SpringApplication.java:1352)
	at com.sermas.x.men.Application.main(Application.java:26)
	at java.base/jdk.internal.reflect.DirectMethodHandleAccessor.invoke(DirectMethodHandleAccessor.java:103)
	at java.base/java.lang.reflect.Method.invoke(Method.java:580)
	at org.springframework.boot.devtools.restart.RestartLauncher.run(RestartLauncher.java:50)
02:56:34.359 [main] INFO  c.s.x.m.s.chatbot.ChatBotService - Extracted 6 AIML brain resources into C:\Users\Dell\AppData\Local\Temp\xmen-aiml-12210010824476239815\xmen
02:56:34.364 [main] INFO  c.s.x.m.s.chatbot.ChatBotService - Loading X-Men AIML brain from C:\Users\Dell\AppData\Local\Temp\xmen-aiml-12210010824476239815\xmen\
02:56:34.558 [main] INFO  c.s.x.m.s.chatbot.ChatBotService - ChatBotService status: AIML brain loaded from C:\Users\Dell\AppData\Local\Temp\xmen-aiml-12210010824476239815\xmen\
02:57:38.119 [restartedMain] INFO  com.sermas.x.men.Application - Starting Application using Java 21.0.11 with PID 68260 (started by Rish in R:\OneDrive - King's College London\Workspace\Projects\SERMAS_KCL\Repositories\X-Men(Spring-Boot)\X-Men_3.0)
02:57:38.119 [restartedMain] INFO  com.sermas.x.men.Application - No active profile set, falling back to 1 default profile: "default"
02:57:38.292 [restartedMain] INFO  o.s.b.w.e.tomcat.TomcatWebServer - Tomcat initialized with port 8080 (http)
02:57:38.292 [restartedMain] INFO  o.a.coyote.http11.Http11NioProtocol - Initializing ProtocolHandler ["http-nio-8080"]
02:57:38.293 [restartedMain] INFO  o.a.catalina.core.StandardService - Starting service [Tomcat]
02:57:38.293 [restartedMain] INFO  o.a.catalina.core.StandardEngine - Starting Servlet engine: [Apache Tomcat/10.1.31]
02:57:38.308 [restartedMain] INFO  o.a.c.c.C.[Tomcat-1].[localhost].[/] - Initializing Spring embedded WebApplicationContext
02:57:38.308 [restartedMain] INFO  o.s.b.w.s.c.ServletWebServerApplicationContext - Root WebApplicationContext: initialization completed in 187 ms
02:57:38.353 [restartedMain] WARN  o.s.b.a.t.ThymeleafAutoConfiguration$DefaultTemplateResolverConfiguration - Cannot find template location: classpath:/templates/ (please add some templates, check your Thymeleaf configuration, or set spring.thymeleaf.check-template-location=false)
02:57:38.394 [restartedMain] WARN  o.s.b.a.s.s.UserDetailsServiceAutoConfiguration - 

Using generated security password: 213c9232-c3c1-4ede-a1a5-d4038c0df4d8

This generated password is for development use only. Your security configuration must be updated before running your application in production.

02:57:38.395 [restartedMain] INFO  o.s.s.c.a.a.c.InitializeUserDetailsBeanManagerConfigurer$InitializeUserDetailsManagerConfigurer - Global AuthenticationManager configured with UserDetailsService bean with name inMemoryUserDetailsManager
02:57:38.399 [restartedMain] INFO  o.s.b.a.e.web.EndpointLinksResolver - Exposing 1 endpoint beneath base path '/actuator'
02:57:38.406 [restartedMain] INFO  o.s.b.d.a.OptionalLiveReloadServer - LiveReload server is running on port 35729
02:57:38.411 [restartedMain] INFO  o.a.coyote.http11.Http11NioProtocol - Starting ProtocolHandler ["http-nio-8080"]
02:57:38.415 [restartedMain] INFO  o.s.b.w.e.tomcat.TomcatWebServer - Tomcat started on port 8080 (http) with context path '/'
02:57:38.420 [restartedMain] INFO  com.sermas.x.men.Application - Started Application in 0.323 seconds (process running for 7407.826)
02:57:38.422 [restartedMain] INFO  o.s.b.a.l.ConditionEvaluationReportLogger - 

Error starting ApplicationContext. To display the condition evaluation report re-run your application with 'debug' enabled.
02:57:38.424 [restartedMain] ERROR o.s.boot.SpringApplication - Application run failed
java.lang.NoClassDefFoundError: com/sermas/x/men/user_interface/XMenInterface
	at com.sermas.x.men.Application.run(Application.java:35)
	at org.springframework.boot.SpringApplication.lambda$callRunner$5(SpringApplication.java:790)
	at org.springframework.util.function.ThrowingConsumer$1.acceptWithException(ThrowingConsumer.java:83)
	at org.springframework.util.function.ThrowingConsumer.accept(ThrowingConsumer.java:60)
	at org.springframework.util.function.ThrowingConsumer$1.accept(ThrowingConsumer.java:88)
	at org.springframework.boot.SpringApplication.callRunner(SpringApplication.java:798)
	at org.springframework.boot.SpringApplication.callRunner(SpringApplication.java:789)
	at org.springframework.boot.SpringApplication.lambda$callRunners$3(SpringApplication.java:774)
	at java.base/java.util.stream.ForEachOps$ForEachOp$OfRef.accept(ForEachOps.java:184)
	at java.base/java.util.stream.SortedOps$SizedRefSortingSink.end(SortedOps.java:357)
	at java.base/java.util.stream.AbstractPipeline.copyInto(AbstractPipeline.java:510)
	at java.base/java.util.stream.AbstractPipeline.wrapAndCopyInto(AbstractPipeline.java:499)
	at java.base/java.util.stream.ForEachOps$ForEachOp.evaluateSequential(ForEachOps.java:151)
	at java.base/java.util.stream.ForEachOps$ForEachOp$OfRef.evaluateSequential(ForEachOps.java:174)
	at java.base/java.util.stream.AbstractPipeline.evaluate(AbstractPipeline.java:234)
	at java.base/java.util.stream.ReferencePipeline.forEach(ReferencePipeline.java:596)
	at org.springframework.boot.SpringApplication.callRunners(SpringApplication.java:774)
	at org.springframework.boot.SpringApplication.run(SpringApplication.java:342)
	at org.springframework.boot.SpringApplication.run(SpringApplication.java:1363)
	at org.springframework.boot.SpringApplication.run(SpringApplication.java:1352)
	at com.sermas.x.men.Application.main(Application.java:20)
	at java.base/jdk.internal.reflect.DirectMethodHandleAccessor.invoke(DirectMethodHandleAccessor.java:103)
	at java.base/java.lang.reflect.Method.invoke(Method.java:580)
	at org.springframework.boot.devtools.restart.RestartLauncher.run(RestartLauncher.java:50)
Caused by: java.lang.ClassNotFoundException: com.sermas.x.men.user_interface.XMenInterface
	... 24 common frames omitted
02:57:40.910 [restartedMain] INFO  com.sermas.x.men.Application - Starting Application using Java 21.0.11 with PID 68260 (R:\OneDrive - King's College London\Workspace\Projects\SERMAS_KCL\Repositories\X-Men(Spring-Boot)\X-Men_3.0\target\classes started by Rish in R:\OneDrive - King's College London\Workspace\Projects\SERMAS_KCL\Repositories\X-Men(Spring-Boot)\X-Men_3.0)
02:57:40.911 [restartedMain] INFO  com.sermas.x.men.Application - No active profile set, falling back to 1 default profile: "default"
02:57:41.081 [restartedMain] INFO  o.s.b.w.e.tomcat.TomcatWebServer - Tomcat initialized with port 8081 (http)
02:57:41.082 [restartedMain] INFO  o.a.coyote.http11.Http11NioProtocol - Initializing ProtocolHandler ["http-nio-8081"]
02:57:41.083 [restartedMain] INFO  o.a.catalina.core.StandardService - Starting service [Tomcat]
02:57:41.083 [restartedMain] INFO  o.a.catalina.core.StandardEngine - Starting Servlet engine: [Apache Tomcat/10.1.31]
02:57:41.098 [restartedMain] INFO  o.a.c.c.C.[Tomcat-1].[localhost].[/] - Initializing Spring embedded WebApplicationContext
02:57:41.099 [restartedMain] INFO  o.s.b.w.s.c.ServletWebServerApplicationContext - Root WebApplicationContext: initialization completed in 187 ms
02:57:41.161 [restartedMain] WARN  o.s.b.a.t.ThymeleafAutoConfiguration$DefaultTemplateResolverConfiguration - Cannot find template location: classpath:/templates/ (please add some templates, check your Thymeleaf configuration, or set spring.thymeleaf.check-template-location=false)
02:57:41.189 [restartedMain] WARN  o.s.b.a.s.s.UserDetailsServiceAutoConfiguration - 

Using generated security password: 674558af-dc26-4920-a7d9-3942115c5bfc

This generated password is for development use only. Your security configuration must be updated before running your application in production.

02:57:41.190 [restartedMain] INFO  o.s.s.c.a.a.c.InitializeUserDetailsBeanManagerConfigurer$InitializeUserDetailsManagerConfigurer - Global AuthenticationManager configured with UserDetailsService bean with name inMemoryUserDetailsManager
02:57:41.194 [restartedMain] INFO  o.s.b.a.e.web.EndpointLinksResolver - Exposing 1 endpoint beneath base path '/actuator'
02:57:41.203 [restartedMain] INFO  o.s.b.d.a.OptionalLiveReloadServer - LiveReload server is running on port 35729
02:57:41.209 [restartedMain] INFO  o.a.coyote.http11.Http11NioProtocol - Starting ProtocolHandler ["http-nio-8081"]
02:57:41.213 [restartedMain] INFO  o.s.b.w.e.tomcat.TomcatWebServer - Tomcat started on port 8081 (http) with context path '/'
02:57:41.218 [restartedMain] INFO  com.sermas.x.men.Application - Started Application in 0.329 seconds (process running for 7410.625)
02:57:41.220 [restartedMain] INFO  o.s.b.a.l.ConditionEvaluationReportLogger - 

Error starting ApplicationContext. To display the condition evaluation report re-run your application with 'debug' enabled.
02:57:41.222 [restartedMain] ERROR o.s.boot.SpringApplication - Application run failed
java.lang.NoClassDefFoundError: com/sermas/x/men/user_interface/XMenInterface
	at com.sermas.x.men.Application.run(Application.java:35)
	at org.springframework.boot.SpringApplication.lambda$callRunner$5(SpringApplication.java:790)
	at org.springframework.util.function.ThrowingConsumer$1.acceptWithException(ThrowingConsumer.java:83)
	at org.springframework.util.function.ThrowingConsumer.accept(ThrowingConsumer.java:60)
	at org.springframework.util.function.ThrowingConsumer$1.accept(ThrowingConsumer.java:88)
	at org.springframework.boot.SpringApplication.callRunner(SpringApplication.java:798)
	at org.springframework.boot.SpringApplication.callRunner(SpringApplication.java:789)
	at org.springframework.boot.SpringApplication.lambda$callRunners$3(SpringApplication.java:774)
	at java.base/java.util.stream.ForEachOps$ForEachOp$OfRef.accept(ForEachOps.java:184)
	at java.base/java.util.stream.SortedOps$SizedRefSortingSink.end(SortedOps.java:357)
	at java.base/java.util.stream.AbstractPipeline.copyInto(AbstractPipeline.java:510)
	at java.base/java.util.stream.AbstractPipeline.wrapAndCopyInto(AbstractPipeline.java:499)
	at java.base/java.util.stream.ForEachOps$ForEachOp.evaluateSequential(ForEachOps.java:151)
	at java.base/java.util.stream.ForEachOps$ForEachOp$OfRef.evaluateSequential(ForEachOps.java:174)
	at java.base/java.util.stream.AbstractPipeline.evaluate(AbstractPipeline.java:234)
	at java.base/java.util.stream.ReferencePipeline.forEach(ReferencePipeline.java:596)
	at org.springframework.boot.SpringApplication.callRunners(SpringApplication.java:774)
	at org.springframework.boot.SpringApplication.run(SpringApplication.java:342)
	at org.springframework.boot.SpringApplication.run(SpringApplication.java:1363)
	at org.springframework.boot.SpringApplication.run(SpringApplication.java:1352)
	at com.sermas.x.men.Application.main(Application.java:20)
	at java.base/jdk.internal.reflect.DirectMethodHandleAccessor.invoke(DirectMethodHandleAccessor.java:103)
	at java.base/java.lang.reflect.Method.invoke(Method.java:580)
	at org.springframework.boot.devtools.restart.RestartLauncher.run(RestartLauncher.java:50)
Caused by: java.lang.ClassNotFoundException: com.sermas.x.men.user_interface.XMenInterface
	... 24 common frames omitted
02:57:47.697 [restartedMain] INFO  com.sermas.x.men.Application - Starting Application using Java 21.0.11 with PID 68260 (R:\OneDrive - King's College London\Workspace\Projects\SERMAS_KCL\Repositories\X-Men(Spring-Boot)\X-Men_3.0\target\classes started by Rish in R:\OneDrive - King's College London\Workspace\Projects\SERMAS_KCL\Repositories\X-Men(Spring-Boot)\X-Men_3.0)
02:57:47.698 [restartedMain] INFO  com.sermas.x.men.Application - No active profile set, falling back to 1 default profile: "default"
02:57:48.041 [restartedMain] INFO  o.s.b.w.e.tomcat.TomcatWebServer - Tomcat initialized with port 8081 (http)
02:57:48.042 [restartedMain] INFO  o.a.coyote.http11.Http11NioProtocol - Initializing ProtocolHandler ["http-nio-8081"]
02:57:48.043 [restartedMain] INFO  o.a.catalina.core.StandardService - Starting service [Tomcat]
02:57:48.043 [restartedMain] INFO  o.a.catalina.core.StandardEngine - Starting Servlet engine: [Apache Tomcat/10.1.31]
02:57:48.067 [restartedMain] INFO  o.a.c.c.C.[Tomcat-1].[localhost].[/] - Initializing Spring embedded WebApplicationContext
02:57:48.067 [restartedMain] INFO  o.s.b.w.s.c.ServletWebServerApplicationContext - Root WebApplicationContext: initialization completed in 369 ms
02:57:48.142 [restartedMain] INFO  c.s.x.m.s.HaskellDerivationFetcher - HaskellDerivationFetcher initialized with base URL: http://localhost:9091
02:57:48.164 [restartedMain] INFO  c.sermas.x.men.service.SettingsStore - Applied persisted vocabulary from C:\Users\Dell\.xmen\settings.json.
02:57:48.165 [restartedMain] INFO  c.sermas.x.men.service.SettingsStore - Applied persisted active theme 'ocean-cobalt'.
02:57:48.165 [restartedMain] INFO  c.sermas.x.men.service.SettingsStore - Applied persisted UI preferences.
02:57:48.190 [restartedMain] WARN  o.s.b.a.s.s.UserDetailsServiceAutoConfiguration - 

Using generated security password: dc7858c0-d51f-403e-aaa3-acbae694e41e

This generated password is for development use only. Your security configuration must be updated before running your application in production.

02:57:48.191 [restartedMain] INFO  o.s.s.c.a.a.c.InitializeUserDetailsBeanManagerConfigurer$InitializeUserDetailsManagerConfigurer - Global AuthenticationManager configured with UserDetailsService bean with name inMemoryUserDetailsManager
02:57:48.235 [restartedMain] INFO  o.s.b.a.e.web.EndpointLinksResolver - Exposing 1 endpoint beneath base path '/actuator'
02:57:48.249 [restartedMain] WARN  o.s.b.a.t.ThymeleafAutoConfiguration$DefaultTemplateResolverConfiguration - Cannot find template location: classpath:/templates/ (please add some templates, check your Thymeleaf configuration, or set spring.thymeleaf.check-template-location=false)
02:57:48.265 [restartedMain] INFO  o.s.b.d.a.OptionalLiveReloadServer - LiveReload server is running on port 35729
02:57:48.272 [restartedMain] INFO  o.a.coyote.http11.Http11NioProtocol - Starting ProtocolHandler ["http-nio-8081"]
02:57:48.275 [restartedMain] INFO  o.s.b.w.e.tomcat.TomcatWebServer - Tomcat started on port 8081 (http) with context path '/'
02:57:48.281 [restartedMain] INFO  com.sermas.x.men.Application - Started Application in 0.613 seconds (process running for 7417.687)
02:57:48.284 [restartedMain] INFO  o.s.b.a.l.ConditionEvaluationReportLogger - 

Error starting ApplicationContext. To display the condition evaluation report re-run your application with 'debug' enabled.
02:57:48.286 [restartedMain] ERROR o.s.boot.SpringApplication - Application run failed
java.lang.IllegalStateException: Application launch must not be called more than once
	at com.sun.javafx.application.LauncherImpl.launchApplication(LauncherImpl.java:176)
	at com.sun.javafx.application.LauncherImpl.launchApplication(LauncherImpl.java:154)
	at javafx.application.Application.launch(Application.java:233)
	at com.sermas.x.men.Application.run(Application.java:55)
	at org.springframework.boot.SpringApplication.lambda$callRunner$5(SpringApplication.java:790)
	at org.springframework.util.function.ThrowingConsumer$1.acceptWithException(ThrowingConsumer.java:83)
	at org.springframework.util.function.ThrowingConsumer.accept(ThrowingConsumer.java:60)
	at org.springframework.util.function.ThrowingConsumer$1.accept(ThrowingConsumer.java:88)
	at org.springframework.boot.SpringApplication.callRunner(SpringApplication.java:798)
	at org.springframework.boot.SpringApplication.callRunner(SpringApplication.java:789)
	at org.springframework.boot.SpringApplication.lambda$callRunners$3(SpringApplication.java:774)
	at java.base/java.util.stream.ForEachOps$ForEachOp$OfRef.accept(ForEachOps.java:184)
	at java.base/java.util.stream.SortedOps$SizedRefSortingSink.end(SortedOps.java:357)
	at java.base/java.util.stream.AbstractPipeline.copyInto(AbstractPipeline.java:510)
	at java.base/java.util.stream.AbstractPipeline.wrapAndCopyInto(AbstractPipeline.java:499)
	at java.base/java.util.stream.ForEachOps$ForEachOp.evaluateSequential(ForEachOps.java:151)
	at java.base/java.util.stream.ForEachOps$ForEachOp$OfRef.evaluateSequential(ForEachOps.java:174)
	at java.base/java.util.stream.AbstractPipeline.evaluate(AbstractPipeline.java:234)
	at java.base/java.util.stream.ReferencePipeline.forEach(ReferencePipeline.java:596)
	at org.springframework.boot.SpringApplication.callRunners(SpringApplication.java:774)
	at org.springframework.boot.SpringApplication.run(SpringApplication.java:342)
	at org.springframework.boot.SpringApplication.run(SpringApplication.java:1363)
	at org.springframework.boot.SpringApplication.run(SpringApplication.java:1352)
	at com.sermas.x.men.Application.main(Application.java:26)
	at java.base/jdk.internal.reflect.DirectMethodHandleAccessor.invoke(DirectMethodHandleAccessor.java:103)
	at java.base/java.lang.reflect.Method.invoke(Method.java:580)
	at org.springframework.boot.devtools.restart.RestartLauncher.run(RestartLauncher.java:50)
02:58:01.755 [restartedMain] INFO  com.sermas.x.men.Application - Starting Application using Java 21.0.11 with PID 38012 (R:\OneDrive - King's College London\Workspace\Projects\SERMAS_KCL\Repositories\X-Men(Spring-Boot)\X-Men_3.0\target\classes started by Rish in R:\OneDrive - King's College London\Workspace\Projects\SERMAS_KCL\Repositories\X-Men(Spring-Boot)\X-Men_3.0)
02:58:01.757 [restartedMain] INFO  com.sermas.x.men.Application - No active profile set, falling back to 1 default profile: "default"
02:58:01.820 [restartedMain] INFO  o.s.b.d.e.DevToolsPropertyDefaultsPostProcessor - Devtools property defaults active! Set 'spring.devtools.add-properties' to 'false' to disable
02:58:03.808 [restartedMain] INFO  o.s.b.w.e.tomcat.TomcatWebServer - Tomcat initialized with port 8081 (http)
02:58:03.829 [restartedMain] INFO  o.a.coyote.http11.Http11NioProtocol - Initializing ProtocolHandler ["http-nio-8081"]
02:58:03.833 [restartedMain] INFO  o.a.catalina.core.StandardService - Starting service [Tomcat]
02:58:03.833 [restartedMain] INFO  o.a.catalina.core.StandardEngine - Starting Servlet engine: [Apache Tomcat/10.1.31]
02:58:03.897 [restartedMain] INFO  o.a.c.c.C.[Tomcat].[localhost].[/] - Initializing Spring embedded WebApplicationContext
02:58:03.898 [restartedMain] INFO  o.s.b.w.s.c.ServletWebServerApplicationContext - Root WebApplicationContext: initialization completed in 2075 ms
02:58:04.502 [restartedMain] INFO  c.s.x.m.s.HaskellDerivationFetcher - HaskellDerivationFetcher initialized with base URL: http://localhost:9091
02:58:04.644 [restartedMain] INFO  c.sermas.x.men.service.SettingsStore - Applied persisted vocabulary from C:\Users\Dell\.xmen\settings.json.
02:58:04.645 [restartedMain] INFO  c.sermas.x.men.service.SettingsStore - Applied persisted active theme 'ocean-cobalt'.
02:58:04.645 [restartedMain] INFO  c.sermas.x.men.service.SettingsStore - Applied persisted UI preferences.
02:58:04.889 [restartedMain] WARN  o.s.b.a.s.s.UserDetailsServiceAutoConfiguration - 

Using generated security password: 82efbf76-ee1f-48e1-a197-626822ec3c4d

This generated password is for development use only. Your security configuration must be updated before running your application in production.

02:58:04.934 [restartedMain] INFO  o.s.s.c.a.a.c.InitializeUserDetailsBeanManagerConfigurer$InitializeUserDetailsManagerConfigurer - Global AuthenticationManager configured with UserDetailsService bean with name inMemoryUserDetailsManager
02:58:05.345 [restartedMain] INFO  o.s.b.a.e.web.EndpointLinksResolver - Exposing 1 endpoint beneath base path '/actuator'
02:58:05.622 [restartedMain] WARN  o.s.b.a.t.ThymeleafAutoConfiguration$DefaultTemplateResolverConfiguration - Cannot find template location: classpath:/templates/ (please add some templates, check your Thymeleaf configuration, or set spring.thymeleaf.check-template-location=false)
02:58:05.816 [restartedMain] WARN  o.s.b.d.a.OptionalLiveReloadServer - Unable to start LiveReload server
02:58:05.877 [restartedMain] INFO  o.a.coyote.http11.Http11NioProtocol - Starting ProtocolHandler ["http-nio-8081"]
02:58:05.901 [restartedMain] INFO  o.s.b.w.e.tomcat.TomcatWebServer - Tomcat started on port 8081 (http) with context path '/'
02:58:05.925 [restartedMain] INFO  com.sermas.x.men.Application - Started Application in 4.736 seconds (process running for 5.521)
02:58:06.084 [JavaFX-Launcher] WARN  javafx - Unsupported JavaFX configuration: classes were loaded from 'unnamed module @2473b9ce'
02:58:06.592 [JavaFX Application Thread] INFO  c.s.x.m.user_interface.XMenInterface - Splash video 'X - Men 2.0.mp4' loaded; playing at 1280.0x800.0 with audio.
02:58:19.417 [http-nio-8081-exec-2] INFO  o.a.c.c.C.[Tomcat].[localhost].[/] - Initializing Spring DispatcherServlet 'dispatcherServlet'
02:58:19.417 [http-nio-8081-exec-2] INFO  o.s.web.servlet.DispatcherServlet - Initializing Servlet 'dispatcherServlet'
02:58:19.420 [http-nio-8081-exec-2] INFO  o.s.web.servlet.DispatcherServlet - Completed initialization in 3 ms
02:58:47.643 [http-nio-8081-exec-5] INFO  c.s.x.men.service.VocabularyService - Vocabulary updated via Settings API.
02:58:47.673 [http-nio-8081-exec-9] INFO  c.sermas.x.men.service.ThemeService - Active theme switched to 'garden-mint'.
02:59:15.174 [http-nio-8081-exec-3] INFO  c.s.x.men.service.VocabularyService - Vocabulary updated via Settings API.
02:59:15.182 [http-nio-8081-exec-7] INFO  c.sermas.x.men.service.ThemeService - Active theme switched to 'forest-emerald'.
10:27:47.866 [restartedMain] INFO  com.sermas.x.men.Application - Starting Application using Java 21.0.11 with PID 26200 (R:\OneDrive - King's College London\Workspace\Projects\SERMAS_KCL\Repositories\X-Men(Spring-Boot)\X-Men_3.0\target\classes started by Rish in R:\OneDrive - King's College London\Workspace\Projects\SERMAS_KCL\Repositories\X-Men(Spring-Boot)\X-Men_3.0)
10:27:47.869 [restartedMain] INFO  com.sermas.x.men.Application - No active profile set, falling back to 1 default profile: "default"
10:27:47.921 [restartedMain] INFO  o.s.b.d.e.DevToolsPropertyDefaultsPostProcessor - Devtools property defaults active! Set 'spring.devtools.add-properties' to 'false' to disable
10:27:49.360 [restartedMain] INFO  o.s.b.w.e.tomcat.TomcatWebServer - Tomcat initialized with port 8081 (http)
10:27:49.368 [restartedMain] INFO  o.a.coyote.http11.Http11NioProtocol - Initializing ProtocolHandler ["http-nio-8081"]
10:27:49.370 [restartedMain] INFO  o.a.catalina.core.StandardService - Starting service [Tomcat]
10:27:49.370 [restartedMain] INFO  o.a.catalina.core.StandardEngine - Starting Servlet engine: [Apache Tomcat/10.1.31]
10:27:49.410 [restartedMain] INFO  o.a.c.c.C.[Tomcat].[localhost].[/] - Initializing Spring embedded WebApplicationContext
10:27:49.412 [restartedMain] INFO  o.s.b.w.s.c.ServletWebServerApplicationContext - Root WebApplicationContext: initialization completed in 1489 ms
10:27:49.929 [restartedMain] INFO  c.s.x.m.s.HaskellDerivationFetcher - HaskellDerivationFetcher initialized with base URL: http://localhost:9091
10:27:50.025 [restartedMain] INFO  c.sermas.x.men.service.SettingsStore - Applied persisted vocabulary from C:\Users\Dell\.xmen\settings.json.
10:27:50.026 [restartedMain] INFO  c.sermas.x.men.service.SettingsStore - Applied persisted active theme 'forest-emerald'.
10:27:50.026 [restartedMain] INFO  c.sermas.x.men.service.SettingsStore - Applied persisted UI preferences.
10:27:50.163 [restartedMain] WARN  o.s.b.a.s.s.UserDetailsServiceAutoConfiguration - 

Using generated security password: 55bb93b2-a120-49fa-876e-7b3f49241086

This generated password is for development use only. Your security configuration must be updated before running your application in production.

10:27:50.192 [restartedMain] INFO  o.s.s.c.a.a.c.InitializeUserDetailsBeanManagerConfigurer$InitializeUserDetailsManagerConfigurer - Global AuthenticationManager configured with UserDetailsService bean with name inMemoryUserDetailsManager
10:27:50.491 [restartedMain] INFO  o.s.b.a.e.web.EndpointLinksResolver - Exposing 1 endpoint beneath base path '/actuator'
10:27:50.724 [restartedMain] WARN  o.s.b.a.t.ThymeleafAutoConfiguration$DefaultTemplateResolverConfiguration - Cannot find template location: classpath:/templates/ (please add some templates, check your Thymeleaf configuration, or set spring.thymeleaf.check-template-location=false)
10:27:50.878 [restartedMain] INFO  o.s.b.d.a.OptionalLiveReloadServer - LiveReload server is running on port 35729
10:27:50.920 [restartedMain] INFO  o.a.coyote.http11.Http11NioProtocol - Starting ProtocolHandler ["http-nio-8081"]
10:27:50.937 [restartedMain] INFO  o.s.b.w.e.tomcat.TomcatWebServer - Tomcat started on port 8081 (http) with context path '/'
10:27:50.946 [restartedMain] INFO  com.sermas.x.men.Application - Started Application in 3.489 seconds (process running for 4.02)
10:27:51.029 [JavaFX-Launcher] WARN  javafx - Unsupported JavaFX configuration: classes were loaded from 'unnamed module @2473b9ce'
10:27:51.559 [JavaFX Application Thread] INFO  c.s.x.m.user_interface.XMenInterface - Splash video 'X - Men 2.0.mp4' loaded; playing at 1280.0x800.0 with audio.
10:28:01.419 [File Watcher] INFO  o.s.b.d.a.LocalDevToolsAutoConfiguration$RestartingClassPathChangeChangedEventListener - Restarting due to 195 class path changes (0 additions, 195 deletions, 0 modifications)
10:28:01.424 [Thread-5] INFO  o.a.coyote.http11.Http11NioProtocol - Stopping ProtocolHandler ["http-nio-8081"]
10:28:28.726 [restartedMain] INFO  com.sermas.x.men.Application - Starting Application using Java 21.0.11 with PID 19992 (R:\OneDrive - King's College London\Workspace\Projects\SERMAS_KCL\Repositories\X-Men(Spring-Boot)\X-Men_3.0\target\classes started by Rish in R:\OneDrive - King's College London\Workspace\Projects\SERMAS_KCL\Repositories\X-Men(Spring-Boot)\X-Men_3.0)
10:28:28.728 [restartedMain] INFO  com.sermas.x.men.Application - No active profile set, falling back to 1 default profile: "default"
10:28:28.779 [restartedMain] INFO  o.s.b.d.e.DevToolsPropertyDefaultsPostProcessor - Devtools property defaults active! Set 'spring.devtools.add-properties' to 'false' to disable
10:28:30.334 [restartedMain] INFO  o.s.b.w.e.tomcat.TomcatWebServer - Tomcat initialized with port 8081 (http)
10:28:30.342 [restartedMain] INFO  o.a.coyote.http11.Http11NioProtocol - Initializing ProtocolHandler ["http-nio-8081"]
10:28:30.344 [restartedMain] INFO  o.a.catalina.core.StandardService - Starting service [Tomcat]
10:28:30.345 [restartedMain] INFO  o.a.catalina.core.StandardEngine - Starting Servlet engine: [Apache Tomcat/10.1.31]
10:28:30.385 [restartedMain] INFO  o.a.c.c.C.[Tomcat].[localhost].[/] - Initializing Spring embedded WebApplicationContext
10:28:30.386 [restartedMain] INFO  o.s.b.w.s.c.ServletWebServerApplicationContext - Root WebApplicationContext: initialization completed in 1606 ms
10:28:30.904 [restartedMain] INFO  c.s.x.m.s.HaskellDerivationFetcher - HaskellDerivationFetcher initialized with base URL: http://localhost:9091
10:28:30.997 [restartedMain] INFO  c.sermas.x.men.service.SettingsStore - Applied persisted vocabulary from C:\Users\Dell\.xmen\settings.json.
10:28:30.997 [restartedMain] INFO  c.sermas.x.men.service.SettingsStore - Applied persisted active theme 'forest-emerald'.
10:28:30.997 [restartedMain] INFO  c.sermas.x.men.service.SettingsStore - Applied persisted UI preferences.
10:28:31.128 [restartedMain] WARN  o.s.b.a.s.s.UserDetailsServiceAutoConfiguration - 

Using generated security password: 9f93fe41-5af7-418c-8945-352f6c18e0e7

This generated password is for development use only. Your security configuration must be updated before running your application in production.

10:28:31.155 [restartedMain] INFO  o.s.s.c.a.a.c.InitializeUserDetailsBeanManagerConfigurer$InitializeUserDetailsManagerConfigurer - Global AuthenticationManager configured with UserDetailsService bean with name inMemoryUserDetailsManager
10:28:31.459 [restartedMain] INFO  o.s.b.a.e.web.EndpointLinksResolver - Exposing 1 endpoint beneath base path '/actuator'
10:28:31.655 [restartedMain] WARN  o.s.b.a.t.ThymeleafAutoConfiguration$DefaultTemplateResolverConfiguration - Cannot find template location: classpath:/templates/ (please add some templates, check your Thymeleaf configuration, or set spring.thymeleaf.check-template-location=false)
10:28:31.800 [restartedMain] INFO  o.s.b.d.a.OptionalLiveReloadServer - LiveReload server is running on port 35729
10:28:31.836 [restartedMain] INFO  o.a.coyote.http11.Http11NioProtocol - Starting ProtocolHandler ["http-nio-8081"]
10:28:31.850 [restartedMain] INFO  o.s.b.w.e.tomcat.TomcatWebServer - Tomcat started on port 8081 (http) with context path '/'
10:28:31.861 [restartedMain] INFO  com.sermas.x.men.Application - Started Application in 3.544 seconds (process running for 4.097)
10:28:31.939 [JavaFX-Launcher] WARN  javafx - Unsupported JavaFX configuration: classes were loaded from 'unnamed module @2473b9ce'
10:28:32.432 [JavaFX Application Thread] INFO  c.s.x.m.user_interface.XMenInterface - Splash video 'X - Men 2.0.mp4' loaded; playing at 1280.0x800.0 with audio.
10:28:44.593 [http-nio-8081-exec-1] INFO  o.a.c.c.C.[Tomcat].[localhost].[/] - Initializing Spring DispatcherServlet 'dispatcherServlet'
10:28:44.593 [http-nio-8081-exec-1] INFO  o.s.web.servlet.DispatcherServlet - Initializing Servlet 'dispatcherServlet'
10:28:44.596 [http-nio-8081-exec-1] INFO  o.s.web.servlet.DispatcherServlet - Completed initialization in 2 ms
10:29:05.809 [JavaFX Application Thread] INFO  c.s.x.m.s.chatbot.ChatBotService - Extracted 6 AIML brain resources into C:\Users\Dell\AppData\Local\Temp\xmen-aiml-8854870304093719641\xmen
10:29:05.810 [JavaFX Application Thread] INFO  c.s.x.m.s.chatbot.ChatBotService - Loading X-Men AIML brain from C:\Users\Dell\AppData\Local\Temp\xmen-aiml-8854870304093719641\xmen\
10:29:05.895 [JavaFX Application Thread] INFO  c.s.x.m.s.chatbot.ChatBotService - ChatBotService status: AIML brain loaded from C:\Users\Dell\AppData\Local\Temp\xmen-aiml-8854870304093719641\xmen\
10:29:32.667 [http-nio-8081-exec-4] INFO  c.s.x.men.service.VocabularyService - Vocabulary updated via Settings API.
10:29:32.683 [http-nio-8081-exec-6] INFO  c.sermas.x.men.service.ThemeService - Active theme switched to 'charcoal-mono'.
10:32:04.883 [http-nio-8081-exec-4] INFO  c.s.x.men.service.VocabularyService - Vocabulary updated via Settings API.
10:32:04.893 [http-nio-8081-exec-6] INFO  c.sermas.x.men.service.ThemeService - Active theme switched to 'sage-green'.
10:35:40.166 [http-nio-8081-exec-7] INFO  c.s.x.men.service.VocabularyService - Vocabulary updated via Settings API.
10:35:43.925 [http-nio-8081-exec-1] INFO  c.s.x.men.service.VocabularyService - Vocabulary updated via Settings API.
10:38:06.445 [http-nio-8081-exec-10] INFO  c.s.x.men.service.VocabularyService - Vocabulary updated via Settings API.
10:38:06.453 [http-nio-8081-exec-4] INFO  c.sermas.x.men.service.ThemeService - Active theme switched to 'sage-green'.
10:47:45.404 [http-nio-8081-exec-3] INFO  c.s.x.m.s.i.HybridDerivationService - Haskell derivation DISABLED - using Java implementation
10:47:45.407 [http-nio-8081-exec-3] INFO  c.s.x.m.u.SetupKnowledgeExtractor - Extracted principal from Setup rule: $Human
10:47:45.408 [http-nio-8081-exec-3] INFO  c.s.x.m.u.SetupKnowledgeExtractor - Extracted 4 type values for principal $Human
10:47:45.408 [http-nio-8081-exec-3] INFO  c.s.x.m.u.ForgetMutationParser - Found Forget values for rule H_2: [pw1]
10:47:45.409 [http-nio-8081-exec-3] INFO  c.s.x.m.s.i.DerivationCheckServiceImpl - Extracting MONOTONIC knowledge for rule: H_1
10:47:45.409 [http-nio-8081-exec-3] INFO  c.s.x.m.s.i.DerivationCheckServiceImpl - Precondition State data: <$B1,$B2,nH,pw1,pw2,ltkH>
10:47:45.412 [http-nio-8081-exec-3] INFO  c.s.x.m.s.i.DerivationCheckServiceImpl - Postcondition State data: <$B1,$B2,nH,pw1,pw2,ltkH>
10:47:45.413 [http-nio-8081-exec-3] INFO  c.s.x.m.s.i.DerivationCheckServiceImpl - Full MONOTONIC knowledge K: [$B1, $B2, nH, pw1, pw2, ltkH]
10:47:45.416 [http-nio-8081-exec-3] INFO  c.s.x.m.s.i.ForgetMutationStrategy - Algorithm 1 - Processing rule H_2 with 1 forget targets
10:47:45.418 [http-nio-8081-exec-3] INFO  c.s.x.m.s.i.ForgetMutationStrategy - Knowledge K: [$B1, $B2, nH, pw1, pw2, ltkH, aenc((nH, nB), pk(ltkH))]
10:47:45.419 [http-nio-8081-exec-3] INFO  c.s.x.m.s.i.ForgetMutationStrategy - Forget set: [pw1]
10:47:45.419 [http-nio-8081-exec-3] INFO  c.s.x.m.s.i.ForgetMutationStrategy - Blocking mode: CASE1_WEAK
10:47:45.419 [http-nio-8081-exec-3] INFO  c.s.x.m.s.i.ForgetMutationStrategy - Forget triggers Neglect on rule H_2 - removing 1 internal action(s) using forgotten message pw1
10:47:45.420 [http-nio-8081-exec-3] INFO  c.s.x.m.s.i.ForgetMutationStrategy - Target message m2: senc(($Human, pw1), k(nH, nB))
10:47:45.421 [http-nio-8081-exec-3] WARN  c.s.x.m.s.i.ForgetMutationStrategy - No derivations found for target senc(($Human, pw1), k(nH, nB)) - falling back to textual substitution
10:47:45.428 [http-nio-8081-exec-3] INFO  c.s.x.m.s.i.ForgetMutationStrategy - Applying textual substitution {pw1=pw2} to rule H_2
10:47:45.434 [http-nio-8081-exec-3] INFO  c.s.x.m.c.ForgetMutationController - Captured derivation tree output (2523 characters)
10:47:45.439 [http-nio-8081-exec-3] INFO  com.sermas.x.men.service.ZipService - Added derivation tree to ZIP: Bank_revised_new_DerivationTree.txt
10:49:34.459 [http-nio-8081-exec-8] INFO  c.s.x.m.s.i.HybridDerivationService - Haskell derivation DISABLED - using Java implementation
10:49:34.459 [http-nio-8081-exec-8] INFO  c.s.x.m.u.SetupKnowledgeExtractor - Extracted principal from Setup rule: $Human
10:49:34.459 [http-nio-8081-exec-8] INFO  c.s.x.m.u.SetupKnowledgeExtractor - Extracted 4 type values for principal $Human
10:49:34.459 [http-nio-8081-exec-8] INFO  c.s.x.m.u.ForgetMutationParser - Found Forget values for rule H_2: [pw1]
10:49:34.459 [http-nio-8081-exec-8] INFO  c.s.x.m.s.i.DerivationCheckServiceImpl - Extracting MONOTONIC knowledge for rule: H_1
10:49:34.459 [http-nio-8081-exec-8] INFO  c.s.x.m.s.i.DerivationCheckServiceImpl - Precondition State data: <$B1,$B2,nH,pw1,pw2,ltkH>
10:49:34.459 [http-nio-8081-exec-8] INFO  c.s.x.m.s.i.DerivationCheckServiceImpl - Postcondition State data: <$B1,$B2,nH,pw1,pw2,ltkH>
10:49:34.459 [http-nio-8081-exec-8] INFO  c.s.x.m.s.i.DerivationCheckServiceImpl - Full MONOTONIC knowledge K: [$B1, $B2, nH, pw1, pw2, ltkH]
10:49:34.460 [http-nio-8081-exec-8] INFO  c.s.x.m.s.i.ForgetMutationStrategy - Algorithm 1 - Processing rule H_2 with 1 forget targets
10:49:34.460 [http-nio-8081-exec-8] INFO  c.s.x.m.s.i.ForgetMutationStrategy - Knowledge K: [$B1, $B2, nH, pw1, pw2, ltkH, aenc((nH, nB), pk(ltkH))]
10:49:34.460 [http-nio-8081-exec-8] INFO  c.s.x.m.s.i.ForgetMutationStrategy - Forget set: [pw1]
10:49:34.460 [http-nio-8081-exec-8] INFO  c.s.x.m.s.i.ForgetMutationStrategy - Blocking mode: CASE1_WEAK
10:49:34.460 [http-nio-8081-exec-8] INFO  c.s.x.m.s.i.ForgetMutationStrategy - Forget triggers Neglect on rule H_2 - removing 1 internal action(s) using forgotten message pw1
10:49:34.460 [http-nio-8081-exec-8] INFO  c.s.x.m.s.i.ForgetMutationStrategy - Target message m2: senc(($Human, pw1), k(nH, nB))
10:49:34.460 [http-nio-8081-exec-8] WARN  c.s.x.m.s.i.ForgetMutationStrategy - No derivations found for target senc(($Human, pw1), k(nH, nB)) - falling back to textual substitution
10:49:34.461 [http-nio-8081-exec-8] INFO  c.s.x.m.s.i.ForgetMutationStrategy - Applying textual substitution {pw1=pw2} to rule H_2
10:49:34.465 [http-nio-8081-exec-8] INFO  c.s.x.m.c.ForgetMutationController - Captured derivation tree output (2523 characters)
10:49:34.465 [http-nio-8081-exec-8] INFO  com.sermas.x.men.service.ZipService - Added derivation tree to ZIP: Bank_revised_new_DerivationTree.txt
10:53:23.019 [http-nio-8081-exec-8] INFO  c.s.x.men.service.VocabularyService - Vocabulary updated via Settings API.
10:53:23.025 [http-nio-8081-exec-6] INFO  c.sermas.x.men.service.ThemeService - Active theme switched to 'sage-green'.
10:54:24.023 [http-nio-8081-exec-5] INFO  c.s.x.men.service.VocabularyService - Vocabulary updated via Settings API.
10:54:24.031 [http-nio-8081-exec-8] INFO  c.sermas.x.men.service.ThemeService - Active theme switched to 'pine-forest'.
10:56:59.689 [http-nio-8081-exec-6] INFO  c.s.x.men.service.VocabularyService - Vocabulary updated via Settings API.
10:56:59.696 [http-nio-8081-exec-8] INFO  c.sermas.x.men.service.ThemeService - Active theme switched to 'charcoal-mono'.
10:57:19.212 [http-nio-8081-exec-9] INFO  c.s.x.men.service.VocabularyService - Vocabulary updated via Settings API.
10:57:26.890 [http-nio-8081-exec-6] INFO  c.s.x.men.service.VocabularyService - Vocabulary updated via Settings API.
11:01:01.822 [http-nio-8081-exec-3] INFO  c.s.x.men.service.VocabularyService - Vocabulary updated via Settings API.
11:02:14.725 [http-nio-8081-exec-10] INFO  c.s.x.men.service.VocabularyService - Vocabulary reset to defaults.
11:42:02.745 [main] INFO  c.s.x.m.s.chatbot.ChatBotService - Extracted 6 AIML brain resources into C:\Users\Dell\AppData\Local\Temp\xmen-aiml-3736582618326030465\xmen
11:42:02.754 [main] INFO  c.s.x.m.s.chatbot.ChatBotService - Loading X-Men AIML brain from C:\Users\Dell\AppData\Local\Temp\xmen-aiml-3736582618326030465\xmen\
11:42:03.102 [main] INFO  c.s.x.m.s.chatbot.ChatBotService - ChatBotService status: AIML brain loaded from C:\Users\Dell\AppData\Local\Temp\xmen-aiml-3736582618326030465\xmen\
11:42:38.664 [JavaFX Application Thread] INFO  c.s.x.m.s.chatbot.ChatBotService - Extracted 6 AIML brain resources into C:\Users\Dell\AppData\Local\Temp\xmen-aiml-5498993452161022495\xmen
11:42:38.671 [JavaFX Application Thread] INFO  c.s.x.m.s.chatbot.ChatBotService - Loading X-Men AIML brain from C:\Users\Dell\AppData\Local\Temp\xmen-aiml-5498993452161022495\xmen\
11:42:38.952 [JavaFX Application Thread] INFO  c.s.x.m.s.chatbot.ChatBotService - ChatBotService status: AIML brain loaded from C:\Users\Dell\AppData\Local\Temp\xmen-aiml-5498993452161022495\xmen\
11:43:15.900 [JavaFX Application Thread] INFO  c.s.x.m.user_interface.XMenInterface - Splash video 'X - Men 2.0.mp4' loaded; playing at 1280.0x800.0 with audio.
11:43:17.071 [JavaFX Application Thread] INFO  c.s.x.m.user_interface.XMenInterface - Splash video 'X - Men 2.0.mp4' loaded; playing at 1280.0x800.0 with audio.
11:43:17.516 [JavaFX Application Thread] INFO  c.s.x.m.user_interface.XMenInterface - Splash video 'X - Men 2.0.mp4' loaded; playing at 1280.0x800.0 with audio.
11:43:29.315 [JavaFX Application Thread] INFO  c.s.x.m.user_interface.XMenInterface - Splash video 'X - Men 2.0.mp4' loaded; playing at 1280.0x800.0 with audio.
11:43:35.784 [JavaFX Application Thread] INFO  c.s.x.m.user_interface.XMenInterface - Splash video 'X - Men 2.0.mp4' loaded; playing at 1280.0x800.0 with audio.
11:45:29.715 [JavaFX Application Thread] INFO  c.s.x.m.user_interface.XMenInterface - Splash video 'X - Men 2.0.mp4' loaded; playing at 1280.0x800.0 with audio.
11:45:30.793 [JavaFX Application Thread] INFO  c.s.x.m.user_interface.XMenInterface - Splash video 'X - Men 2.0.mp4' loaded; playing at 1280.0x800.0 with audio.
11:45:31.255 [JavaFX Application Thread] INFO  c.s.x.m.user_interface.XMenInterface - Splash video 'X - Men 2.0.mp4' loaded; playing at 1280.0x800.0 with audio.
11:45:51.696 [JavaFX Application Thread] INFO  c.s.x.m.user_interface.XMenInterface - Splash video 'X - Men 2.0.mp4' loaded; playing at 1280.0x800.0 with audio.
11:46:03.270 [JavaFX Application Thread] INFO  c.s.x.m.user_interface.XMenInterface - Splash video 'X - Men 2.0.mp4' loaded; playing at 1280.0x800.0 with audio.
11:46:41.629 [JavaFX Application Thread] INFO  c.s.x.m.user_interface.XMenInterface - Splash video 'X - Men 2.0.mp4' loaded; playing at 1280.0x800.0 with audio.
11:53:12.932 [JavaFX Application Thread] INFO  c.s.x.m.user_interface.XMenInterface - Splash video 'X - Men 2.0.mp4' loaded; playing at 1280.0x800.0 with audio.
11:53:15.149 [JavaFX Application Thread] INFO  c.s.x.m.user_interface.XMenInterface - Splash video 'X - Men 2.0.mp4' loaded; playing at 1280.0x800.0 with audio.
11:53:15.323 [JavaFX Application Thread] INFO  c.s.x.m.user_interface.XMenInterface - Splash video 'X - Men 2.0.mp4' loaded; playing at 1280.0x800.0 with audio.
11:53:15.896 [JavaFX Application Thread] INFO  c.s.x.m.user_interface.XMenInterface - Splash video 'X - Men 2.0.mp4' loaded; playing at 1280.0x800.0 with audio.
11:53:36.424 [JavaFX Application Thread] INFO  c.s.x.m.user_interface.XMenInterface - Splash video 'X - Men 2.0.mp4' loaded; playing at 1280.0x800.0 with audio.
11:53:37.308 [JavaFX Application Thread] INFO  c.s.x.m.user_interface.XMenInterface - Splash video 'X - Men 2.0.mp4' loaded; playing at 1280.0x800.0 with audio.
11:53:43.817 [JavaFX Application Thread] INFO  c.s.x.m.user_interface.XMenInterface - Splash video 'X - Men 2.0.mp4' loaded; playing at 1280.0x800.0 with audio.
11:53:48.042 [JavaFX Application Thread] INFO  c.s.x.m.user_interface.XMenInterface - Splash video 'X - Men 2.0.mp4' loaded; playing at 1280.0x800.0 with audio.
11:53:58.457 [JavaFX Application Thread] INFO  c.s.x.m.user_interface.XMenInterface - Splash video 'X - Men 2.0.mp4' loaded; playing at 1280.0x800.0 with audio.
11:54:40.565 [JavaFX Application Thread] INFO  c.s.x.m.user_interface.XMenInterface - Splash video 'X - Men 2.0.mp4' loaded; playing at 1280.0x800.0 with audio.
11:55:59.162 [JavaFX Application Thread] INFO  c.s.x.m.user_interface.XMenInterface - Splash video 'X - Men 2.0.mp4' loaded; playing at 1280.0x800.0 with audio.
11:57:28.692 [JavaFX Application Thread] INFO  c.s.x.m.user_interface.XMenInterface - Splash video 'X - Men 2.0.mp4' loaded; playing at 1280.0x800.0 with audio.
11:59:09.549 [JavaFX Application Thread] INFO  c.s.x.m.user_interface.XMenInterface - Splash video 'X - Men 2.0.mp4' loaded; playing at 1280.0x800.0 with audio.
11:59:54.678 [JavaFX Application Thread] INFO  c.s.x.m.user_interface.XMenInterface - Splash video 'X - Men 2.0.mp4' loaded; playing at 1280.0x800.0 with audio.
11:59:57.095 [JavaFX Application Thread] INFO  c.s.x.m.user_interface.XMenInterface - Splash video 'X - Men 2.0.mp4' loaded; playing at 1280.0x800.0 with audio.
11:59:57.263 [JavaFX Application Thread] INFO  c.s.x.m.user_interface.XMenInterface - Splash video 'X - Men 2.0.mp4' loaded; playing at 1280.0x800.0 with audio.
11:59:57.645 [JavaFX Application Thread] INFO  c.s.x.m.user_interface.XMenInterface - Splash video 'X - Men 2.0.mp4' loaded; playing at 1280.0x800.0 with audio.
12:00:08.502 [JavaFX Application Thread] INFO  c.s.x.m.user_interface.XMenInterface - Splash video 'X - Men 2.0.mp4' loaded; playing at 1280.0x800.0 with audio.
12:00:09.995 [JavaFX Application Thread] INFO  c.s.x.m.user_interface.XMenInterface - Splash video 'X - Men 2.0.mp4' loaded; playing at 1280.0x800.0 with audio.
12:00:17.567 [settings-load profiles] WARN  c.s.x.m.u.SettingsDialog - settings dialog: load profiles failed: Failed to connect to localhost/[0:0:0:0:0:0:0:1]:8081
12:00:17.577 [settings-load vocabulary] WARN  c.s.x.m.u.SettingsDialog - settings dialog: load vocabulary failed: Failed to connect to localhost/[0:0:0:0:0:0:0:1]:8081
12:00:17.578 [settings-load themes] WARN  c.s.x.m.u.SettingsDialog - settings dialog: load themes failed: Failed to connect to localhost/[0:0:0:0:0:0:0:1]:8081
12:00:17.599 [settings-load preferences] WARN  c.s.x.m.u.SettingsDialog - settings dialog: load preferences failed: Failed to connect to localhost/[0:0:0:0:0:0:0:1]:8081
12:00:20.407 [JavaFX Application Thread] INFO  c.s.x.m.user_interface.XMenInterface - Splash video 'X - Men 2.0.mp4' loaded; playing at 1280.0x800.0 with audio.
12:00:32.185 [JavaFX Application Thread] INFO  c.s.x.m.user_interface.XMenInterface - Splash video 'X - Men 2.0.mp4' loaded; playing at 1280.0x800.0 with audio.
12:00:42.658 [JavaFX Application Thread] INFO  c.s.x.m.user_interface.XMenInterface - Splash video 'X - Men 2.0.mp4' loaded; playing at 1280.0x800.0 with audio.
12:01:19.023 [JavaFX Application Thread] INFO  c.s.x.m.user_interface.XMenInterface - Splash video 'X - Men 2.0.mp4' loaded; playing at 1280.0x800.0 with audio.
12:01:22.061 [JavaFX Application Thread] WARN  c.s.x.m.u.MainSceneFactory - MediaPlayer error: {}
javafx.scene.media.MediaException: [com.sun.media.jfxmediaimpl.platform.gstreamer.GSTMediaPlayer@53f97183] ERROR_MEDIA_INVALID: ERROR_MEDIA_INVALID
	at javafx.scene.media.MediaException.getMediaException(MediaException.java:161)
	at javafx.scene.media.MediaPlayer$_MediaErrorListener.onError(MediaPlayer.java:2624)
	at com.sun.media.jfxmediaimpl.NativeMediaPlayer$EventQueueThread.HandleErrorEvents(NativeMediaPlayer.java:692)
	at com.sun.media.jfxmediaimpl.NativeMediaPlayer$EventQueueThread.run(NativeMediaPlayer.java:426)
12:01:22.538 [JavaFX Application Thread] INFO  c.s.x.m.user_interface.XMenInterface - Splash video 'X - Men 2.0.mp4' loaded; playing at 1280.0x800.0 with audio.
12:01:22.677 [JavaFX Application Thread] INFO  c.s.x.m.user_interface.XMenInterface - Splash video 'X - Men 2.0.mp4' loaded; playing at 1280.0x800.0 with audio.
12:01:23.172 [JavaFX Application Thread] INFO  c.s.x.m.user_interface.XMenInterface - Splash video 'X - Men 2.0.mp4' loaded; playing at 1280.0x800.0 with audio.
12:01:34.855 [JavaFX Application Thread] INFO  c.s.x.m.user_interface.XMenInterface - Splash video 'X - Men 2.0.mp4' loaded; playing at 1280.0x800.0 with audio.
12:01:35.723 [JavaFX Application Thread] INFO  c.s.x.m.user_interface.XMenInterface - Splash video 'X - Men 2.0.mp4' loaded; playing at 1280.0x800.0 with audio.
12:01:42.168 [JavaFX Application Thread] INFO  c.s.x.m.user_interface.XMenInterface - Splash video 'X - Men 2.0.mp4' loaded; playing at 1280.0x800.0 with audio.
12:01:43.015 [JavaFX Application Thread] INFO  c.s.x.m.user_interface.XMenInterface - Splash video 'X - Men 2.0.mp4' loaded; playing at 1280.0x800.0 with audio.
12:01:44.328 [JavaFX Application Thread] INFO  c.s.x.m.user_interface.XMenInterface - Splash video 'X - Men 2.0.mp4' loaded; playing at 1280.0x800.0 with audio.
12:02:29.474 [JavaFX Application Thread] INFO  c.s.x.m.user_interface.XMenInterface - Splash video 'X - Men 2.0.mp4' loaded; playing at 1280.0x800.0 with audio.
12:02:32.982 [JavaFX Application Thread] INFO  c.s.x.m.user_interface.XMenInterface - Splash video 'X - Men 2.0.mp4' loaded; playing at 1280.0x800.0 with audio.
12:02:33.119 [JavaFX Application Thread] INFO  c.s.x.m.user_interface.XMenInterface - Splash video 'X - Men 2.0.mp4' loaded; playing at 1280.0x800.0 with audio.
12:02:33.734 [JavaFX Application Thread] INFO  c.s.x.m.user_interface.XMenInterface - Splash video 'X - Men 2.0.mp4' loaded; playing at 1280.0x800.0 with audio.
12:02:45.313 [JavaFX Application Thread] INFO  c.s.x.m.user_interface.XMenInterface - Splash video 'X - Men 2.0.mp4' loaded; playing at 1280.0x800.0 with audio.
12:02:46.194 [JavaFX Application Thread] INFO  c.s.x.m.user_interface.XMenInterface - Splash video 'X - Men 2.0.mp4' loaded; playing at 1280.0x800.0 with audio.
12:03:17.307 [JavaFX Application Thread] INFO  c.s.x.m.user_interface.XMenInterface - Splash video 'X - Men 2.0.mp4' loaded; playing at 1280.0x800.0 with audio.
12:03:28.870 [JavaFX Application Thread] INFO  c.s.x.m.user_interface.XMenInterface - Splash video 'X - Men 2.0.mp4' loaded; playing at 1280.0x800.0 with audio.
12:03:30.008 [JavaFX Application Thread] INFO  c.s.x.m.user_interface.XMenInterface - Splash video 'X - Men 2.0.mp4' loaded; playing at 1280.0x800.0 with audio.
12:06:49.756 [main] INFO  c.s.x.m.s.chatbot.ChatBotService - Extracted 6 AIML brain resources into C:\Users\Dell\AppData\Local\Temp\xmen-aiml-16907993556996497550\xmen
12:06:49.768 [main] INFO  c.s.x.m.s.chatbot.ChatBotService - Loading X-Men AIML brain from C:\Users\Dell\AppData\Local\Temp\xmen-aiml-16907993556996497550\xmen\
12:06:50.089 [main] INFO  c.s.x.m.s.chatbot.ChatBotService - ChatBotService status: AIML brain loaded from C:\Users\Dell\AppData\Local\Temp\xmen-aiml-16907993556996497550\xmen\
12:06:51.877 [JavaFX Application Thread] INFO  c.s.x.m.user_interface.XMenInterface - Splash video 'X - Men 2.0.mp4' loaded; playing at 1280.0x800.0 with audio.
12:06:54.181 [JavaFX Application Thread] INFO  c.s.x.m.user_interface.XMenInterface - Splash video 'X - Men 2.0.mp4' loaded; playing at 1280.0x800.0 with audio.
12:06:54.349 [JavaFX Application Thread] INFO  c.s.x.m.user_interface.XMenInterface - Splash video 'X - Men 2.0.mp4' loaded; playing at 1280.0x800.0 with audio.
12:06:54.995 [JavaFX Application Thread] INFO  c.s.x.m.user_interface.XMenInterface - Splash video 'X - Men 2.0.mp4' loaded; playing at 1280.0x800.0 with audio.
12:07:05.308 [JavaFX Application Thread] INFO  c.s.x.m.user_interface.XMenInterface - Splash video 'X - Men 2.0.mp4' loaded; playing at 1280.0x800.0 with audio.
12:07:06.693 [JavaFX Application Thread] INFO  c.s.x.m.user_interface.XMenInterface - Splash video 'X - Men 2.0.mp4' loaded; playing at 1280.0x800.0 with audio.
12:07:17.949 [JavaFX Application Thread] INFO  c.s.x.m.user_interface.XMenInterface - Splash video 'X - Men 2.0.mp4' loaded; playing at 1280.0x800.0 with audio.
12:07:29.627 [JavaFX Application Thread] INFO  c.s.x.m.user_interface.XMenInterface - Splash video 'X - Men 2.0.mp4' loaded; playing at 1280.0x800.0 with audio.
12:07:31.110 [JavaFX Application Thread] INFO  c.s.x.m.user_interface.XMenInterface - Splash video 'X - Men 2.0.mp4' loaded; playing at 1280.0x800.0 with audio.
12:12:04.614 [main] INFO  c.s.x.m.s.chatbot.ChatBotService - Extracted 6 AIML brain resources into C:\Users\Dell\AppData\Local\Temp\xmen-aiml-13757358316288105546\xmen
12:12:04.622 [main] INFO  c.s.x.m.s.chatbot.ChatBotService - Loading X-Men AIML brain from C:\Users\Dell\AppData\Local\Temp\xmen-aiml-13757358316288105546\xmen\
12:12:04.856 [main] INFO  c.s.x.m.s.chatbot.ChatBotService - ChatBotService status: AIML brain loaded from C:\Users\Dell\AppData\Local\Temp\xmen-aiml-13757358316288105546\xmen\
12:12:05.973 [JavaFX Application Thread] INFO  c.s.x.m.user_interface.XMenInterface - Splash video 'X - Men 2.0.mp4' loaded; playing at 1280.0x800.0 with audio.
12:12:09.198 [JavaFX Application Thread] INFO  c.s.x.m.user_interface.XMenInterface - Splash video 'X - Men 2.0.mp4' loaded; playing at 1280.0x800.0 with audio.
12:12:09.399 [JavaFX Application Thread] INFO  c.s.x.m.user_interface.XMenInterface - Splash video 'X - Men 2.0.mp4' loaded; playing at 1280.0x800.0 with audio.
12:12:09.860 [JavaFX Application Thread] INFO  c.s.x.m.user_interface.XMenInterface - Splash video 'X - Men 2.0.mp4' loaded; playing at 1280.0x800.0 with audio.
12:12:21.023 [JavaFX Application Thread] INFO  c.s.x.m.user_interface.XMenInterface - Splash video 'X - Men 2.0.mp4' loaded; playing at 1280.0x800.0 with audio.
12:12:21.966 [JavaFX Application Thread] INFO  c.s.x.m.user_interface.XMenInterface - Splash video 'X - Men 2.0.mp4' loaded; playing at 1280.0x800.0 with audio.
12:18:40.130 [JavaFX Application Thread] INFO  c.s.x.m.user_interface.XMenInterface - Splash video 'X - Men 2.0.mp4' loaded; playing at 1280.0x800.0 with audio.
12:18:51.787 [JavaFX Application Thread] INFO  c.s.x.m.user_interface.XMenInterface - Splash video 'X - Men 2.0.mp4' loaded; playing at 1280.0x800.0 with audio.
12:19:04.280 [JavaFX Application Thread] INFO  c.s.x.m.user_interface.XMenInterface - Splash video 'X - Men 2.0.mp4' loaded; playing at 1280.0x800.0 with audio.
12:21:15.524 [restartedMain] INFO  com.sermas.x.men.Application - Starting Application using Java 21.0.11 with PID 26424 (R:\OneDrive - King's College London\Workspace\Projects\SERMAS_KCL\Repositories\X-Men(Spring-Boot)\X-Men_3.0\target\classes started by Rish in R:\OneDrive - King's College London\Workspace\Projects\SERMAS_KCL\Repositories\X-Men(Spring-Boot)\X-Men_3.0)
12:21:15.527 [restartedMain] INFO  com.sermas.x.men.Application - No active profile set, falling back to 1 default profile: "default"
12:21:15.574 [restartedMain] INFO  o.s.b.d.e.DevToolsPropertyDefaultsPostProcessor - Devtools property defaults active! Set 'spring.devtools.add-properties' to 'false' to disable
12:21:17.067 [restartedMain] INFO  o.s.b.w.e.tomcat.TomcatWebServer - Tomcat initialized with port 8081 (http)
12:21:17.076 [restartedMain] INFO  o.a.coyote.http11.Http11NioProtocol - Initializing ProtocolHandler ["http-nio-8081"]
12:21:17.079 [restartedMain] INFO  o.a.catalina.core.StandardService - Starting service [Tomcat]
12:21:17.080 [restartedMain] INFO  o.a.catalina.core.StandardEngine - Starting Servlet engine: [Apache Tomcat/10.1.31]
12:21:17.122 [restartedMain] INFO  o.a.c.c.C.[Tomcat].[localhost].[/] - Initializing Spring embedded WebApplicationContext
12:21:17.123 [restartedMain] INFO  o.s.b.w.s.c.ServletWebServerApplicationContext - Root WebApplicationContext: initialization completed in 1547 ms
12:21:17.621 [restartedMain] INFO  c.s.x.m.s.HaskellDerivationFetcher - HaskellDerivationFetcher initialized with base URL: http://localhost:9091
12:21:17.738 [restartedMain] INFO  c.sermas.x.men.service.SettingsStore - Applied persisted vocabulary from C:\Users\Dell\.xmen\settings.json.
12:21:17.739 [restartedMain] INFO  c.sermas.x.men.service.SettingsStore - Applied persisted active theme 'charcoal-mono'.
12:21:17.739 [restartedMain] INFO  c.sermas.x.men.service.SettingsStore - Applied persisted UI preferences.
12:21:17.899 [restartedMain] WARN  o.s.b.a.s.s.UserDetailsServiceAutoConfiguration - 

Using generated security password: 71b71460-dd60-404a-8b12-cd4a6f6eb19c

This generated password is for development use only. Your security configuration must be updated before running your application in production.

12:21:17.939 [restartedMain] INFO  o.s.s.c.a.a.c.InitializeUserDetailsBeanManagerConfigurer$InitializeUserDetailsManagerConfigurer - Global AuthenticationManager configured with UserDetailsService bean with name inMemoryUserDetailsManager
12:21:18.281 [restartedMain] INFO  o.s.b.a.e.web.EndpointLinksResolver - Exposing 1 endpoint beneath base path '/actuator'
12:21:18.566 [restartedMain] WARN  o.s.b.a.t.ThymeleafAutoConfiguration$DefaultTemplateResolverConfiguration - Cannot find template location: classpath:/templates/ (please add some templates, check your Thymeleaf configuration, or set spring.thymeleaf.check-template-location=false)
12:21:18.768 [restartedMain] INFO  o.s.b.d.a.OptionalLiveReloadServer - LiveReload server is running on port 35729
12:21:18.825 [restartedMain] INFO  o.a.coyote.http11.Http11NioProtocol - Starting ProtocolHandler ["http-nio-8081"]
12:21:18.852 [restartedMain] INFO  o.s.b.w.e.tomcat.TomcatWebServer - Tomcat started on port 8081 (http) with context path '/'
12:21:18.869 [restartedMain] INFO  com.sermas.x.men.Application - Started Application in 3.753 seconds (process running for 4.419)
12:21:18.974 [JavaFX-Launcher] WARN  javafx - Unsupported JavaFX configuration: classes were loaded from 'unnamed module @2473b9ce'
12:21:19.666 [JavaFX Application Thread] INFO  c.s.x.m.user_interface.XMenInterface - Splash video 'X - Men 2.0.mp4' loaded; playing at 1280.0x800.0 with audio.
12:21:31.926 [http-nio-8081-exec-1] INFO  o.a.c.c.C.[Tomcat].[localhost].[/] - Initializing Spring DispatcherServlet 'dispatcherServlet'
12:21:31.926 [http-nio-8081-exec-1] INFO  o.s.web.servlet.DispatcherServlet - Initializing Servlet 'dispatcherServlet'
12:21:31.930 [http-nio-8081-exec-1] INFO  o.s.web.servlet.DispatcherServlet - Completed initialization in 4 ms
12:23:16.576 [JavaFX Application Thread] INFO  c.s.x.m.s.chatbot.ChatBotService - Extracted 6 AIML brain resources into C:\Users\Dell\AppData\Local\Temp\xmen-aiml-9192536084728308113\xmen
12:23:16.576 [JavaFX Application Thread] INFO  c.s.x.m.s.chatbot.ChatBotService - Loading X-Men AIML brain from C:\Users\Dell\AppData\Local\Temp\xmen-aiml-9192536084728308113\xmen\
12:23:16.848 [JavaFX Application Thread] INFO  c.s.x.m.s.chatbot.ChatBotService - ChatBotService status: AIML brain loaded from C:\Users\Dell\AppData\Local\Temp\xmen-aiml-9192536084728308113\xmen\
12:23:47.855 [http-nio-8081-exec-7] INFO  c.s.x.men.service.VocabularyService - Vocabulary updated via Settings API.
12:24:20.917 [http-nio-8081-exec-6] INFO  c.s.x.men.service.VocabularyService - Vocabulary updated via Settings API.
12:24:22.302 [http-nio-8081-exec-5] INFO  c.s.x.men.service.VocabularyService - Vocabulary updated via Settings API.
12:24:44.786 [http-nio-8081-exec-1] INFO  c.s.x.men.service.VocabularyService - Vocabulary updated via Settings API.
12:24:53.682 [http-nio-8081-exec-6] INFO  c.s.x.men.service.VocabularyService - Vocabulary updated via Settings API.
12:24:53.701 [http-nio-8081-exec-5] INFO  c.sermas.x.men.service.ThemeService - Active theme switched to 'royal-purple'.
12:35:43.382 [http-nio-8081-exec-5] INFO  c.s.x.men.service.VocabularyService - Vocabulary updated via Settings API.
12:35:50.910 [http-nio-8081-exec-7] INFO  c.s.x.men.service.VocabularyService - Vocabulary updated via Settings API.
12:36:03.075 [http-nio-8081-exec-1] INFO  c.s.x.m.c.SettingsController - Vocabulary detect: validation flagged the file but detection will still run (1 issues).
12:36:06.146 [http-nio-8081-exec-9] INFO  c.s.x.m.s.VocabularyProfileStore - Saved vocabulary profile 'CoachService' at C:\Users\Dell\.xmen\vocabularies\CoachService.json.
12:36:06.174 [http-nio-8081-exec-4] INFO  c.s.x.men.service.VocabularyService - Vocabulary updated via Settings API.
12:36:06.208 [http-nio-8081-exec-3] INFO  c.s.x.men.service.VocabularyService - Vocabulary updated via Settings API.
12:36:13.897 [http-nio-8081-exec-8] INFO  c.s.x.men.service.VocabularyService - Vocabulary updated via Settings API.
12:36:16.529 [http-nio-8081-exec-10] INFO  c.s.x.men.service.VocabularyService - Vocabulary updated via Settings API.
12:36:20.467 [http-nio-8081-exec-9] INFO  c.s.x.men.service.VocabularyService - Vocabulary updated via Settings API.
12:36:21.093 [http-nio-8081-exec-4] INFO  c.s.x.men.service.VocabularyService - Vocabulary updated via Settings API.
12:36:23.012 [http-nio-8081-exec-3] INFO  c.s.x.men.service.VocabularyService - Vocabulary updated via Settings API.
12:36:23.585 [http-nio-8081-exec-8] INFO  c.s.x.men.service.VocabularyService - Vocabulary updated via Settings API.
12:36:23.836 [http-nio-8081-exec-10] INFO  c.s.x.men.service.VocabularyService - Vocabulary updated via Settings API.
12:45:11.167 [File Watcher] INFO  o.s.b.d.a.LocalDevToolsAutoConfiguration$RestartingClassPathChangeChangedEventListener - Restarting due to 198 class path changes (0 additions, 198 deletions, 0 modifications)
12:45:32.455 [restartedMain] INFO  com.sermas.x.men.Application - Starting Application using Java 21.0.11 with PID 9184 (R:\OneDrive - King's College London\Workspace\Projects\SERMAS_KCL\Repositories\X-Men(Spring-Boot)\X-Men_3.0\target\classes started by Rish in R:\OneDrive - King's College London\Workspace\Projects\SERMAS_KCL\Repositories\X-Men(Spring-Boot)\X-Men_3.0)
12:45:32.456 [restartedMain] INFO  com.sermas.x.men.Application - No active profile set, falling back to 1 default profile: "default"
12:45:32.507 [restartedMain] INFO  o.s.b.d.e.DevToolsPropertyDefaultsPostProcessor - Devtools property defaults active! Set 'spring.devtools.add-properties' to 'false' to disable
12:45:34.114 [restartedMain] INFO  o.s.b.w.e.tomcat.TomcatWebServer - Tomcat initialized with port 8081 (http)
12:45:34.123 [restartedMain] INFO  o.a.coyote.http11.Http11NioProtocol - Initializing ProtocolHandler ["http-nio-8081"]
12:45:34.128 [restartedMain] INFO  o.a.catalina.core.StandardService - Starting service [Tomcat]
12:45:34.128 [restartedMain] INFO  o.a.catalina.core.StandardEngine - Starting Servlet engine: [Apache Tomcat/10.1.31]
12:45:34.171 [restartedMain] INFO  o.a.c.c.C.[Tomcat].[localhost].[/] - Initializing Spring embedded WebApplicationContext
12:45:34.171 [restartedMain] INFO  o.s.b.w.s.c.ServletWebServerApplicationContext - Root WebApplicationContext: initialization completed in 1664 ms
12:45:34.655 [restartedMain] INFO  c.s.x.m.s.HaskellDerivationFetcher - HaskellDerivationFetcher initialized with base URL: http://localhost:9091
12:45:34.771 [restartedMain] INFO  c.sermas.x.men.service.SettingsStore - Applied persisted vocabulary from C:\Users\Dell\.xmen\settings.json.
12:45:34.771 [restartedMain] INFO  c.sermas.x.men.service.SettingsStore - Applied persisted active theme 'royal-purple'.
12:45:34.771 [restartedMain] INFO  c.sermas.x.men.service.SettingsStore - Applied persisted UI preferences.
12:45:34.956 [restartedMain] WARN  o.s.b.a.s.s.UserDetailsServiceAutoConfiguration - 

Using generated security password: eff95945-efb2-4c88-9ac3-4b3bf854178b

This generated password is for development use only. Your security configuration must be updated before running your application in production.

12:45:34.984 [restartedMain] INFO  o.s.s.c.a.a.c.InitializeUserDetailsBeanManagerConfigurer$InitializeUserDetailsManagerConfigurer - Global AuthenticationManager configured with UserDetailsService bean with name inMemoryUserDetailsManager
12:45:35.305 [restartedMain] INFO  o.s.b.a.e.web.EndpointLinksResolver - Exposing 1 endpoint beneath base path '/actuator'
12:45:35.556 [restartedMain] WARN  o.s.b.a.t.ThymeleafAutoConfiguration$DefaultTemplateResolverConfiguration - Cannot find template location: classpath:/templates/ (please add some templates, check your Thymeleaf configuration, or set spring.thymeleaf.check-template-location=false)
12:45:35.720 [restartedMain] INFO  o.s.b.d.a.OptionalLiveReloadServer - LiveReload server is running on port 35729
12:45:35.770 [restartedMain] INFO  o.a.coyote.http11.Http11NioProtocol - Starting ProtocolHandler ["http-nio-8081"]
12:45:35.791 [restartedMain] INFO  o.s.b.w.e.tomcat.TomcatWebServer - Tomcat started on port 8081 (http) with context path '/'
12:45:35.810 [restartedMain] INFO  com.sermas.x.men.Application - Started Application in 3.786 seconds (process running for 4.412)
12:45:35.919 [JavaFX-Launcher] WARN  javafx - Unsupported JavaFX configuration: classes were loaded from 'unnamed module @2473b9ce'
12:45:36.613 [JavaFX Application Thread] INFO  c.s.x.m.user_interface.XMenInterface - Splash video 'X - Men 2.0.mp4' loaded; playing at 1280.0x800.0 with audio.
12:45:48.997 [http-nio-8081-exec-1] INFO  o.a.c.c.C.[Tomcat].[localhost].[/] - Initializing Spring DispatcherServlet 'dispatcherServlet'
12:45:48.998 [http-nio-8081-exec-1] INFO  o.s.web.servlet.DispatcherServlet - Initializing Servlet 'dispatcherServlet'
12:45:49.001 [http-nio-8081-exec-1] INFO  o.s.web.servlet.DispatcherServlet - Completed initialization in 3 ms
12:45:51.596 [http-nio-8081-exec-6] INFO  c.s.x.men.service.VocabularyService - Vocabulary updated via Settings API.
12:46:07.513 [http-nio-8081-exec-10] INFO  c.s.x.men.service.VocabularyService - Vocabulary updated via Settings API.
12:46:07.533 [http-nio-8081-exec-1] INFO  c.sermas.x.men.service.ThemeService - Active theme switched to 'tangerine'.
12:55:22.942 [restartedMain] INFO  com.sermas.x.men.Application - Starting Application using Java 21.0.11 with PID 18816 (R:\OneDrive - King's College London\Workspace\Projects\SERMAS_KCL\Repositories\X-Men(Spring-Boot)\X-Men_3.0\target\classes started by Rish in R:\OneDrive - King's College London\Workspace\Projects\SERMAS_KCL\Repositories\X-Men(Spring-Boot)\X-Men_3.0)
12:55:22.943 [restartedMain] INFO  com.sermas.x.men.Application - No active profile set, falling back to 1 default profile: "default"
12:55:23.000 [restartedMain] INFO  o.s.b.d.e.DevToolsPropertyDefaultsPostProcessor - Devtools property defaults active! Set 'spring.devtools.add-properties' to 'false' to disable
12:55:24.647 [restartedMain] INFO  o.s.b.w.e.tomcat.TomcatWebServer - Tomcat initialized with port 8081 (http)
12:55:24.657 [restartedMain] INFO  o.a.coyote.http11.Http11NioProtocol - Initializing ProtocolHandler ["http-nio-8081"]
12:55:24.661 [restartedMain] INFO  o.a.catalina.core.StandardService - Starting service [Tomcat]
12:55:24.662 [restartedMain] INFO  o.a.catalina.core.StandardEngine - Starting Servlet engine: [Apache Tomcat/10.1.31]
12:55:24.709 [restartedMain] INFO  o.a.c.c.C.[Tomcat].[localhost].[/] - Initializing Spring embedded WebApplicationContext
12:55:24.710 [restartedMain] INFO  o.s.b.w.s.c.ServletWebServerApplicationContext - Root WebApplicationContext: initialization completed in 1709 ms
12:55:25.205 [restartedMain] INFO  c.s.x.m.s.HaskellDerivationFetcher - HaskellDerivationFetcher initialized with base URL: http://localhost:9091
12:55:25.313 [restartedMain] INFO  c.sermas.x.men.service.SettingsStore - Applied persisted vocabulary from C:\Users\Dell\.xmen\settings.json.
12:55:25.313 [restartedMain] INFO  c.sermas.x.men.service.SettingsStore - Applied persisted active theme 'tangerine'.
12:55:25.313 [restartedMain] INFO  c.sermas.x.men.service.SettingsStore - Applied persisted UI preferences.
12:55:25.486 [restartedMain] WARN  o.s.b.a.s.s.UserDetailsServiceAutoConfiguration - 

Using generated security password: daccb11f-e3fa-4504-83b8-d3b266d9c76c

This generated password is for development use only. Your security configuration must be updated before running your application in production.

12:55:25.513 [restartedMain] INFO  o.s.s.c.a.a.c.InitializeUserDetailsBeanManagerConfigurer$InitializeUserDetailsManagerConfigurer - Global AuthenticationManager configured with UserDetailsService bean with name inMemoryUserDetailsManager
12:55:25.820 [restartedMain] INFO  o.s.b.a.e.web.EndpointLinksResolver - Exposing 1 endpoint beneath base path '/actuator'
12:55:26.082 [restartedMain] WARN  o.s.b.a.t.ThymeleafAutoConfiguration$DefaultTemplateResolverConfiguration - Cannot find template location: classpath:/templates/ (please add some templates, check your Thymeleaf configuration, or set spring.thymeleaf.check-template-location=false)
12:55:26.243 [restartedMain] INFO  o.s.b.d.a.OptionalLiveReloadServer - LiveReload server is running on port 35729
12:55:26.301 [restartedMain] INFO  o.a.coyote.http11.Http11NioProtocol - Starting ProtocolHandler ["http-nio-8081"]
12:55:26.321 [restartedMain] INFO  o.s.b.w.e.tomcat.TomcatWebServer - Tomcat started on port 8081 (http) with context path '/'
12:55:26.336 [restartedMain] INFO  com.sermas.x.men.Application - Started Application in 3.831 seconds (process running for 4.429)
12:55:26.446 [JavaFX-Launcher] WARN  javafx - Unsupported JavaFX configuration: classes were loaded from 'unnamed module @2473b9ce'
12:55:27.158 [JavaFX Application Thread] INFO  c.s.x.m.user_interface.XMenInterface - Splash video 'X - Men 2.0.mp4' loaded; playing at 1280.0x800.0 with audio.
12:55:39.621 [http-nio-8081-exec-2] INFO  o.a.c.c.C.[Tomcat].[localhost].[/] - Initializing Spring DispatcherServlet 'dispatcherServlet'
12:55:39.621 [http-nio-8081-exec-2] INFO  o.s.web.servlet.DispatcherServlet - Initializing Servlet 'dispatcherServlet'
12:55:39.624 [http-nio-8081-exec-2] INFO  o.s.web.servlet.DispatcherServlet - Completed initialization in 3 ms
12:55:46.690 [http-nio-8081-exec-6] INFO  c.s.x.men.service.VocabularyService - Vocabulary updated via Settings API.
12:55:48.115 [http-nio-8081-exec-8] INFO  c.s.x.men.service.VocabularyService - Vocabulary updated via Settings API.
12:55:48.133 [http-nio-8081-exec-9] INFO  c.sermas.x.men.service.ThemeService - Active theme switched to 'tangerine'.
12:55:50.524 [http-nio-8081-exec-6] INFO  c.s.x.men.service.VocabularyService - Vocabulary updated via Settings API.
12:55:51.830 [http-nio-8081-exec-8] INFO  c.s.x.men.service.VocabularyService - Vocabulary updated via Settings API.
12:55:58.525 [http-nio-8081-exec-3] INFO  c.s.x.men.service.VocabularyService - Vocabulary updated via Settings API.
12:55:58.532 [http-nio-8081-exec-1] INFO  c.sermas.x.men.service.ThemeService - Active theme switched to 'midnight-violet'.
12:59:31.850 [restartedMain] INFO  com.sermas.x.men.Application - Starting Application using Java 21.0.11 with PID 25816 (R:\OneDrive - King's College London\Workspace\Projects\SERMAS_KCL\Repositories\X-Men(Spring-Boot)\X-Men_3.0\target\classes started by Rish in R:\OneDrive - King's College London\Workspace\Projects\SERMAS_KCL\Repositories\X-Men(Spring-Boot)\X-Men_3.0)
12:59:31.851 [restartedMain] INFO  com.sermas.x.men.Application - No active profile set, falling back to 1 default profile: "default"
12:59:31.907 [restartedMain] INFO  o.s.b.d.e.DevToolsPropertyDefaultsPostProcessor - Devtools property defaults active! Set 'spring.devtools.add-properties' to 'false' to disable
12:59:33.456 [restartedMain] INFO  o.s.b.w.e.tomcat.TomcatWebServer - Tomcat initialized with port 8081 (http)
12:59:33.467 [restartedMain] INFO  o.a.coyote.http11.Http11NioProtocol - Initializing ProtocolHandler ["http-nio-8081"]
12:59:33.469 [restartedMain] INFO  o.a.catalina.core.StandardService - Starting service [Tomcat]
12:59:33.470 [restartedMain] INFO  o.a.catalina.core.StandardEngine - Starting Servlet engine: [Apache Tomcat/10.1.31]
12:59:33.517 [restartedMain] INFO  o.a.c.c.C.[Tomcat].[localhost].[/] - Initializing Spring embedded WebApplicationContext
12:59:33.518 [restartedMain] INFO  o.s.b.w.s.c.ServletWebServerApplicationContext - Root WebApplicationContext: initialization completed in 1610 ms
12:59:34.025 [restartedMain] INFO  c.s.x.m.s.HaskellDerivationFetcher - HaskellDerivationFetcher initialized with base URL: http://localhost:9091
12:59:34.133 [restartedMain] INFO  c.sermas.x.men.service.SettingsStore - Applied persisted vocabulary from C:\Users\Dell\.xmen\settings.json.
12:59:34.134 [restartedMain] INFO  c.sermas.x.men.service.SettingsStore - Applied persisted active theme 'midnight-violet'.
12:59:34.134 [restartedMain] INFO  c.sermas.x.men.service.SettingsStore - Applied persisted UI preferences.
12:59:34.303 [restartedMain] WARN  o.s.b.a.s.s.UserDetailsServiceAutoConfiguration - 

Using generated security password: 1bc31e81-1d39-4005-b332-a28e19b88c56

This generated password is for development use only. Your security configuration must be updated before running your application in production.

12:59:34.333 [restartedMain] INFO  o.s.s.c.a.a.c.InitializeUserDetailsBeanManagerConfigurer$InitializeUserDetailsManagerConfigurer - Global AuthenticationManager configured with UserDetailsService bean with name inMemoryUserDetailsManager
12:59:34.686 [restartedMain] INFO  o.s.b.a.e.web.EndpointLinksResolver - Exposing 1 endpoint beneath base path '/actuator'
12:59:34.887 [restartedMain] WARN  o.s.b.a.t.ThymeleafAutoConfiguration$DefaultTemplateResolverConfiguration - Cannot find template location: classpath:/templates/ (please add some templates, check your Thymeleaf configuration, or set spring.thymeleaf.check-template-location=false)
12:59:35.092 [restartedMain] INFO  o.s.b.d.a.OptionalLiveReloadServer - LiveReload server is running on port 35729
12:59:35.133 [restartedMain] INFO  o.a.coyote.http11.Http11NioProtocol - Starting ProtocolHandler ["http-nio-8081"]
12:59:35.152 [restartedMain] INFO  o.s.b.w.e.tomcat.TomcatWebServer - Tomcat started on port 8081 (http) with context path '/'
12:59:35.165 [restartedMain] INFO  com.sermas.x.men.Application - Started Application in 3.745 seconds (process running for 4.336)
12:59:35.271 [JavaFX-Launcher] WARN  javafx - Unsupported JavaFX configuration: classes were loaded from 'unnamed module @2473b9ce'
12:59:36.003 [JavaFX Application Thread] INFO  c.s.x.m.user_interface.XMenInterface - Splash video 'X - Men 2.0.mp4' loaded; playing at 1280.0x800.0 with audio.
12:59:48.491 [http-nio-8081-exec-1] INFO  o.a.c.c.C.[Tomcat].[localhost].[/] - Initializing Spring DispatcherServlet 'dispatcherServlet'
12:59:48.492 [http-nio-8081-exec-1] INFO  o.s.web.servlet.DispatcherServlet - Initializing Servlet 'dispatcherServlet'
12:59:48.495 [http-nio-8081-exec-1] INFO  o.s.web.servlet.DispatcherServlet - Completed initialization in 3 ms
13:00:58.009 [JavaFX Application Thread] INFO  c.s.x.m.s.chatbot.ChatBotService - Extracted 6 AIML brain resources into C:\Users\Dell\AppData\Local\Temp\xmen-aiml-10707429992327266119\xmen
13:00:58.010 [JavaFX Application Thread] INFO  c.s.x.m.s.chatbot.ChatBotService - Loading X-Men AIML brain from C:\Users\Dell\AppData\Local\Temp\xmen-aiml-10707429992327266119\xmen\
13:00:58.296 [JavaFX Application Thread] INFO  c.s.x.m.s.chatbot.ChatBotService - ChatBotService status: AIML brain loaded from C:\Users\Dell\AppData\Local\Temp\xmen-aiml-10707429992327266119\xmen\
13:01:12.295 [http-nio-8081-exec-4] INFO  c.s.x.men.service.VocabularyService - Vocabulary updated via Settings API.
13:01:15.027 [http-nio-8081-exec-1] INFO  c.s.x.men.service.VocabularyService - Vocabulary updated via Settings API.
13:01:15.043 [http-nio-8081-exec-2] INFO  c.sermas.x.men.service.ThemeService - Active theme switched to 'cyber-teal'.
13:09:18.909 [File Watcher] INFO  o.s.b.d.a.LocalDevToolsAutoConfiguration$RestartingClassPathChangeChangedEventListener - Restarting due to 198 class path changes (0 additions, 198 deletions, 0 modifications)
13:09:39.529 [restartedMain] INFO  com.sermas.x.men.Application - Starting Application using Java 21.0.11 with PID 14912 (R:\OneDrive - King's College London\Workspace\Projects\SERMAS_KCL\Repositories\X-Men(Spring-Boot)\X-Men_3.0\target\classes started by Rish in R:\OneDrive - King's College London\Workspace\Projects\SERMAS_KCL\Repositories\X-Men(Spring-Boot)\X-Men_3.0)
13:09:39.531 [restartedMain] INFO  com.sermas.x.men.Application - No active profile set, falling back to 1 default profile: "default"
13:09:39.582 [restartedMain] INFO  o.s.b.d.e.DevToolsPropertyDefaultsPostProcessor - Devtools property defaults active! Set 'spring.devtools.add-properties' to 'false' to disable
13:09:41.128 [restartedMain] INFO  o.s.b.w.e.tomcat.TomcatWebServer - Tomcat initialized with port 8081 (http)
13:09:41.138 [restartedMain] INFO  o.a.coyote.http11.Http11NioProtocol - Initializing ProtocolHandler ["http-nio-8081"]
13:09:41.141 [restartedMain] INFO  o.a.catalina.core.StandardService - Starting service [Tomcat]
13:09:41.142 [restartedMain] INFO  o.a.catalina.core.StandardEngine - Starting Servlet engine: [Apache Tomcat/10.1.31]
13:09:41.183 [restartedMain] INFO  o.a.c.c.C.[Tomcat].[localhost].[/] - Initializing Spring embedded WebApplicationContext
13:09:41.184 [restartedMain] INFO  o.s.b.w.s.c.ServletWebServerApplicationContext - Root WebApplicationContext: initialization completed in 1602 ms
13:09:41.682 [restartedMain] INFO  c.s.x.m.s.HaskellDerivationFetcher - HaskellDerivationFetcher initialized with base URL: http://localhost:9091
13:09:41.787 [restartedMain] INFO  c.sermas.x.men.service.SettingsStore - Applied persisted vocabulary from C:\Users\Dell\.xmen\settings.json.
13:09:41.788 [restartedMain] INFO  c.sermas.x.men.service.SettingsStore - Applied persisted active theme 'cyber-teal'.
13:09:41.788 [restartedMain] INFO  c.sermas.x.men.service.SettingsStore - Applied persisted UI preferences.
13:09:41.952 [restartedMain] WARN  o.s.b.a.s.s.UserDetailsServiceAutoConfiguration - 

Using generated security password: e31c91bf-adf2-4007-b03e-8eccc1775203

This generated password is for development use only. Your security configuration must be updated before running your application in production.

13:09:41.983 [restartedMain] INFO  o.s.s.c.a.a.c.InitializeUserDetailsBeanManagerConfigurer$InitializeUserDetailsManagerConfigurer - Global AuthenticationManager configured with UserDetailsService bean with name inMemoryUserDetailsManager
13:09:42.314 [restartedMain] INFO  o.s.b.a.e.web.EndpointLinksResolver - Exposing 1 endpoint beneath base path '/actuator'
13:09:42.571 [restartedMain] WARN  o.s.b.a.t.ThymeleafAutoConfiguration$DefaultTemplateResolverConfiguration - Cannot find template location: classpath:/templates/ (please add some templates, check your Thymeleaf configuration, or set spring.thymeleaf.check-template-location=false)
13:09:42.781 [restartedMain] INFO  o.s.b.d.a.OptionalLiveReloadServer - LiveReload server is running on port 35729
13:09:42.841 [restartedMain] INFO  o.a.coyote.http11.Http11NioProtocol - Starting ProtocolHandler ["http-nio-8081"]
13:09:42.864 [restartedMain] INFO  o.s.b.w.e.tomcat.TomcatWebServer - Tomcat started on port 8081 (http) with context path '/'
13:09:42.878 [restartedMain] INFO  com.sermas.x.men.Application - Started Application in 3.769 seconds (process running for 4.373)
13:09:42.966 [JavaFX-Launcher] WARN  javafx - Unsupported JavaFX configuration: classes were loaded from 'unnamed module @2473b9ce'
13:09:43.642 [JavaFX Application Thread] INFO  c.s.x.m.user_interface.XMenInterface - Splash video 'X - Men 2.0.mp4' loaded; playing at 1280.0x800.0 with audio.
13:09:56.110 [http-nio-8081-exec-1] INFO  o.a.c.c.C.[Tomcat].[localhost].[/] - Initializing Spring DispatcherServlet 'dispatcherServlet'
13:09:56.110 [http-nio-8081-exec-1] INFO  o.s.web.servlet.DispatcherServlet - Initializing Servlet 'dispatcherServlet'
13:09:56.113 [http-nio-8081-exec-1] INFO  o.s.web.servlet.DispatcherServlet - Completed initialization in 3 ms
13:27:56.184 [http-nio-8081-exec-8] INFO  c.s.x.men.service.VocabularyService - Vocabulary updated via Settings API.
13:28:08.012 [http-nio-8081-exec-6] INFO  c.s.x.men.service.VocabularyService - Vocabulary updated via Settings API.
13:28:08.029 [http-nio-8081-exec-3] INFO  c.sermas.x.men.service.ThemeService - Active theme switched to 'volcanic-red'.
13:38:10.489 [restartedMain] INFO  com.sermas.x.men.Application - Starting Application using Java 21.0.11 with PID 18776 (R:\OneDrive - King's College London\Workspace\Projects\SERMAS_KCL\Repositories\X-Men(Spring-Boot)\X-Men_3.0\target\classes started by Rish in R:\OneDrive - King's College London\Workspace\Projects\SERMAS_KCL\Repositories\X-Men(Spring-Boot)\X-Men_3.0)
13:38:10.491 [restartedMain] INFO  com.sermas.x.men.Application - No active profile set, falling back to 1 default profile: "default"
13:38:10.543 [restartedMain] INFO  o.s.b.d.e.DevToolsPropertyDefaultsPostProcessor - Devtools property defaults active! Set 'spring.devtools.add-properties' to 'false' to disable
13:38:12.073 [restartedMain] INFO  o.s.b.w.e.tomcat.TomcatWebServer - Tomcat initialized with port 8081 (http)
13:38:12.083 [restartedMain] INFO  o.a.coyote.http11.Http11NioProtocol - Initializing ProtocolHandler ["http-nio-8081"]
13:38:12.086 [restartedMain] INFO  o.a.catalina.core.StandardService - Starting service [Tomcat]
13:38:12.086 [restartedMain] INFO  o.a.catalina.core.StandardEngine - Starting Servlet engine: [Apache Tomcat/10.1.31]
13:38:12.139 [restartedMain] INFO  o.a.c.c.C.[Tomcat].[localhost].[/] - Initializing Spring embedded WebApplicationContext
13:38:12.140 [restartedMain] INFO  o.s.b.w.s.c.ServletWebServerApplicationContext - Root WebApplicationContext: initialization completed in 1595 ms
13:38:12.623 [restartedMain] INFO  c.s.x.m.s.HaskellDerivationFetcher - HaskellDerivationFetcher initialized with base URL: http://localhost:9091
13:38:12.726 [restartedMain] INFO  c.sermas.x.men.service.SettingsStore - Applied persisted vocabulary from C:\Users\Dell\.xmen\settings.json.
13:38:12.727 [restartedMain] INFO  c.sermas.x.men.service.SettingsStore - Applied persisted active theme 'volcanic-red'.
13:38:12.727 [restartedMain] INFO  c.sermas.x.men.service.SettingsStore - Applied persisted UI preferences.
13:38:12.923 [restartedMain] WARN  o.s.b.a.s.s.UserDetailsServiceAutoConfiguration - 

Using generated security password: c12b8ce1-885d-4213-805b-63a3a2284000

This generated password is for development use only. Your security configuration must be updated before running your application in production.

13:38:12.950 [restartedMain] INFO  o.s.s.c.a.a.c.InitializeUserDetailsBeanManagerConfigurer$InitializeUserDetailsManagerConfigurer - Global AuthenticationManager configured with UserDetailsService bean with name inMemoryUserDetailsManager
13:38:13.276 [restartedMain] INFO  o.s.b.a.e.web.EndpointLinksResolver - Exposing 1 endpoint beneath base path '/actuator'
13:38:13.526 [restartedMain] WARN  o.s.b.a.t.ThymeleafAutoConfiguration$DefaultTemplateResolverConfiguration - Cannot find template location: classpath:/templates/ (please add some templates, check your Thymeleaf configuration, or set spring.thymeleaf.check-template-location=false)
13:38:13.702 [restartedMain] INFO  o.s.b.d.a.OptionalLiveReloadServer - LiveReload server is running on port 35729
13:38:13.750 [restartedMain] INFO  o.a.coyote.http11.Http11NioProtocol - Starting ProtocolHandler ["http-nio-8081"]
13:38:13.770 [restartedMain] INFO  o.s.b.w.e.tomcat.TomcatWebServer - Tomcat started on port 8081 (http) with context path '/'
13:38:13.786 [restartedMain] INFO  com.sermas.x.men.Application - Started Application in 3.713 seconds (process running for 4.329)
13:38:13.894 [JavaFX-Launcher] WARN  javafx - Unsupported JavaFX configuration: classes were loaded from 'unnamed module @2473b9ce'
13:38:14.652 [JavaFX Application Thread] INFO  c.s.x.m.user_interface.XMenInterface - Splash video 'X - Men 2.0.mp4' loaded; playing at 1280.0x800.0 with audio.
13:38:26.660 [http-nio-8081-exec-1] INFO  o.a.c.c.C.[Tomcat].[localhost].[/] - Initializing Spring DispatcherServlet 'dispatcherServlet'
13:38:26.660 [http-nio-8081-exec-1] INFO  o.s.web.servlet.DispatcherServlet - Initializing Servlet 'dispatcherServlet'
13:38:26.667 [http-nio-8081-exec-1] INFO  o.s.web.servlet.DispatcherServlet - Completed initialization in 7 ms
13:38:30.427 [http-nio-8081-exec-7] INFO  c.s.x.men.service.VocabularyService - Vocabulary updated via Settings API.
13:39:07.495 [http-nio-8081-exec-7] INFO  c.s.x.men.service.VocabularyService - Vocabulary updated via Settings API.
13:39:07.517 [http-nio-8081-exec-6] INFO  c.sermas.x.men.service.ThemeService - Active theme switched to 'sermas-classic'.
13:47:42.492 [restartedMain] INFO  com.sermas.x.men.Application - Starting Application using Java 21.0.11 with PID 9420 (R:\OneDrive - King's College London\Workspace\Projects\SERMAS_KCL\Repositories\X-Men(Spring-Boot)\X-Men_3.0\target\classes started by Rish in R:\OneDrive - King's College London\Workspace\Projects\SERMAS_KCL\Repositories\X-Men(Spring-Boot)\X-Men_3.0)
13:47:42.494 [restartedMain] INFO  com.sermas.x.men.Application - No active profile set, falling back to 1 default profile: "default"
13:47:42.547 [restartedMain] INFO  o.s.b.d.e.DevToolsPropertyDefaultsPostProcessor - Devtools property defaults active! Set 'spring.devtools.add-properties' to 'false' to disable
13:47:44.302 [restartedMain] INFO  o.s.b.w.e.tomcat.TomcatWebServer - Tomcat initialized with port 8081 (http)
13:47:44.314 [restartedMain] INFO  o.a.coyote.http11.Http11NioProtocol - Initializing ProtocolHandler ["http-nio-8081"]
13:47:44.317 [restartedMain] INFO  o.a.catalina.core.StandardService - Starting service [Tomcat]
13:47:44.318 [restartedMain] INFO  o.a.catalina.core.StandardEngine - Starting Servlet engine: [Apache Tomcat/10.1.31]
13:47:44.363 [restartedMain] INFO  o.a.c.c.C.[Tomcat].[localhost].[/] - Initializing Spring embedded WebApplicationContext
13:47:44.364 [restartedMain] INFO  o.s.b.w.s.c.ServletWebServerApplicationContext - Root WebApplicationContext: initialization completed in 1815 ms
13:47:44.929 [restartedMain] INFO  c.s.x.m.s.HaskellDerivationFetcher - HaskellDerivationFetcher initialized with base URL: http://localhost:9091
13:47:45.025 [restartedMain] INFO  c.sermas.x.men.service.SettingsStore - Applied persisted vocabulary from C:\Users\Dell\.xmen\settings.json.
13:47:45.025 [restartedMain] INFO  c.sermas.x.men.service.SettingsStore - Applied persisted active theme 'sermas-classic'.
13:47:45.025 [restartedMain] INFO  c.sermas.x.men.service.SettingsStore - Applied persisted UI preferences.
13:47:45.173 [restartedMain] WARN  o.s.b.a.s.s.UserDetailsServiceAutoConfiguration - 

Using generated security password: c4b0de1a-cf13-4adc-91e7-4252040aad79

This generated password is for development use only. Your security configuration must be updated before running your application in production.

13:47:45.202 [restartedMain] INFO  o.s.s.c.a.a.c.InitializeUserDetailsBeanManagerConfigurer$InitializeUserDetailsManagerConfigurer - Global AuthenticationManager configured with UserDetailsService bean with name inMemoryUserDetailsManager
13:47:45.578 [restartedMain] INFO  o.s.b.a.e.web.EndpointLinksResolver - Exposing 1 endpoint beneath base path '/actuator'
13:47:45.852 [restartedMain] WARN  o.s.b.a.t.ThymeleafAutoConfiguration$DefaultTemplateResolverConfiguration - Cannot find template location: classpath:/templates/ (please add some templates, check your Thymeleaf configuration, or set spring.thymeleaf.check-template-location=false)
13:47:46.118 [restartedMain] INFO  o.s.b.d.a.OptionalLiveReloadServer - LiveReload server is running on port 35729
13:47:46.175 [restartedMain] INFO  o.a.coyote.http11.Http11NioProtocol - Starting ProtocolHandler ["http-nio-8081"]
13:47:46.200 [restartedMain] INFO  o.s.b.w.e.tomcat.TomcatWebServer - Tomcat started on port 8081 (http) with context path '/'
13:47:46.217 [restartedMain] INFO  com.sermas.x.men.Application - Started Application in 4.14 seconds (process running for 4.697)
13:47:46.336 [JavaFX-Launcher] WARN  javafx - Unsupported JavaFX configuration: classes were loaded from 'unnamed module @2473b9ce'
13:47:47.188 [JavaFX Application Thread] INFO  c.s.x.m.user_interface.XMenInterface - Splash video 'X - Men 2.0.mp4' loaded; playing at 1280.0x800.0 with audio.
13:47:59.636 [http-nio-8081-exec-1] INFO  o.a.c.c.C.[Tomcat].[localhost].[/] - Initializing Spring DispatcherServlet 'dispatcherServlet'
13:47:59.636 [http-nio-8081-exec-1] INFO  o.s.web.servlet.DispatcherServlet - Initializing Servlet 'dispatcherServlet'
13:47:59.640 [http-nio-8081-exec-1] INFO  o.s.web.servlet.DispatcherServlet - Completed initialization in 3 ms
13:51:32.212 [http-nio-8081-exec-9] INFO  c.s.x.men.service.VocabularyService - Vocabulary updated via Settings API.
13:51:35.865 [http-nio-8081-exec-1] INFO  c.s.x.men.service.VocabularyService - Vocabulary updated via Settings API.
13:51:35.893 [http-nio-8081-exec-2] INFO  c.sermas.x.men.service.ThemeService - Active theme switched to 'slate-blue'.
13:52:59.073 [restartedMain] INFO  com.sermas.x.men.Application - Starting Application using Java 21.0.11 with PID 9692 (R:\OneDrive - King's College London\Workspace\Projects\SERMAS_KCL\Repositories\X-Men(Spring-Boot)\X-Men_3.0\target\classes started by Rish in R:\OneDrive - King's College London\Workspace\Projects\SERMAS_KCL\Repositories\X-Men(Spring-Boot)\X-Men_3.0)
13:52:59.074 [restartedMain] INFO  com.sermas.x.men.Application - No active profile set, falling back to 1 default profile: "default"
13:52:59.131 [restartedMain] INFO  o.s.b.d.e.DevToolsPropertyDefaultsPostProcessor - Devtools property defaults active! Set 'spring.devtools.add-properties' to 'false' to disable
13:53:00.766 [restartedMain] INFO  o.s.b.w.e.tomcat.TomcatWebServer - Tomcat initialized with port 8081 (http)
13:53:00.778 [restartedMain] INFO  o.a.coyote.http11.Http11NioProtocol - Initializing ProtocolHandler ["http-nio-8081"]
13:53:00.782 [restartedMain] INFO  o.a.catalina.core.StandardService - Starting service [Tomcat]
13:53:00.783 [restartedMain] INFO  o.a.catalina.core.StandardEngine - Starting Servlet engine: [Apache Tomcat/10.1.31]
13:53:00.832 [restartedMain] INFO  o.a.c.c.C.[Tomcat].[localhost].[/] - Initializing Spring embedded WebApplicationContext
13:53:00.834 [restartedMain] INFO  o.s.b.w.s.c.ServletWebServerApplicationContext - Root WebApplicationContext: initialization completed in 1702 ms
13:53:01.355 [restartedMain] INFO  c.s.x.m.s.HaskellDerivationFetcher - HaskellDerivationFetcher initialized with base URL: http://localhost:9091
13:53:01.474 [restartedMain] INFO  c.sermas.x.men.service.SettingsStore - Applied persisted vocabulary from C:\Users\Dell\.xmen\settings.json.
13:53:01.474 [restartedMain] INFO  c.sermas.x.men.service.SettingsStore - Applied persisted active theme 'slate-blue'.
13:53:01.474 [restartedMain] INFO  c.sermas.x.men.service.SettingsStore - Applied persisted UI preferences.
13:53:01.651 [restartedMain] WARN  o.s.b.a.s.s.UserDetailsServiceAutoConfiguration - 

Using generated security password: 8c4170a1-43ac-42cf-9749-5d38060e07a4

This generated password is for development use only. Your security configuration must be updated before running your application in production.

13:53:01.682 [restartedMain] INFO  o.s.s.c.a.a.c.InitializeUserDetailsBeanManagerConfigurer$InitializeUserDetailsManagerConfigurer - Global AuthenticationManager configured with UserDetailsService bean with name inMemoryUserDetailsManager
13:53:01.991 [restartedMain] INFO  o.s.b.a.e.web.EndpointLinksResolver - Exposing 1 endpoint beneath base path '/actuator'
13:53:02.214 [restartedMain] WARN  o.s.b.a.t.ThymeleafAutoConfiguration$DefaultTemplateResolverConfiguration - Cannot find template location: classpath:/templates/ (please add some templates, check your Thymeleaf configuration, or set spring.thymeleaf.check-template-location=false)
13:53:02.372 [restartedMain] INFO  o.s.b.d.a.OptionalLiveReloadServer - LiveReload server is running on port 35729
13:53:02.419 [restartedMain] INFO  o.a.coyote.http11.Http11NioProtocol - Starting ProtocolHandler ["http-nio-8081"]
13:53:02.437 [restartedMain] INFO  o.s.b.w.e.tomcat.TomcatWebServer - Tomcat started on port 8081 (http) with context path '/'
13:53:02.454 [restartedMain] INFO  com.sermas.x.men.Application - Started Application in 3.843 seconds (process running for 4.461)
13:53:02.540 [JavaFX-Launcher] WARN  javafx - Unsupported JavaFX configuration: classes were loaded from 'unnamed module @2473b9ce'
13:53:03.160 [JavaFX Application Thread] INFO  c.s.x.m.user_interface.XMenInterface - Splash video 'X - Men 2.0.mp4' loaded; playing at 1280.0x800.0 with audio.
13:53:15.566 [http-nio-8081-exec-1] INFO  o.a.c.c.C.[Tomcat].[localhost].[/] - Initializing Spring DispatcherServlet 'dispatcherServlet'
13:53:15.567 [http-nio-8081-exec-1] INFO  o.s.web.servlet.DispatcherServlet - Initializing Servlet 'dispatcherServlet'
13:53:15.569 [http-nio-8081-exec-1] INFO  o.s.web.servlet.DispatcherServlet - Completed initialization in 2 ms
13:53:39.659 [File Watcher] INFO  o.s.b.d.a.LocalDevToolsAutoConfiguration$RestartingClassPathChangeChangedEventListener - Restarting due to 197 class path changes (0 additions, 197 deletions, 0 modifications)
13:54:00.291 [restartedMain] INFO  com.sermas.x.men.Application - Starting Application using Java 21.0.11 with PID 27556 (R:\OneDrive - King's College London\Workspace\Projects\SERMAS_KCL\Repositories\X-Men(Spring-Boot)\X-Men_3.0\target\classes started by Rish in R:\OneDrive - King's College London\Workspace\Projects\SERMAS_KCL\Repositories\X-Men(Spring-Boot)\X-Men_3.0)
13:54:00.293 [restartedMain] INFO  com.sermas.x.men.Application - No active profile set, falling back to 1 default profile: "default"
13:54:00.343 [restartedMain] INFO  o.s.b.d.e.DevToolsPropertyDefaultsPostProcessor - Devtools property defaults active! Set 'spring.devtools.add-properties' to 'false' to disable
13:54:01.868 [restartedMain] INFO  o.s.b.w.e.tomcat.TomcatWebServer - Tomcat initialized with port 8081 (http)
13:54:01.877 [restartedMain] INFO  o.a.coyote.http11.Http11NioProtocol - Initializing ProtocolHandler ["http-nio-8081"]
13:54:01.880 [restartedMain] INFO  o.a.catalina.core.StandardService - Starting service [Tomcat]
13:54:01.880 [restartedMain] INFO  o.a.catalina.core.StandardEngine - Starting Servlet engine: [Apache Tomcat/10.1.31]
13:54:01.925 [restartedMain] INFO  o.a.c.c.C.[Tomcat].[localhost].[/] - Initializing Spring embedded WebApplicationContext
13:54:01.926 [restartedMain] INFO  o.s.b.w.s.c.ServletWebServerApplicationContext - Root WebApplicationContext: initialization completed in 1583 ms
13:54:02.514 [restartedMain] INFO  c.s.x.m.s.HaskellDerivationFetcher - HaskellDerivationFetcher initialized with base URL: http://localhost:9091
13:54:02.645 [restartedMain] INFO  c.sermas.x.men.service.SettingsStore - Applied persisted vocabulary from C:\Users\Dell\.xmen\settings.json.
13:54:02.645 [restartedMain] INFO  c.sermas.x.men.service.SettingsStore - Applied persisted active theme 'slate-blue'.
13:54:02.646 [restartedMain] INFO  c.sermas.x.men.service.SettingsStore - Applied persisted UI preferences.
13:54:02.826 [restartedMain] WARN  o.s.b.a.s.s.UserDetailsServiceAutoConfiguration - 

Using generated security password: a3141bcb-dbdf-4cca-8a84-55bb63f89c6e

This generated password is for development use only. Your security configuration must be updated before running your application in production.

13:54:02.857 [restartedMain] INFO  o.s.s.c.a.a.c.InitializeUserDetailsBeanManagerConfigurer$InitializeUserDetailsManagerConfigurer - Global AuthenticationManager configured with UserDetailsService bean with name inMemoryUserDetailsManager
13:54:03.234 [restartedMain] INFO  o.s.b.a.e.web.EndpointLinksResolver - Exposing 1 endpoint beneath base path '/actuator'
13:54:03.475 [restartedMain] WARN  o.s.b.a.t.ThymeleafAutoConfiguration$DefaultTemplateResolverConfiguration - Cannot find template location: classpath:/templates/ (please add some templates, check your Thymeleaf configuration, or set spring.thymeleaf.check-template-location=false)
13:54:03.640 [restartedMain] INFO  o.s.b.d.a.OptionalLiveReloadServer - LiveReload server is running on port 35729
13:54:03.689 [restartedMain] INFO  o.a.coyote.http11.Http11NioProtocol - Starting ProtocolHandler ["http-nio-8081"]
13:54:03.712 [restartedMain] INFO  o.s.b.w.e.tomcat.TomcatWebServer - Tomcat started on port 8081 (http) with context path '/'
13:54:03.728 [restartedMain] INFO  com.sermas.x.men.Application - Started Application in 3.903 seconds (process running for 4.477)
13:54:03.811 [JavaFX-Launcher] WARN  javafx - Unsupported JavaFX configuration: classes were loaded from 'unnamed module @2473b9ce'
13:54:04.350 [JavaFX Application Thread] INFO  c.s.x.m.user_interface.XMenInterface - Splash video 'X - Men 2.0.mp4' loaded; playing at 1280.0x800.0 with audio.
13:54:16.572 [http-nio-8081-exec-1] INFO  o.a.c.c.C.[Tomcat].[localhost].[/] - Initializing Spring DispatcherServlet 'dispatcherServlet'
13:54:16.572 [http-nio-8081-exec-1] INFO  o.s.web.servlet.DispatcherServlet - Initializing Servlet 'dispatcherServlet'
13:54:16.575 [http-nio-8081-exec-1] INFO  o.s.web.servlet.DispatcherServlet - Completed initialization in 3 ms
13:54:40.254 [http-nio-8081-exec-7] INFO  c.s.x.men.service.VocabularyService - Vocabulary updated via Settings API.
13:54:43.178 [http-nio-8081-exec-10] INFO  c.s.x.men.service.VocabularyService - Vocabulary updated via Settings API.
13:54:43.196 [http-nio-8081-exec-1] INFO  c.sermas.x.men.service.ThemeService - Active theme switched to 'cyber-teal'.
13:55:46.139 [restartedMain] INFO  com.sermas.x.men.Application - Starting Application using Java 21.0.11 with PID 12924 (R:\OneDrive - King's College London\Workspace\Projects\SERMAS_KCL\Repositories\X-Men(Spring-Boot)\X-Men_3.0\target\classes started by Rish in R:\OneDrive - King's College London\Workspace\Projects\SERMAS_KCL\Repositories\X-Men(Spring-Boot)\X-Men_3.0)
13:55:46.141 [restartedMain] INFO  com.sermas.x.men.Application - No active profile set, falling back to 1 default profile: "default"
13:55:46.199 [restartedMain] INFO  o.s.b.d.e.DevToolsPropertyDefaultsPostProcessor - Devtools property defaults active! Set 'spring.devtools.add-properties' to 'false' to disable
13:55:47.703 [restartedMain] INFO  o.s.b.w.e.tomcat.TomcatWebServer - Tomcat initialized with port 8081 (http)
13:55:47.712 [restartedMain] INFO  o.a.coyote.http11.Http11NioProtocol - Initializing ProtocolHandler ["http-nio-8081"]
13:55:47.714 [restartedMain] INFO  o.a.catalina.core.StandardService - Starting service [Tomcat]
13:55:47.714 [restartedMain] INFO  o.a.catalina.core.StandardEngine - Starting Servlet engine: [Apache Tomcat/10.1.31]
13:55:47.760 [restartedMain] INFO  o.a.c.c.C.[Tomcat].[localhost].[/] - Initializing Spring embedded WebApplicationContext
13:55:47.761 [restartedMain] INFO  o.s.b.w.s.c.ServletWebServerApplicationContext - Root WebApplicationContext: initialization completed in 1561 ms
13:55:48.216 [restartedMain] INFO  c.s.x.m.s.HaskellDerivationFetcher - HaskellDerivationFetcher initialized with base URL: http://localhost:9091
13:55:48.312 [restartedMain] INFO  c.sermas.x.men.service.SettingsStore - Applied persisted vocabulary from C:\Users\Dell\.xmen\settings.json.
13:55:48.312 [restartedMain] INFO  c.sermas.x.men.service.SettingsStore - Applied persisted active theme 'cyber-teal'.
13:55:48.313 [restartedMain] INFO  c.sermas.x.men.service.SettingsStore - Applied persisted UI preferences.
13:55:48.464 [restartedMain] WARN  o.s.b.a.s.s.UserDetailsServiceAutoConfiguration - 

Using generated security password: 25eb3408-52b7-4b79-8bd5-12268278f0c6

This generated password is for development use only. Your security configuration must be updated before running your application in production.

13:55:48.500 [restartedMain] INFO  o.s.s.c.a.a.c.InitializeUserDetailsBeanManagerConfigurer$InitializeUserDetailsManagerConfigurer - Global AuthenticationManager configured with UserDetailsService bean with name inMemoryUserDetailsManager
13:55:48.866 [restartedMain] INFO  o.s.b.a.e.web.EndpointLinksResolver - Exposing 1 endpoint beneath base path '/actuator'
13:55:49.139 [restartedMain] WARN  o.s.b.a.t.ThymeleafAutoConfiguration$DefaultTemplateResolverConfiguration - Cannot find template location: classpath:/templates/ (please add some templates, check your Thymeleaf configuration, or set spring.thymeleaf.check-template-location=false)
13:55:49.293 [restartedMain] INFO  o.s.b.d.a.OptionalLiveReloadServer - LiveReload server is running on port 35729
13:55:49.346 [restartedMain] INFO  o.a.coyote.http11.Http11NioProtocol - Starting ProtocolHandler ["http-nio-8081"]
13:55:49.362 [restartedMain] INFO  o.s.b.w.e.tomcat.TomcatWebServer - Tomcat started on port 8081 (http) with context path '/'
13:55:49.375 [restartedMain] INFO  com.sermas.x.men.Application - Started Application in 3.644 seconds (process running for 4.165)
13:55:49.454 [JavaFX-Launcher] WARN  javafx - Unsupported JavaFX configuration: classes were loaded from 'unnamed module @2473b9ce'
13:55:50.077 [JavaFX Application Thread] INFO  c.s.x.m.user_interface.XMenInterface - Splash video 'X - Men 2.0.mp4' loaded; playing at 1280.0x800.0 with audio.
13:56:02.107 [http-nio-8081-exec-1] INFO  o.a.c.c.C.[Tomcat].[localhost].[/] - Initializing Spring DispatcherServlet 'dispatcherServlet'
13:56:02.108 [http-nio-8081-exec-1] INFO  o.s.web.servlet.DispatcherServlet - Initializing Servlet 'dispatcherServlet'
13:56:02.110 [http-nio-8081-exec-1] INFO  o.s.web.servlet.DispatcherServlet - Completed initialization in 2 ms
13:56:25.691 [File Watcher] INFO  o.s.b.d.a.LocalDevToolsAutoConfiguration$RestartingClassPathChangeChangedEventListener - Restarting due to 165 class path changes (0 additions, 165 deletions, 0 modifications)
13:57:08.148 [restartedMain] INFO  com.sermas.x.men.Application - Starting Application using Java 21.0.11 with PID 9140 (R:\OneDrive - King's College London\Workspace\Projects\SERMAS_KCL\Repositories\X-Men(Spring-Boot)\X-Men_3.0\target\classes started by Rish in R:\OneDrive - King's College London\Workspace\Projects\SERMAS_KCL\Repositories\X-Men(Spring-Boot)\X-Men_3.0)
13:57:08.149 [restartedMain] INFO  com.sermas.x.men.Application - No active profile set, falling back to 1 default profile: "default"
13:57:08.201 [restartedMain] INFO  o.s.b.d.e.DevToolsPropertyDefaultsPostProcessor - Devtools property defaults active! Set 'spring.devtools.add-properties' to 'false' to disable
13:57:09.841 [restartedMain] INFO  o.s.b.w.e.tomcat.TomcatWebServer - Tomcat initialized with port 8081 (http)
13:57:09.850 [restartedMain] INFO  o.a.coyote.http11.Http11NioProtocol - Initializing ProtocolHandler ["http-nio-8081"]
13:57:09.852 [restartedMain] INFO  o.a.catalina.core.StandardService - Starting service [Tomcat]
13:57:09.853 [restartedMain] INFO  o.a.catalina.core.StandardEngine - Starting Servlet engine: [Apache Tomcat/10.1.31]
13:57:09.896 [restartedMain] INFO  o.a.c.c.C.[Tomcat].[localhost].[/] - Initializing Spring embedded WebApplicationContext
13:57:09.897 [restartedMain] INFO  o.s.b.w.s.c.ServletWebServerApplicationContext - Root WebApplicationContext: initialization completed in 1694 ms
13:57:10.420 [restartedMain] INFO  c.s.x.m.s.HaskellDerivationFetcher - HaskellDerivationFetcher initialized with base URL: http://localhost:9091
13:57:10.529 [restartedMain] INFO  c.sermas.x.men.service.SettingsStore - Applied persisted vocabulary from C:\Users\Dell\.xmen\settings.json.
13:57:10.530 [restartedMain] INFO  c.sermas.x.men.service.SettingsStore - Applied persisted active theme 'cyber-teal'.
13:57:10.530 [restartedMain] INFO  c.sermas.x.men.service.SettingsStore - Applied persisted UI preferences.
13:57:10.685 [restartedMain] WARN  o.s.b.a.s.s.UserDetailsServiceAutoConfiguration - 

Using generated security password: 19e2b30b-0359-4738-b19c-4fdcd4fc1bfb

This generated password is for development use only. Your security configuration must be updated before running your application in production.

13:57:10.721 [restartedMain] INFO  o.s.s.c.a.a.c.InitializeUserDetailsBeanManagerConfigurer$InitializeUserDetailsManagerConfigurer - Global AuthenticationManager configured with UserDetailsService bean with name inMemoryUserDetailsManager
13:57:11.074 [restartedMain] INFO  o.s.b.a.e.web.EndpointLinksResolver - Exposing 1 endpoint beneath base path '/actuator'
13:57:11.299 [restartedMain] WARN  o.s.b.a.t.ThymeleafAutoConfiguration$DefaultTemplateResolverConfiguration - Cannot find template location: classpath:/templates/ (please add some templates, check your Thymeleaf configuration, or set spring.thymeleaf.check-template-location=false)
13:57:11.486 [restartedMain] INFO  o.s.b.d.a.OptionalLiveReloadServer - LiveReload server is running on port 35729
13:57:11.528 [restartedMain] INFO  o.a.coyote.http11.Http11NioProtocol - Starting ProtocolHandler ["http-nio-8081"]
13:57:11.542 [restartedMain] INFO  o.s.b.w.e.tomcat.TomcatWebServer - Tomcat started on port 8081 (http) with context path '/'
13:57:11.556 [restartedMain] INFO  com.sermas.x.men.Application - Started Application in 3.804 seconds (process running for 4.37)
13:57:11.637 [JavaFX-Launcher] WARN  javafx - Unsupported JavaFX configuration: classes were loaded from 'unnamed module @2473b9ce'
13:57:12.215 [JavaFX Application Thread] INFO  c.s.x.m.user_interface.XMenInterface - Splash video 'X - Men 2.0.mp4' loaded; playing at 1280.0x800.0 with audio.
13:57:24.587 [http-nio-8081-exec-2] INFO  o.a.c.c.C.[Tomcat].[localhost].[/] - Initializing Spring DispatcherServlet 'dispatcherServlet'
13:57:24.588 [http-nio-8081-exec-2] INFO  o.s.web.servlet.DispatcherServlet - Initializing Servlet 'dispatcherServlet'
13:57:24.591 [http-nio-8081-exec-2] INFO  o.s.web.servlet.DispatcherServlet - Completed initialization in 3 ms
14:07:26.393 [JavaFX Application Thread] INFO  c.s.x.m.s.chatbot.ChatBotService - Extracted 6 AIML brain resources into C:\Users\Dell\AppData\Local\Temp\xmen-aiml-16386360062233149333\xmen
14:07:26.394 [JavaFX Application Thread] INFO  c.s.x.m.s.chatbot.ChatBotService - Loading X-Men AIML brain from C:\Users\Dell\AppData\Local\Temp\xmen-aiml-16386360062233149333\xmen\
14:07:26.659 [JavaFX Application Thread] INFO  c.s.x.m.s.chatbot.ChatBotService - ChatBotService status: AIML brain loaded from C:\Users\Dell\AppData\Local\Temp\xmen-aiml-16386360062233149333\xmen\
14:08:06.229 [http-nio-8081-exec-3] INFO  c.s.x.men.service.VocabularyService - Vocabulary updated via Settings API.
14:08:25.264 [http-nio-8081-exec-3] INFO  c.s.x.men.service.VocabularyService - Vocabulary updated via Settings API.
14:08:25.290 [http-nio-8081-exec-8] INFO  c.sermas.x.men.service.ThemeService - Active theme switched to 'ocean-cobalt'.
14:25:14.263 [http-nio-8081-exec-1] INFO  c.s.x.men.service.VocabularyService - Vocabulary updated via Settings API.
14:29:06.221 [http-nio-8081-exec-10] INFO  c.s.x.men.service.VocabularyService - Vocabulary updated via Settings API.
15:12:16.809 [restartedMain] INFO  com.sermas.x.men.Application - Starting Application using Java 21.0.11 with PID 17028 (R:\OneDrive - King's College London\Workspace\Projects\SERMAS_KCL\Repositories\X-Men(Spring-Boot)\X-Men_3.0\target\classes started by Rish in R:\OneDrive - King's College London\Workspace\Projects\SERMAS_KCL\Repositories\X-Men(Spring-Boot)\X-Men_3.0)
15:12:16.811 [restartedMain] INFO  com.sermas.x.men.Application - No active profile set, falling back to 1 default profile: "default"
15:12:16.863 [restartedMain] INFO  o.s.b.d.e.DevToolsPropertyDefaultsPostProcessor - Devtools property defaults active! Set 'spring.devtools.add-properties' to 'false' to disable
15:12:18.599 [restartedMain] INFO  o.s.b.w.e.tomcat.TomcatWebServer - Tomcat initialized with port 8081 (http)
15:12:18.608 [restartedMain] INFO  o.a.coyote.http11.Http11NioProtocol - Initializing ProtocolHandler ["http-nio-8081"]
15:12:18.612 [restartedMain] INFO  o.a.catalina.core.StandardService - Starting service [Tomcat]
15:12:18.612 [restartedMain] INFO  o.a.catalina.core.StandardEngine - Starting Servlet engine: [Apache Tomcat/10.1.31]
15:12:18.661 [restartedMain] INFO  o.a.c.c.C.[Tomcat].[localhost].[/] - Initializing Spring embedded WebApplicationContext
15:12:18.662 [restartedMain] INFO  o.s.b.w.s.c.ServletWebServerApplicationContext - Root WebApplicationContext: initialization completed in 1798 ms
15:12:19.265 [restartedMain] INFO  c.s.x.m.s.HaskellDerivationFetcher - HaskellDerivationFetcher initialized with base URL: http://localhost:9091
15:12:19.395 [restartedMain] INFO  c.sermas.x.men.service.SettingsStore - Applied persisted vocabulary from C:\Users\Dell\.xmen\settings.json.
15:12:19.396 [restartedMain] INFO  c.sermas.x.men.service.SettingsStore - Applied persisted active theme 'ocean-cobalt'.
15:12:19.396 [restartedMain] INFO  c.sermas.x.men.service.SettingsStore - Applied persisted UI preferences.
15:12:19.626 [restartedMain] WARN  o.s.b.a.s.s.UserDetailsServiceAutoConfiguration - 

Using generated security password: 07480f91-9ae2-47df-a3d9-cdd7064b2a39

This generated password is for development use only. Your security configuration must be updated before running your application in production.

15:12:19.672 [restartedMain] INFO  o.s.s.c.a.a.c.InitializeUserDetailsBeanManagerConfigurer$InitializeUserDetailsManagerConfigurer - Global AuthenticationManager configured with UserDetailsService bean with name inMemoryUserDetailsManager
15:12:20.115 [restartedMain] INFO  o.s.b.a.e.web.EndpointLinksResolver - Exposing 1 endpoint beneath base path '/actuator'
15:12:20.420 [restartedMain] WARN  o.s.b.a.t.ThymeleafAutoConfiguration$DefaultTemplateResolverConfiguration - Cannot find template location: classpath:/templates/ (please add some templates, check your Thymeleaf configuration, or set spring.thymeleaf.check-template-location=false)
15:12:20.662 [restartedMain] INFO  o.s.b.d.a.OptionalLiveReloadServer - LiveReload server is running on port 35729
15:12:20.727 [restartedMain] INFO  o.a.coyote.http11.Http11NioProtocol - Starting ProtocolHandler ["http-nio-8081"]
15:12:20.755 [restartedMain] INFO  o.s.b.w.e.tomcat.TomcatWebServer - Tomcat started on port 8081 (http) with context path '/'
15:12:20.775 [restartedMain] INFO  com.sermas.x.men.Application - Started Application in 4.417 seconds (process running for 5.082)
15:12:20.945 [JavaFX-Launcher] WARN  javafx - Unsupported JavaFX configuration: classes were loaded from 'unnamed module @2473b9ce'
15:12:21.885 [JavaFX Application Thread] INFO  c.s.x.m.user_interface.XMenInterface - Splash video 'X - Men 2.0.mp4' loaded; playing at 1280.0x800.0 with audio.
15:12:34.249 [http-nio-8081-exec-1] INFO  o.a.c.c.C.[Tomcat].[localhost].[/] - Initializing Spring DispatcherServlet 'dispatcherServlet'
15:12:34.250 [http-nio-8081-exec-1] INFO  o.s.web.servlet.DispatcherServlet - Initializing Servlet 'dispatcherServlet'
15:12:34.254 [http-nio-8081-exec-1] INFO  o.s.web.servlet.DispatcherServlet - Completed initialization in 4 ms
15:12:41.885 [JavaFX Application Thread] INFO  c.s.x.m.s.chatbot.ChatBotService - Extracted 6 AIML brain resources into C:\Users\Dell\AppData\Local\Temp\xmen-aiml-13313271012363550980\xmen
15:12:41.885 [JavaFX Application Thread] INFO  c.s.x.m.s.chatbot.ChatBotService - Loading X-Men AIML brain from C:\Users\Dell\AppData\Local\Temp\xmen-aiml-13313271012363550980\xmen\
15:12:42.015 [JavaFX Application Thread] INFO  c.s.x.m.s.chatbot.ChatBotService - ChatBotService status: AIML brain loaded from C:\Users\Dell\AppData\Local\Temp\xmen-aiml-13313271012363550980\xmen\
15:22:18.359 [http-nio-8081-exec-7] INFO  c.s.x.men.service.VocabularyService - Vocabulary updated via Settings API.
15:37:08.256 [restartedMain] INFO  com.sermas.x.men.Application - Starting Application using Java 21.0.11 with PID 32040 (R:\OneDrive - King's College London\Workspace\Projects\SERMAS_KCL\Repositories\X-Men(Spring-Boot)\X-Men_3.0\target\classes started by Rish in R:\OneDrive - King's College London\Workspace\Projects\SERMAS_KCL\Repositories\X-Men(Spring-Boot)\X-Men_3.0)
15:37:08.258 [restartedMain] INFO  com.sermas.x.men.Application - No active profile set, falling back to 1 default profile: "default"
15:37:08.308 [restartedMain] INFO  o.s.b.d.e.DevToolsPropertyDefaultsPostProcessor - Devtools property defaults active! Set 'spring.devtools.add-properties' to 'false' to disable
15:37:10.005 [restartedMain] INFO  o.s.b.w.e.tomcat.TomcatWebServer - Tomcat initialized with port 8081 (http)
15:37:10.016 [restartedMain] INFO  o.a.coyote.http11.Http11NioProtocol - Initializing ProtocolHandler ["http-nio-8081"]
15:37:10.019 [restartedMain] INFO  o.a.catalina.core.StandardService - Starting service [Tomcat]
15:37:10.020 [restartedMain] INFO  o.a.catalina.core.StandardEngine - Starting Servlet engine: [Apache Tomcat/10.1.31]
15:37:10.071 [restartedMain] INFO  o.a.c.c.C.[Tomcat].[localhost].[/] - Initializing Spring embedded WebApplicationContext
15:37:10.072 [restartedMain] INFO  o.s.b.w.s.c.ServletWebServerApplicationContext - Root WebApplicationContext: initialization completed in 1762 ms
15:37:10.656 [restartedMain] INFO  c.s.x.m.s.HaskellDerivationFetcher - HaskellDerivationFetcher initialized with base URL: http://localhost:9091
15:37:10.747 [restartedMain] INFO  c.sermas.x.men.service.SettingsStore - Applied persisted vocabulary from C:\Users\Dell\.xmen\settings.json.
15:37:10.747 [restartedMain] INFO  c.sermas.x.men.service.SettingsStore - Applied persisted active theme 'ocean-cobalt'.
15:37:10.748 [restartedMain] INFO  c.sermas.x.men.service.SettingsStore - Applied persisted UI preferences.
15:37:10.894 [restartedMain] WARN  o.s.b.a.s.s.UserDetailsServiceAutoConfiguration - 

Using generated security password: e91780ab-4660-4d06-b059-578760fb89cd

This generated password is for development use only. Your security configuration must be updated before running your application in production.

15:37:10.927 [restartedMain] INFO  o.s.s.c.a.a.c.InitializeUserDetailsBeanManagerConfigurer$InitializeUserDetailsManagerConfigurer - Global AuthenticationManager configured with UserDetailsService bean with name inMemoryUserDetailsManager
15:37:11.265 [restartedMain] INFO  o.s.b.a.e.web.EndpointLinksResolver - Exposing 1 endpoint beneath base path '/actuator'
15:37:11.482 [restartedMain] WARN  o.s.b.a.t.ThymeleafAutoConfiguration$DefaultTemplateResolverConfiguration - Cannot find template location: classpath:/templates/ (please add some templates, check your Thymeleaf configuration, or set spring.thymeleaf.check-template-location=false)
15:37:11.635 [restartedMain] INFO  o.s.b.d.a.OptionalLiveReloadServer - LiveReload server is running on port 35729
15:37:11.675 [restartedMain] INFO  o.a.coyote.http11.Http11NioProtocol - Starting ProtocolHandler ["http-nio-8081"]
15:37:11.692 [restartedMain] INFO  o.s.b.w.e.tomcat.TomcatWebServer - Tomcat started on port 8081 (http) with context path '/'
15:37:11.704 [restartedMain] INFO  com.sermas.x.men.Application - Started Application in 3.871 seconds (process running for 4.46)
15:37:11.791 [JavaFX-Launcher] WARN  javafx - Unsupported JavaFX configuration: classes were loaded from 'unnamed module @2473b9ce'
15:37:12.479 [JavaFX Application Thread] INFO  c.s.x.m.user_interface.XMenInterface - Splash video 'X - Men 2.0.mp4' loaded; playing at 1280.0x800.0 with audio.
15:37:24.784 [http-nio-8081-exec-1] INFO  o.a.c.c.C.[Tomcat].[localhost].[/] - Initializing Spring DispatcherServlet 'dispatcherServlet'
15:37:24.784 [http-nio-8081-exec-1] INFO  o.s.web.servlet.DispatcherServlet - Initializing Servlet 'dispatcherServlet'
15:37:24.788 [http-nio-8081-exec-1] INFO  o.s.web.servlet.DispatcherServlet - Completed initialization in 3 ms
15:37:28.810 [http-nio-8081-exec-3] INFO  c.s.x.men.service.VocabularyService - Vocabulary updated via Settings API.
15:38:09.238 [http-nio-8081-exec-8] INFO  c.s.x.men.service.VocabularyService - Vocabulary updated via Settings API.
15:38:13.182 [http-nio-8081-exec-3] INFO  c.s.x.men.service.VocabularyService - Vocabulary updated via Settings API.
15:38:13.203 [http-nio-8081-exec-7] INFO  c.sermas.x.men.service.ThemeService - Active theme switched to 'slate-blue'.
15:38:15.387 [http-nio-8081-exec-5] INFO  c.s.x.men.service.VocabularyService - Vocabulary updated via Settings API.
15:38:19.190 [http-nio-8081-exec-9] INFO  c.s.x.men.service.VocabularyService - Vocabulary updated via Settings API.
15:38:19.196 [http-nio-8081-exec-2] INFO  c.sermas.x.men.service.ThemeService - Active theme switched to 'arctic-ice'.
15:39:41.684 [restartedMain] INFO  com.sermas.x.men.Application - Starting Application using Java 21.0.11 with PID 21728 (R:\OneDrive - King's College London\Workspace\Projects\SERMAS_KCL\Repositories\X-Men(Spring-Boot)\X-Men_3.0\target\classes started by Rish in R:\OneDrive - King's College London\Workspace\Projects\SERMAS_KCL\Repositories\X-Men(Spring-Boot)\X-Men_3.0)
15:39:41.686 [restartedMain] INFO  com.sermas.x.men.Application - No active profile set, falling back to 1 default profile: "default"
15:39:41.727 [restartedMain] INFO  o.s.b.d.e.DevToolsPropertyDefaultsPostProcessor - Devtools property defaults active! Set 'spring.devtools.add-properties' to 'false' to disable
15:39:43.281 [restartedMain] INFO  o.s.b.w.e.tomcat.TomcatWebServer - Tomcat initialized with port 8081 (http)
15:39:43.291 [restartedMain] INFO  o.a.coyote.http11.Http11NioProtocol - Initializing ProtocolHandler ["http-nio-8081"]
15:39:43.294 [restartedMain] INFO  o.a.catalina.core.StandardService - Starting service [Tomcat]
15:39:43.294 [restartedMain] INFO  o.a.catalina.core.StandardEngine - Starting Servlet engine: [Apache Tomcat/10.1.31]
15:39:43.339 [restartedMain] INFO  o.a.c.c.C.[Tomcat].[localhost].[/] - Initializing Spring embedded WebApplicationContext
15:39:43.340 [restartedMain] INFO  o.s.b.w.s.c.ServletWebServerApplicationContext - Root WebApplicationContext: initialization completed in 1611 ms
15:39:43.786 [restartedMain] INFO  c.s.x.m.s.HaskellDerivationFetcher - HaskellDerivationFetcher initialized with base URL: http://localhost:9091
15:39:43.889 [restartedMain] INFO  c.sermas.x.men.service.SettingsStore - Applied persisted vocabulary from C:\Users\Dell\.xmen\settings.json.
15:39:43.889 [restartedMain] INFO  c.sermas.x.men.service.SettingsStore - Applied persisted active theme 'arctic-ice'.
15:39:43.889 [restartedMain] INFO  c.sermas.x.men.service.SettingsStore - Applied persisted UI preferences.
15:39:44.055 [restartedMain] WARN  o.s.b.a.s.s.UserDetailsServiceAutoConfiguration - 

Using generated security password: 941e3d87-3304-44f8-a56a-1e8bf060d1c9

This generated password is for development use only. Your security configuration must be updated before running your application in production.

15:39:44.079 [restartedMain] INFO  o.s.s.c.a.a.c.InitializeUserDetailsBeanManagerConfigurer$InitializeUserDetailsManagerConfigurer - Global AuthenticationManager configured with UserDetailsService bean with name inMemoryUserDetailsManager
15:39:44.387 [restartedMain] INFO  o.s.b.a.e.web.EndpointLinksResolver - Exposing 1 endpoint beneath base path '/actuator'
15:39:44.612 [restartedMain] WARN  o.s.b.a.t.ThymeleafAutoConfiguration$DefaultTemplateResolverConfiguration - Cannot find template location: classpath:/templates/ (please add some templates, check your Thymeleaf configuration, or set spring.thymeleaf.check-template-location=false)
15:39:44.783 [restartedMain] INFO  o.s.b.d.a.OptionalLiveReloadServer - LiveReload server is running on port 35729
15:39:44.826 [restartedMain] INFO  o.a.coyote.http11.Http11NioProtocol - Starting ProtocolHandler ["http-nio-8081"]
15:39:44.845 [restartedMain] INFO  o.s.b.w.e.tomcat.TomcatWebServer - Tomcat started on port 8081 (http) with context path '/'
15:39:44.861 [restartedMain] INFO  com.sermas.x.men.Application - Started Application in 3.602 seconds (process running for 4.32)
15:39:44.946 [JavaFX-Launcher] WARN  javafx - Unsupported JavaFX configuration: classes were loaded from 'unnamed module @2473b9ce'
15:39:45.546 [JavaFX Application Thread] INFO  c.s.x.m.user_interface.XMenInterface - Splash video 'X - Men 2.0.mp4' loaded; playing at 1280.0x800.0 with audio.
15:39:57.796 [http-nio-8081-exec-2] INFO  o.a.c.c.C.[Tomcat].[localhost].[/] - Initializing Spring DispatcherServlet 'dispatcherServlet'
15:39:57.797 [http-nio-8081-exec-2] INFO  o.s.web.servlet.DispatcherServlet - Initializing Servlet 'dispatcherServlet'
15:39:57.800 [http-nio-8081-exec-2] INFO  o.s.web.servlet.DispatcherServlet - Completed initialization in 3 ms
15:45:30.585 [restartedMain] INFO  com.sermas.x.men.Application - Starting Application using Java 21.0.11 with PID 10368 (R:\OneDrive - King's College London\Workspace\Projects\SERMAS_KCL\Repositories\X-Men(Spring-Boot)\X-Men_3.0\target\classes started by Rish in R:\OneDrive - King's College London\Workspace\Projects\SERMAS_KCL\Repositories\X-Men(Spring-Boot)\X-Men_3.0)
15:45:30.586 [restartedMain] INFO  com.sermas.x.men.Application - No active profile set, falling back to 1 default profile: "default"
15:45:30.643 [restartedMain] INFO  o.s.b.d.e.DevToolsPropertyDefaultsPostProcessor - Devtools property defaults active! Set 'spring.devtools.add-properties' to 'false' to disable
15:45:32.274 [restartedMain] INFO  o.s.b.w.e.tomcat.TomcatWebServer - Tomcat initialized with port 8081 (http)
15:45:32.284 [restartedMain] INFO  o.a.coyote.http11.Http11NioProtocol - Initializing ProtocolHandler ["http-nio-8081"]
15:45:32.286 [restartedMain] INFO  o.a.catalina.core.StandardService - Starting service [Tomcat]
15:45:32.288 [restartedMain] INFO  o.a.catalina.core.StandardEngine - Starting Servlet engine: [Apache Tomcat/10.1.31]
15:45:32.329 [restartedMain] INFO  o.a.c.c.C.[Tomcat].[localhost].[/] - Initializing Spring embedded WebApplicationContext
15:45:32.330 [restartedMain] INFO  o.s.b.w.s.c.ServletWebServerApplicationContext - Root WebApplicationContext: initialization completed in 1686 ms
15:45:32.886 [restartedMain] INFO  c.s.x.m.s.HaskellDerivationFetcher - HaskellDerivationFetcher initialized with base URL: http://localhost:9091
15:45:32.992 [restartedMain] INFO  c.sermas.x.men.service.SettingsStore - Applied persisted vocabulary from C:\Users\Dell\.xmen\settings.json.
15:45:32.993 [restartedMain] INFO  c.sermas.x.men.service.SettingsStore - Applied persisted active theme 'arctic-ice'.
15:45:32.993 [restartedMain] INFO  c.sermas.x.men.service.SettingsStore - Applied persisted UI preferences.
15:45:33.184 [restartedMain] WARN  o.s.b.a.s.s.UserDetailsServiceAutoConfiguration - 

Using generated security password: 5328128b-b278-425d-aaea-8522b4bc3517

This generated password is for development use only. Your security configuration must be updated before running your application in production.

15:45:33.211 [restartedMain] INFO  o.s.s.c.a.a.c.InitializeUserDetailsBeanManagerConfigurer$InitializeUserDetailsManagerConfigurer - Global AuthenticationManager configured with UserDetailsService bean with name inMemoryUserDetailsManager
15:45:33.589 [restartedMain] INFO  o.s.b.a.e.web.EndpointLinksResolver - Exposing 1 endpoint beneath base path '/actuator'
15:45:33.866 [restartedMain] WARN  o.s.b.a.t.ThymeleafAutoConfiguration$DefaultTemplateResolverConfiguration - Cannot find template location: classpath:/templates/ (please add some templates, check your Thymeleaf configuration, or set spring.thymeleaf.check-template-location=false)
15:45:34.076 [restartedMain] INFO  o.s.b.d.a.OptionalLiveReloadServer - LiveReload server is running on port 35729
15:45:34.135 [restartedMain] INFO  o.a.coyote.http11.Http11NioProtocol - Starting ProtocolHandler ["http-nio-8081"]
15:45:34.159 [restartedMain] INFO  o.s.b.w.e.tomcat.TomcatWebServer - Tomcat started on port 8081 (http) with context path '/'
15:45:34.173 [restartedMain] INFO  com.sermas.x.men.Application - Started Application in 4.017 seconds (process running for 4.645)
15:45:34.290 [JavaFX-Launcher] WARN  javafx - Unsupported JavaFX configuration: classes were loaded from 'unnamed module @2473b9ce'
15:45:34.972 [JavaFX Application Thread] INFO  c.s.x.m.user_interface.XMenInterface - Splash video 'X - Men 2.0.mp4' loaded; playing at 1280.0x800.0 with audio.
15:45:47.361 [http-nio-8081-exec-2] INFO  o.a.c.c.C.[Tomcat].[localhost].[/] - Initializing Spring DispatcherServlet 'dispatcherServlet'
15:45:47.362 [http-nio-8081-exec-2] INFO  o.s.web.servlet.DispatcherServlet - Initializing Servlet 'dispatcherServlet'
15:45:47.365 [http-nio-8081-exec-2] INFO  o.s.web.servlet.DispatcherServlet - Completed initialization in 3 ms
15:48:00.989 [JavaFX Application Thread] INFO  c.s.x.m.s.chatbot.ChatBotService - Extracted 6 AIML brain resources into C:\Users\Dell\AppData\Local\Temp\xmen-aiml-376581193227156862\xmen
15:48:00.989 [JavaFX Application Thread] INFO  c.s.x.m.s.chatbot.ChatBotService - Loading X-Men AIML brain from C:\Users\Dell\AppData\Local\Temp\xmen-aiml-376581193227156862\xmen\
15:48:01.366 [JavaFX Application Thread] INFO  c.s.x.m.s.chatbot.ChatBotService - ChatBotService status: AIML brain loaded from C:\Users\Dell\AppData\Local\Temp\xmen-aiml-376581193227156862\xmen\
15:48:07.524 [http-nio-8081-exec-9] INFO  c.s.x.men.service.VocabularyService - Vocabulary updated via Settings API.
15:48:10.454 [http-nio-8081-exec-3] INFO  c.s.x.men.service.VocabularyService - Vocabulary updated via Settings API.
15:48:10.473 [http-nio-8081-exec-4] INFO  c.sermas.x.men.service.ThemeService - Active theme switched to 'garden-mint'.
15:50:15.370 [restartedMain] INFO  com.sermas.x.men.Application - Starting Application using Java 21.0.11 with PID 4848 (R:\OneDrive - King's College London\Workspace\Projects\SERMAS_KCL\Repositories\X-Men(Spring-Boot)\X-Men_3.0\target\classes started by Rish in R:\OneDrive - King's College London\Workspace\Projects\SERMAS_KCL\Repositories\X-Men(Spring-Boot)\X-Men_3.0)
15:50:15.372 [restartedMain] INFO  com.sermas.x.men.Application - No active profile set, falling back to 1 default profile: "default"
15:50:15.420 [restartedMain] INFO  o.s.b.d.e.DevToolsPropertyDefaultsPostProcessor - Devtools property defaults active! Set 'spring.devtools.add-properties' to 'false' to disable
15:50:16.812 [restartedMain] INFO  o.s.b.w.e.tomcat.TomcatWebServer - Tomcat initialized with port 8081 (http)
15:50:16.822 [restartedMain] INFO  o.a.coyote.http11.Http11NioProtocol - Initializing ProtocolHandler ["http-nio-8081"]
15:50:16.825 [restartedMain] INFO  o.a.catalina.core.StandardService - Starting service [Tomcat]
15:50:16.826 [restartedMain] INFO  o.a.catalina.core.StandardEngine - Starting Servlet engine: [Apache Tomcat/10.1.31]
15:50:16.875 [restartedMain] INFO  o.a.c.c.C.[Tomcat].[localhost].[/] - Initializing Spring embedded WebApplicationContext
15:50:16.876 [restartedMain] INFO  o.s.b.w.s.c.ServletWebServerApplicationContext - Root WebApplicationContext: initialization completed in 1454 ms
15:50:17.309 [restartedMain] INFO  c.s.x.m.s.HaskellDerivationFetcher - HaskellDerivationFetcher initialized with base URL: http://localhost:9091
15:50:17.404 [restartedMain] INFO  c.sermas.x.men.service.SettingsStore - Applied persisted vocabulary from C:\Users\Dell\.xmen\settings.json.
15:50:17.405 [restartedMain] INFO  c.sermas.x.men.service.SettingsStore - Applied persisted active theme 'garden-mint'.
15:50:17.405 [restartedMain] INFO  c.sermas.x.men.service.SettingsStore - Applied persisted UI preferences.
15:50:17.563 [restartedMain] WARN  o.s.b.a.s.s.UserDetailsServiceAutoConfiguration - 

Using generated security password: 8106c0d6-1b51-4be7-bc42-4248cf107a00

This generated password is for development use only. Your security configuration must be updated before running your application in production.

15:50:17.591 [restartedMain] INFO  o.s.s.c.a.a.c.InitializeUserDetailsBeanManagerConfigurer$InitializeUserDetailsManagerConfigurer - Global AuthenticationManager configured with UserDetailsService bean with name inMemoryUserDetailsManager
15:50:17.907 [restartedMain] INFO  o.s.b.a.e.web.EndpointLinksResolver - Exposing 1 endpoint beneath base path '/actuator'
15:50:18.166 [restartedMain] WARN  o.s.b.a.t.ThymeleafAutoConfiguration$DefaultTemplateResolverConfiguration - Cannot find template location: classpath:/templates/ (please add some templates, check your Thymeleaf configuration, or set spring.thymeleaf.check-template-location=false)
15:50:18.314 [restartedMain] INFO  o.s.b.d.a.OptionalLiveReloadServer - LiveReload server is running on port 35729
15:50:18.365 [restartedMain] INFO  o.a.coyote.http11.Http11NioProtocol - Starting ProtocolHandler ["http-nio-8081"]
15:50:18.382 [restartedMain] INFO  o.s.b.w.e.tomcat.TomcatWebServer - Tomcat started on port 8081 (http) with context path '/'
15:50:18.398 [restartedMain] INFO  com.sermas.x.men.Application - Started Application in 3.412 seconds (process running for 3.959)
15:50:18.491 [JavaFX-Launcher] WARN  javafx - Unsupported JavaFX configuration: classes were loaded from 'unnamed module @2473b9ce'
15:50:18.981 [JavaFX Application Thread] INFO  c.s.x.m.user_interface.XMenInterface - Splash video 'X - Men 2.0.mp4' loaded; playing at 1280.0x800.0 with audio.
15:50:20.377 [http-nio-8081-exec-1] INFO  o.a.c.c.C.[Tomcat].[localhost].[/] - Initializing Spring DispatcherServlet 'dispatcherServlet'
15:50:20.377 [http-nio-8081-exec-1] INFO  o.s.web.servlet.DispatcherServlet - Initializing Servlet 'dispatcherServlet'
15:50:20.380 [http-nio-8081-exec-1] INFO  o.s.web.servlet.DispatcherServlet - Completed initialization in 3 ms
15:50:23.454 [JavaFX Application Thread] INFO  c.s.x.m.s.chatbot.ChatBotService - Extracted 6 AIML brain resources into C:\Users\Dell\AppData\Local\Temp\xmen-aiml-962477798376213769\xmen
15:50:23.454 [JavaFX Application Thread] INFO  c.s.x.m.s.chatbot.ChatBotService - Loading X-Men AIML brain from C:\Users\Dell\AppData\Local\Temp\xmen-aiml-962477798376213769\xmen\
15:50:23.562 [JavaFX Application Thread] INFO  c.s.x.m.s.chatbot.ChatBotService - ChatBotService status: AIML brain loaded from C:\Users\Dell\AppData\Local\Temp\xmen-aiml-962477798376213769\xmen\
15:50:58.717 [File Watcher] INFO  o.s.b.d.a.LocalDevToolsAutoConfiguration$RestartingClassPathChangeChangedEventListener - Restarting due to 199 class path changes (0 additions, 199 deletions, 0 modifications)
15:50:58.733 [Thread-5] INFO  o.a.coyote.http11.Http11NioProtocol - Stopping ProtocolHandler ["http-nio-8081"]
15:51:42.941 [restartedMain] INFO  com.sermas.x.men.Application - Starting Application using Java 21.0.11 with PID 19168 (R:\OneDrive - King's College London\Workspace\Projects\SERMAS_KCL\Repositories\X-Men(Spring-Boot)\X-Men_3.0\target\classes started by Rish in R:\OneDrive - King's College London\Workspace\Projects\SERMAS_KCL\Repositories\X-Men(Spring-Boot)\X-Men_3.0)
15:51:42.943 [restartedMain] INFO  com.sermas.x.men.Application - No active profile set, falling back to 1 default profile: "default"
15:51:43.001 [restartedMain] INFO  o.s.b.d.e.DevToolsPropertyDefaultsPostProcessor - Devtools property defaults active! Set 'spring.devtools.add-properties' to 'false' to disable
15:51:44.716 [restartedMain] INFO  o.s.b.w.e.tomcat.TomcatWebServer - Tomcat initialized with port 8081 (http)
15:51:44.727 [restartedMain] INFO  o.a.coyote.http11.Http11NioProtocol - Initializing ProtocolHandler ["http-nio-8081"]
15:51:44.730 [restartedMain] INFO  o.a.catalina.core.StandardService - Starting service [Tomcat]
15:51:44.731 [restartedMain] INFO  o.a.catalina.core.StandardEngine - Starting Servlet engine: [Apache Tomcat/10.1.31]
15:51:44.779 [restartedMain] INFO  o.a.c.c.C.[Tomcat].[localhost].[/] - Initializing Spring embedded WebApplicationContext
15:51:44.780 [restartedMain] INFO  o.s.b.w.s.c.ServletWebServerApplicationContext - Root WebApplicationContext: initialization completed in 1778 ms
15:51:45.347 [restartedMain] INFO  c.s.x.m.s.HaskellDerivationFetcher - HaskellDerivationFetcher initialized with base URL: http://localhost:9091
15:51:45.462 [restartedMain] INFO  c.sermas.x.men.service.SettingsStore - Applied persisted vocabulary from C:\Users\Dell\.xmen\settings.json.
15:51:45.462 [restartedMain] INFO  c.sermas.x.men.service.SettingsStore - Applied persisted active theme 'garden-mint'.
15:51:45.463 [restartedMain] INFO  c.sermas.x.men.service.SettingsStore - Applied persisted UI preferences.
15:51:45.653 [restartedMain] WARN  o.s.b.a.s.s.UserDetailsServiceAutoConfiguration - 

Using generated security password: 64376ac7-c12b-4869-850d-20de400d4fb6

This generated password is for development use only. Your security configuration must be updated before running your application in production.

15:51:45.681 [restartedMain] INFO  o.s.s.c.a.a.c.InitializeUserDetailsBeanManagerConfigurer$InitializeUserDetailsManagerConfigurer - Global AuthenticationManager configured with UserDetailsService bean with name inMemoryUserDetailsManager
15:51:46.062 [restartedMain] INFO  o.s.b.a.e.web.EndpointLinksResolver - Exposing 1 endpoint beneath base path '/actuator'
15:51:46.337 [restartedMain] WARN  o.s.b.a.t.ThymeleafAutoConfiguration$DefaultTemplateResolverConfiguration - Cannot find template location: classpath:/templates/ (please add some templates, check your Thymeleaf configuration, or set spring.thymeleaf.check-template-location=false)
15:51:46.564 [restartedMain] INFO  o.s.b.d.a.OptionalLiveReloadServer - LiveReload server is running on port 35729
15:51:46.623 [restartedMain] INFO  o.a.coyote.http11.Http11NioProtocol - Starting ProtocolHandler ["http-nio-8081"]
15:51:46.644 [restartedMain] INFO  o.s.b.w.e.tomcat.TomcatWebServer - Tomcat started on port 8081 (http) with context path '/'
15:51:46.662 [restartedMain] INFO  com.sermas.x.men.Application - Started Application in 4.13 seconds (process running for 4.661)
15:51:46.763 [JavaFX-Launcher] WARN  javafx - Unsupported JavaFX configuration: classes were loaded from 'unnamed module @2473b9ce'
15:51:47.551 [JavaFX Application Thread] INFO  c.s.x.m.user_interface.XMenInterface - Splash video 'X - Men 2.0.mp4' loaded; playing at 1280.0x800.0 with audio.
15:52:00.019 [http-nio-8081-exec-5] INFO  o.a.c.c.C.[Tomcat].[localhost].[/] - Initializing Spring DispatcherServlet 'dispatcherServlet'
15:52:00.019 [http-nio-8081-exec-5] INFO  o.s.web.servlet.DispatcherServlet - Initializing Servlet 'dispatcherServlet'
15:52:00.023 [http-nio-8081-exec-5] INFO  o.s.web.servlet.DispatcherServlet - Completed initialization in 4 ms
15:52:00.401 [JavaFX Application Thread] WARN  c.s.x.m.u.MainSceneFactory - MediaPlayer error: {}
javafx.scene.media.MediaException: [com.sun.media.jfxmediaimpl.platform.gstreamer.GSTMediaPlayer@5ced9ed] ERROR_MEDIA_INVALID: ERROR_MEDIA_INVALID
	at javafx.scene.media.MediaException.getMediaException(MediaException.java:161)
	at javafx.scene.media.MediaPlayer$_MediaErrorListener.onError(MediaPlayer.java:2624)
	at com.sun.media.jfxmediaimpl.NativeMediaPlayer$EventQueueThread.HandleErrorEvents(NativeMediaPlayer.java:692)
	at com.sun.media.jfxmediaimpl.NativeMediaPlayer$EventQueueThread.run(NativeMediaPlayer.java:426)
15:52:21.652 [http-nio-8081-exec-3] INFO  c.s.x.men.service.VocabularyService - Vocabulary updated via Settings API.
15:54:47.010 [restartedMain] INFO  com.sermas.x.men.Application - Starting Application using Java 21.0.11 with PID 30980 (R:\OneDrive - King's College London\Workspace\Projects\SERMAS_KCL\Repositories\X-Men(Spring-Boot)\X-Men_3.0\target\classes started by Rish in R:\OneDrive - King's College London\Workspace\Projects\SERMAS_KCL\Repositories\X-Men(Spring-Boot)\X-Men_3.0)
15:54:47.012 [restartedMain] INFO  com.sermas.x.men.Application - No active profile set, falling back to 1 default profile: "default"
15:54:47.074 [restartedMain] INFO  o.s.b.d.e.DevToolsPropertyDefaultsPostProcessor - Devtools property defaults active! Set 'spring.devtools.add-properties' to 'false' to disable
15:54:48.740 [restartedMain] INFO  o.s.b.w.e.tomcat.TomcatWebServer - Tomcat initialized with port 8081 (http)
15:54:48.749 [restartedMain] INFO  o.a.coyote.http11.Http11NioProtocol - Initializing ProtocolHandler ["http-nio-8081"]
15:54:48.751 [restartedMain] INFO  o.a.catalina.core.StandardService - Starting service [Tomcat]
15:54:48.752 [restartedMain] INFO  o.a.catalina.core.StandardEngine - Starting Servlet engine: [Apache Tomcat/10.1.31]
15:54:48.798 [restartedMain] INFO  o.a.c.c.C.[Tomcat].[localhost].[/] - Initializing Spring embedded WebApplicationContext
15:54:48.799 [restartedMain] INFO  o.s.b.w.s.c.ServletWebServerApplicationContext - Root WebApplicationContext: initialization completed in 1723 ms
15:54:49.349 [restartedMain] INFO  c.s.x.m.s.HaskellDerivationFetcher - HaskellDerivationFetcher initialized with base URL: http://localhost:9091
15:54:49.463 [restartedMain] INFO  c.sermas.x.men.service.SettingsStore - Applied persisted vocabulary from C:\Users\Dell\.xmen\settings.json.
15:54:49.464 [restartedMain] INFO  c.sermas.x.men.service.SettingsStore - Applied persisted active theme 'garden-mint'.
15:54:49.464 [restartedMain] INFO  c.sermas.x.men.service.SettingsStore - Applied persisted UI preferences.
15:54:49.658 [restartedMain] WARN  o.s.b.a.s.s.UserDetailsServiceAutoConfiguration - 

Using generated security password: 93907f91-0123-471b-abed-24c745ed1479

This generated password is for development use only. Your security configuration must be updated before running your application in production.

15:54:49.693 [restartedMain] INFO  o.s.s.c.a.a.c.InitializeUserDetailsBeanManagerConfigurer$InitializeUserDetailsManagerConfigurer - Global AuthenticationManager configured with UserDetailsService bean with name inMemoryUserDetailsManager
15:54:50.041 [restartedMain] INFO  o.s.b.a.e.web.EndpointLinksResolver - Exposing 1 endpoint beneath base path '/actuator'
15:54:50.306 [restartedMain] WARN  o.s.b.a.t.ThymeleafAutoConfiguration$DefaultTemplateResolverConfiguration - Cannot find template location: classpath:/templates/ (please add some templates, check your Thymeleaf configuration, or set spring.thymeleaf.check-template-location=false)
15:54:50.505 [restartedMain] INFO  o.s.b.d.a.OptionalLiveReloadServer - LiveReload server is running on port 35729
15:54:50.552 [restartedMain] INFO  o.a.coyote.http11.Http11NioProtocol - Starting ProtocolHandler ["http-nio-8081"]
15:54:50.571 [restartedMain] INFO  o.s.b.w.e.tomcat.TomcatWebServer - Tomcat started on port 8081 (http) with context path '/'
15:54:50.588 [restartedMain] INFO  com.sermas.x.men.Application - Started Application in 4.04 seconds (process running for 4.602)
15:54:50.695 [JavaFX-Launcher] WARN  javafx - Unsupported JavaFX configuration: classes were loaded from 'unnamed module @2473b9ce'
15:54:51.275 [JavaFX Application Thread] INFO  c.s.x.m.user_interface.XMenInterface - Splash video 'X - Men 2.0.mp4' loaded; playing at 1280.0x800.0 with audio.
15:55:03.599 [http-nio-8081-exec-1] INFO  o.a.c.c.C.[Tomcat].[localhost].[/] - Initializing Spring DispatcherServlet 'dispatcherServlet'
15:55:03.600 [http-nio-8081-exec-1] INFO  o.s.web.servlet.DispatcherServlet - Initializing Servlet 'dispatcherServlet'
15:55:03.603 [http-nio-8081-exec-1] INFO  o.s.web.servlet.DispatcherServlet - Completed initialization in 3 ms
15:55:10.719 [http-nio-8081-exec-7] INFO  c.s.x.men.service.VocabularyService - Vocabulary updated via Settings API.
15:55:18.567 [http-nio-8081-exec-1] INFO  c.s.x.men.service.VocabularyService - Vocabulary updated via Settings API.
15:55:18.586 [http-nio-8081-exec-2] INFO  c.sermas.x.men.service.ThemeService - Active theme switched to 'midnight-violet'.
15:55:26.830 [JavaFX Application Thread] INFO  c.s.x.m.s.chatbot.ChatBotService - Extracted 6 AIML brain resources into C:\Users\Dell\AppData\Local\Temp\xmen-aiml-4611051115713131800\xmen
15:55:26.830 [JavaFX Application Thread] INFO  c.s.x.m.s.chatbot.ChatBotService - Loading X-Men AIML brain from C:\Users\Dell\AppData\Local\Temp\xmen-aiml-4611051115713131800\xmen\
15:55:26.937 [JavaFX Application Thread] INFO  c.s.x.m.s.chatbot.ChatBotService - ChatBotService status: AIML brain loaded from C:\Users\Dell\AppData\Local\Temp\xmen-aiml-4611051115713131800\xmen\
17:08:07.706 [restartedMain] INFO  com.sermas.x.men.Application - Starting Application using Java 21.0.11 with PID 3288 (R:\OneDrive - King's College London\Workspace\Projects\SERMAS_KCL\Repositories\X-Men(Spring-Boot)\X-Men_3.0\target\classes started by Rish in R:\OneDrive - King's College London\Workspace\Projects\SERMAS_KCL\Repositories\X-Men(Spring-Boot)\X-Men_3.0)
17:08:07.711 [restartedMain] INFO  com.sermas.x.men.Application - No active profile set, falling back to 1 default profile: "default"
17:08:07.784 [restartedMain] INFO  o.s.b.d.e.DevToolsPropertyDefaultsPostProcessor - Devtools property defaults active! Set 'spring.devtools.add-properties' to 'false' to disable
17:08:09.669 [restartedMain] INFO  o.s.b.w.e.tomcat.TomcatWebServer - Tomcat initialized with port 8081 (http)
17:08:09.683 [restartedMain] INFO  o.a.coyote.http11.Http11NioProtocol - Initializing ProtocolHandler ["http-nio-8081"]
17:08:09.687 [restartedMain] INFO  o.a.catalina.core.StandardService - Starting service [Tomcat]
17:08:09.687 [restartedMain] INFO  o.a.catalina.core.StandardEngine - Starting Servlet engine: [Apache Tomcat/10.1.31]
17:08:09.747 [restartedMain] INFO  o.a.c.c.C.[Tomcat].[localhost].[/] - Initializing Spring embedded WebApplicationContext
17:08:09.748 [restartedMain] INFO  o.s.b.w.s.c.ServletWebServerApplicationContext - Root WebApplicationContext: initialization completed in 1962 ms
17:08:10.339 [restartedMain] INFO  c.s.x.m.s.HaskellDerivationFetcher - HaskellDerivationFetcher initialized with base URL: http://localhost:9091
17:08:10.487 [restartedMain] INFO  c.sermas.x.men.service.SettingsStore - Applied persisted vocabulary from C:\Users\Dell\.xmen\settings.json.
17:08:10.489 [restartedMain] INFO  c.sermas.x.men.service.SettingsStore - Applied persisted active theme 'midnight-violet'.
17:08:10.489 [restartedMain] INFO  c.sermas.x.men.service.SettingsStore - Applied persisted UI preferences.
17:08:10.659 [restartedMain] WARN  o.s.b.a.s.s.UserDetailsServiceAutoConfiguration - 

Using generated security password: 93a81ec5-756e-4d6c-9c57-e7c9826f7447

This generated password is for development use only. Your security configuration must be updated before running your application in production.

17:08:10.700 [restartedMain] INFO  o.s.s.c.a.a.c.InitializeUserDetailsBeanManagerConfigurer$InitializeUserDetailsManagerConfigurer - Global AuthenticationManager configured with UserDetailsService bean with name inMemoryUserDetailsManager
17:08:11.100 [restartedMain] INFO  o.s.b.a.e.web.EndpointLinksResolver - Exposing 1 endpoint beneath base path '/actuator'
17:08:11.366 [restartedMain] WARN  o.s.b.a.t.ThymeleafAutoConfiguration$DefaultTemplateResolverConfiguration - Cannot find template location: classpath:/templates/ (please add some templates, check your Thymeleaf configuration, or set spring.thymeleaf.check-template-location=false)
17:08:11.615 [restartedMain] INFO  o.s.b.d.a.OptionalLiveReloadServer - LiveReload server is running on port 35729
17:08:11.667 [restartedMain] INFO  o.a.coyote.http11.Http11NioProtocol - Starting ProtocolHandler ["http-nio-8081"]
17:08:11.688 [restartedMain] INFO  o.s.b.w.e.tomcat.TomcatWebServer - Tomcat started on port 8081 (http) with context path '/'
17:08:11.709 [restartedMain] INFO  com.sermas.x.men.Application - Started Application in 4.512 seconds (process running for 5.18)
17:08:11.829 [JavaFX-Launcher] WARN  javafx - Unsupported JavaFX configuration: classes were loaded from 'unnamed module @2473b9ce'
17:08:12.690 [JavaFX Application Thread] INFO  c.s.x.m.user_interface.XMenInterface - Splash video 'X - Men 2.0.mp4' loaded; playing at 1280.0x800.0 with audio.
17:08:14.240 [http-nio-8081-exec-3] INFO  o.a.c.c.C.[Tomcat].[localhost].[/] - Initializing Spring DispatcherServlet 'dispatcherServlet'
17:08:14.240 [http-nio-8081-exec-3] INFO  o.s.web.servlet.DispatcherServlet - Initializing Servlet 'dispatcherServlet'
17:08:14.244 [http-nio-8081-exec-3] INFO  o.s.web.servlet.DispatcherServlet - Completed initialization in 2 ms
17:08:14.702 [JavaFX Application Thread] WARN  c.s.x.m.u.MainSceneFactory - MediaPlayer error: {}
javafx.scene.media.MediaException: [com.sun.media.jfxmediaimpl.platform.gstreamer.GSTMediaPlayer@1d05560d] ERROR_MEDIA_INVALID: ERROR_MEDIA_INVALID
	at javafx.scene.media.MediaException.getMediaException(MediaException.java:161)
	at javafx.scene.media.MediaPlayer$_MediaErrorListener.onError(MediaPlayer.java:2624)
	at com.sun.media.jfxmediaimpl.NativeMediaPlayer$EventQueueThread.HandleErrorEvents(NativeMediaPlayer.java:692)
	at com.sun.media.jfxmediaimpl.NativeMediaPlayer$EventQueueThread.run(NativeMediaPlayer.java:426)
17:47:19.596 [restartedMain] INFO  com.sermas.x.men.Application - Starting Application using Java 21.0.11 with PID 9492 (R:\OneDrive - King's College London\Workspace\Projects\SERMAS_KCL\Repositories\X-Men(Spring-Boot)\X-Men_3.0\target\classes started by Rish in R:\OneDrive - King's College London\Workspace\Projects\SERMAS_KCL\Repositories\X-Men(Spring-Boot)\X-Men_3.0)
17:47:19.598 [restartedMain] INFO  com.sermas.x.men.Application - No active profile set, falling back to 1 default profile: "default"
17:47:19.657 [restartedMain] INFO  o.s.b.d.e.DevToolsPropertyDefaultsPostProcessor - Devtools property defaults active! Set 'spring.devtools.add-properties' to 'false' to disable
17:47:21.377 [restartedMain] INFO  o.s.b.w.e.tomcat.TomcatWebServer - Tomcat initialized with port 8081 (http)
17:47:21.393 [restartedMain] INFO  o.a.coyote.http11.Http11NioProtocol - Initializing ProtocolHandler ["http-nio-8081"]
17:47:21.398 [restartedMain] INFO  o.a.catalina.core.StandardService - Starting service [Tomcat]
17:47:21.398 [restartedMain] INFO  o.a.catalina.core.StandardEngine - Starting Servlet engine: [Apache Tomcat/10.1.31]
17:47:21.480 [restartedMain] INFO  o.a.c.c.C.[Tomcat].[localhost].[/] - Initializing Spring embedded WebApplicationContext
17:47:21.481 [restartedMain] INFO  o.s.b.w.s.c.ServletWebServerApplicationContext - Root WebApplicationContext: initialization completed in 1823 ms
17:47:22.186 [restartedMain] INFO  c.s.x.m.s.HaskellDerivationFetcher - HaskellDerivationFetcher initialized with base URL: http://localhost:9091
17:47:22.323 [restartedMain] INFO  c.sermas.x.men.service.SettingsStore - Applied persisted vocabulary from C:\Users\Dell\.xmen\settings.json.
17:47:22.323 [restartedMain] INFO  c.sermas.x.men.service.SettingsStore - Applied persisted active theme 'midnight-violet'.
17:47:22.323 [restartedMain] INFO  c.sermas.x.men.service.SettingsStore - Applied persisted UI preferences.
17:47:22.512 [restartedMain] WARN  o.s.b.a.s.s.UserDetailsServiceAutoConfiguration - 

Using generated security password: d8246dca-f27d-4ff3-823a-ad17efcf073a

This generated password is for development use only. Your security configuration must be updated before running your application in production.

17:47:22.548 [restartedMain] INFO  o.s.s.c.a.a.c.InitializeUserDetailsBeanManagerConfigurer$InitializeUserDetailsManagerConfigurer - Global AuthenticationManager configured with UserDetailsService bean with name inMemoryUserDetailsManager
17:47:22.956 [restartedMain] INFO  o.s.b.a.e.web.EndpointLinksResolver - Exposing 1 endpoint beneath base path '/actuator'
17:47:23.332 [restartedMain] WARN  o.s.b.a.t.ThymeleafAutoConfiguration$DefaultTemplateResolverConfiguration - Cannot find template location: classpath:/templates/ (please add some templates, check your Thymeleaf configuration, or set spring.thymeleaf.check-template-location=false)
17:47:23.582 [restartedMain] INFO  o.s.b.d.a.OptionalLiveReloadServer - LiveReload server is running on port 35729
17:47:23.645 [restartedMain] INFO  o.a.coyote.http11.Http11NioProtocol - Starting ProtocolHandler ["http-nio-8081"]
17:47:23.674 [restartedMain] INFO  o.s.b.w.e.tomcat.TomcatWebServer - Tomcat started on port 8081 (http) with context path '/'
17:47:23.692 [restartedMain] INFO  com.sermas.x.men.Application - Started Application in 4.578 seconds (process running for 5.288)
17:47:23.825 [JavaFX-Launcher] WARN  javafx - Unsupported JavaFX configuration: classes were loaded from 'unnamed module @2473b9ce'
17:47:24.839 [JavaFX Application Thread] INFO  c.s.x.m.user_interface.XMenInterface - Splash video 'X - Men 2.0.mp4' loaded; playing at 1280.0x800.0 with audio.
17:47:37.298 [http-nio-8081-exec-1] INFO  o.a.c.c.C.[Tomcat].[localhost].[/] - Initializing Spring DispatcherServlet 'dispatcherServlet'
17:47:37.298 [http-nio-8081-exec-1] INFO  o.s.web.servlet.DispatcherServlet - Initializing Servlet 'dispatcherServlet'
17:47:37.301 [http-nio-8081-exec-1] INFO  o.s.web.servlet.DispatcherServlet - Completed initialization in 3 ms
17:47:41.328 [JavaFX Application Thread] INFO  c.s.x.m.s.chatbot.ChatBotService - Extracted 6 AIML brain resources into C:\Users\Dell\AppData\Local\Temp\xmen-aiml-10699285233440107154\xmen
17:47:41.328 [JavaFX Application Thread] INFO  c.s.x.m.s.chatbot.ChatBotService - Loading X-Men AIML brain from C:\Users\Dell\AppData\Local\Temp\xmen-aiml-10699285233440107154\xmen\
17:47:41.491 [JavaFX Application Thread] INFO  c.s.x.m.s.chatbot.ChatBotService - ChatBotService status: AIML brain loaded from C:\Users\Dell\AppData\Local\Temp\xmen-aiml-10699285233440107154\xmen\
17:50:07.128 [restartedMain] INFO  com.sermas.x.men.Application - Starting Application using Java 21.0.11 with PID 30824 (R:\OneDrive - King's College London\Workspace\Projects\SERMAS_KCL\Repositories\X-Men(Spring-Boot)\X-Men_3.0\target\classes started by Rish in R:\OneDrive - King's College London\Workspace\Projects\SERMAS_KCL\Repositories\X-Men(Spring-Boot)\X-Men_3.0)
17:50:07.129 [restartedMain] INFO  com.sermas.x.men.Application - No active profile set, falling back to 1 default profile: "default"
17:50:07.185 [restartedMain] INFO  o.s.b.d.e.DevToolsPropertyDefaultsPostProcessor - Devtools property defaults active! Set 'spring.devtools.add-properties' to 'false' to disable
17:50:08.683 [restartedMain] INFO  o.s.b.w.e.tomcat.TomcatWebServer - Tomcat initialized with port 8081 (http)
17:50:08.692 [restartedMain] INFO  o.a.coyote.http11.Http11NioProtocol - Initializing ProtocolHandler ["http-nio-8081"]
17:50:08.695 [restartedMain] INFO  o.a.catalina.core.StandardService - Starting service [Tomcat]
17:50:08.695 [restartedMain] INFO  o.a.catalina.core.StandardEngine - Starting Servlet engine: [Apache Tomcat/10.1.31]
17:50:08.741 [restartedMain] INFO  o.a.c.c.C.[Tomcat].[localhost].[/] - Initializing Spring embedded WebApplicationContext
17:50:08.742 [restartedMain] INFO  o.s.b.w.s.c.ServletWebServerApplicationContext - Root WebApplicationContext: initialization completed in 1555 ms
17:50:09.215 [restartedMain] INFO  c.s.x.m.s.HaskellDerivationFetcher - HaskellDerivationFetcher initialized with base URL: http://localhost:9091
17:50:09.323 [restartedMain] INFO  c.sermas.x.men.service.SettingsStore - Applied persisted vocabulary from C:\Users\Dell\.xmen\settings.json.
17:50:09.323 [restartedMain] INFO  c.sermas.x.men.service.SettingsStore - Applied persisted active theme 'midnight-violet'.
17:50:09.323 [restartedMain] INFO  c.sermas.x.men.service.SettingsStore - Applied persisted UI preferences.
17:50:09.517 [restartedMain] WARN  o.s.b.a.s.s.UserDetailsServiceAutoConfiguration - 

Using generated security password: 066269fe-166d-42e0-89a2-26195a5aaa20

This generated password is for development use only. Your security configuration must be updated before running your application in production.

17:50:09.544 [restartedMain] INFO  o.s.s.c.a.a.c.InitializeUserDetailsBeanManagerConfigurer$InitializeUserDetailsManagerConfigurer - Global AuthenticationManager configured with UserDetailsService bean with name inMemoryUserDetailsManager
17:50:09.892 [restartedMain] INFO  o.s.b.a.e.web.EndpointLinksResolver - Exposing 1 endpoint beneath base path '/actuator'
17:50:10.130 [restartedMain] WARN  o.s.b.a.t.ThymeleafAutoConfiguration$DefaultTemplateResolverConfiguration - Cannot find template location: classpath:/templates/ (please add some templates, check your Thymeleaf configuration, or set spring.thymeleaf.check-template-location=false)
17:50:10.286 [restartedMain] INFO  o.s.b.d.a.OptionalLiveReloadServer - LiveReload server is running on port 35729
17:50:10.331 [restartedMain] INFO  o.a.coyote.http11.Http11NioProtocol - Starting ProtocolHandler ["http-nio-8081"]
17:50:10.349 [restartedMain] INFO  o.s.b.w.e.tomcat.TomcatWebServer - Tomcat started on port 8081 (http) with context path '/'
17:50:10.365 [restartedMain] INFO  com.sermas.x.men.Application - Started Application in 3.699 seconds (process running for 4.294)
17:50:10.471 [JavaFX-Launcher] WARN  javafx - Unsupported JavaFX configuration: classes were loaded from 'unnamed module @2473b9ce'
17:50:11.206 [JavaFX Application Thread] INFO  c.s.x.m.user_interface.XMenInterface - Splash video 'X - Men 2.0.mp4' loaded; playing at 1280.0x800.0 with audio.
17:50:23.493 [http-nio-8081-exec-2] INFO  o.a.c.c.C.[Tomcat].[localhost].[/] - Initializing Spring DispatcherServlet 'dispatcherServlet'
17:50:23.494 [http-nio-8081-exec-2] INFO  o.s.web.servlet.DispatcherServlet - Initializing Servlet 'dispatcherServlet'
17:50:23.496 [http-nio-8081-exec-2] INFO  o.s.web.servlet.DispatcherServlet - Completed initialization in 2 ms
17:50:56.454 [JavaFX Application Thread] INFO  c.s.x.m.s.chatbot.ChatBotService - Extracted 6 AIML brain resources into C:\Users\Dell\AppData\Local\Temp\xmen-aiml-2321879514441224504\xmen
17:50:56.455 [JavaFX Application Thread] INFO  c.s.x.m.s.chatbot.ChatBotService - Loading X-Men AIML brain from C:\Users\Dell\AppData\Local\Temp\xmen-aiml-2321879514441224504\xmen\
17:50:56.577 [JavaFX Application Thread] INFO  c.s.x.m.s.chatbot.ChatBotService - ChatBotService status: AIML brain loaded from C:\Users\Dell\AppData\Local\Temp\xmen-aiml-2321879514441224504\xmen\
17:57:54.234 [restartedMain] INFO  com.sermas.x.men.Application - Starting Application using Java 21.0.11 with PID 17520 (R:\OneDrive - King's College London\Workspace\Projects\SERMAS_KCL\Repositories\X-Men(Spring-Boot)\X-Men_3.0\target\classes started by Rish in R:\OneDrive - King's College London\Workspace\Projects\SERMAS_KCL\Repositories\X-Men(Spring-Boot)\X-Men_3.0)
17:57:54.236 [restartedMain] INFO  com.sermas.x.men.Application - No active profile set, falling back to 1 default profile: "default"
17:57:54.283 [restartedMain] INFO  o.s.b.d.e.DevToolsPropertyDefaultsPostProcessor - Devtools property defaults active! Set 'spring.devtools.add-properties' to 'false' to disable
17:57:55.864 [restartedMain] INFO  o.s.b.w.e.tomcat.TomcatWebServer - Tomcat initialized with port 8081 (http)
17:57:55.874 [restartedMain] INFO  o.a.coyote.http11.Http11NioProtocol - Initializing ProtocolHandler ["http-nio-8081"]
17:57:55.877 [restartedMain] INFO  o.a.catalina.core.StandardService - Starting service [Tomcat]
17:57:55.878 [restartedMain] INFO  o.a.catalina.core.StandardEngine - Starting Servlet engine: [Apache Tomcat/10.1.31]
17:57:55.926 [restartedMain] INFO  o.a.c.c.C.[Tomcat].[localhost].[/] - Initializing Spring embedded WebApplicationContext
17:57:55.927 [restartedMain] INFO  o.s.b.w.s.c.ServletWebServerApplicationContext - Root WebApplicationContext: initialization completed in 1642 ms
17:57:56.440 [restartedMain] INFO  c.s.x.m.s.HaskellDerivationFetcher - HaskellDerivationFetcher initialized with base URL: http://localhost:9091
17:57:56.541 [restartedMain] INFO  c.sermas.x.men.service.SettingsStore - Applied persisted vocabulary from C:\Users\Dell\.xmen\settings.json.
17:57:56.541 [restartedMain] INFO  c.sermas.x.men.service.SettingsStore - Applied persisted active theme 'midnight-violet'.
17:57:56.541 [restartedMain] INFO  c.sermas.x.men.service.SettingsStore - Applied persisted UI preferences.
17:57:56.695 [restartedMain] WARN  o.s.b.a.s.s.UserDetailsServiceAutoConfiguration - 

Using generated security password: 823fc6c3-7a81-41bf-9b1c-e16adcbd7dad

This generated password is for development use only. Your security configuration must be updated before running your application in production.

17:57:56.726 [restartedMain] INFO  o.s.s.c.a.a.c.InitializeUserDetailsBeanManagerConfigurer$InitializeUserDetailsManagerConfigurer - Global AuthenticationManager configured with UserDetailsService bean with name inMemoryUserDetailsManager
17:57:57.036 [restartedMain] INFO  o.s.b.a.e.web.EndpointLinksResolver - Exposing 1 endpoint beneath base path '/actuator'
17:57:57.273 [restartedMain] WARN  o.s.b.a.t.ThymeleafAutoConfiguration$DefaultTemplateResolverConfiguration - Cannot find template location: classpath:/templates/ (please add some templates, check your Thymeleaf configuration, or set spring.thymeleaf.check-template-location=false)
17:57:57.471 [restartedMain] INFO  o.s.b.d.a.OptionalLiveReloadServer - LiveReload server is running on port 35729
17:57:57.515 [restartedMain] INFO  o.a.coyote.http11.Http11NioProtocol - Starting ProtocolHandler ["http-nio-8081"]
17:57:57.533 [restartedMain] INFO  o.s.b.w.e.tomcat.TomcatWebServer - Tomcat started on port 8081 (http) with context path '/'
17:57:57.545 [restartedMain] INFO  com.sermas.x.men.Application - Started Application in 3.739 seconds (process running for 4.372)
17:57:57.635 [JavaFX-Launcher] WARN  javafx - Unsupported JavaFX configuration: classes were loaded from 'unnamed module @2473b9ce'
17:57:58.613 [JavaFX Application Thread] INFO  c.s.x.m.user_interface.XMenInterface - Splash video 'X - Men 2.0.mp4' loaded; playing at 1280.0x800.0 with audio.
17:58:11.261 [http-nio-8081-exec-3] INFO  o.a.c.c.C.[Tomcat].[localhost].[/] - Initializing Spring DispatcherServlet 'dispatcherServlet'
17:58:11.261 [http-nio-8081-exec-3] INFO  o.s.web.servlet.DispatcherServlet - Initializing Servlet 'dispatcherServlet'
17:58:11.264 [http-nio-8081-exec-3] INFO  o.s.web.servlet.DispatcherServlet - Completed initialization in 3 ms
17:58:19.596 [http-nio-8081-exec-7] INFO  c.s.x.men.service.VocabularyService - Vocabulary updated via Settings API.
17:58:27.756 [http-nio-8081-exec-10] INFO  c.s.x.men.service.VocabularyService - Vocabulary updated via Settings API.
17:58:27.778 [http-nio-8081-exec-2] INFO  c.sermas.x.men.service.ThemeService - Active theme switched to 'paper-light'.
17:58:55.311 [http-nio-8081-exec-1] INFO  c.s.x.men.service.VocabularyService - Vocabulary updated via Settings API.
18:02:35.881 [restartedMain] INFO  com.sermas.x.men.Application - Starting Application using Java 21.0.11 with PID 27328 (R:\OneDrive - King's College London\Workspace\Projects\SERMAS_KCL\Repositories\X-Men(Spring-Boot)\X-Men_3.0\target\classes started by Rish in R:\OneDrive - King's College London\Workspace\Projects\SERMAS_KCL\Repositories\X-Men(Spring-Boot)\X-Men_3.0)
18:02:35.883 [restartedMain] INFO  com.sermas.x.men.Application - No active profile set, falling back to 1 default profile: "default"
18:02:35.944 [restartedMain] INFO  o.s.b.d.e.DevToolsPropertyDefaultsPostProcessor - Devtools property defaults active! Set 'spring.devtools.add-properties' to 'false' to disable
18:02:37.662 [restartedMain] INFO  o.s.b.w.e.tomcat.TomcatWebServer - Tomcat initialized with port 8081 (http)
18:02:37.674 [restartedMain] INFO  o.a.coyote.http11.Http11NioProtocol - Initializing ProtocolHandler ["http-nio-8081"]
18:02:37.677 [restartedMain] INFO  o.a.catalina.core.StandardService - Starting service [Tomcat]
18:02:37.677 [restartedMain] INFO  o.a.catalina.core.StandardEngine - Starting Servlet engine: [Apache Tomcat/10.1.31]
18:02:37.723 [restartedMain] INFO  o.a.c.c.C.[Tomcat].[localhost].[/] - Initializing Spring embedded WebApplicationContext
18:02:37.724 [restartedMain] INFO  o.s.b.w.s.c.ServletWebServerApplicationContext - Root WebApplicationContext: initialization completed in 1778 ms
18:02:38.270 [restartedMain] INFO  c.s.x.m.s.HaskellDerivationFetcher - HaskellDerivationFetcher initialized with base URL: http://localhost:9091
18:02:38.366 [restartedMain] INFO  c.sermas.x.men.service.SettingsStore - Applied persisted vocabulary from C:\Users\Dell\.xmen\settings.json.
18:02:38.366 [restartedMain] INFO  c.sermas.x.men.service.SettingsStore - Applied persisted active theme 'paper-light'.
18:02:38.366 [restartedMain] INFO  c.sermas.x.men.service.SettingsStore - Applied persisted UI preferences.
18:02:38.522 [restartedMain] WARN  o.s.b.a.s.s.UserDetailsServiceAutoConfiguration - 

Using generated security password: 6684baf1-0c48-4d4f-8f4f-964138985233

This generated password is for development use only. Your security configuration must be updated before running your application in production.

18:02:38.557 [restartedMain] INFO  o.s.s.c.a.a.c.InitializeUserDetailsBeanManagerConfigurer$InitializeUserDetailsManagerConfigurer - Global AuthenticationManager configured with UserDetailsService bean with name inMemoryUserDetailsManager
18:02:38.889 [restartedMain] INFO  o.s.b.a.e.web.EndpointLinksResolver - Exposing 1 endpoint beneath base path '/actuator'
18:02:39.157 [restartedMain] WARN  o.s.b.a.t.ThymeleafAutoConfiguration$DefaultTemplateResolverConfiguration - Cannot find template location: classpath:/templates/ (please add some templates, check your Thymeleaf configuration, or set spring.thymeleaf.check-template-location=false)
18:02:39.330 [restartedMain] INFO  o.s.b.d.a.OptionalLiveReloadServer - LiveReload server is running on port 35729
18:02:39.373 [restartedMain] INFO  o.a.coyote.http11.Http11NioProtocol - Starting ProtocolHandler ["http-nio-8081"]
18:02:39.392 [restartedMain] INFO  o.s.b.w.e.tomcat.TomcatWebServer - Tomcat started on port 8081 (http) with context path '/'
18:02:39.403 [restartedMain] INFO  com.sermas.x.men.Application - Started Application in 4.012 seconds (process running for 4.676)
18:02:39.489 [JavaFX-Launcher] WARN  javafx - Unsupported JavaFX configuration: classes were loaded from 'unnamed module @2473b9ce'
18:02:40.242 [JavaFX Application Thread] INFO  c.s.x.m.user_interface.XMenInterface - Splash video 'X - Men 2.0.mp4' loaded; playing at 1280.0x800.0 with audio.
18:02:52.835 [http-nio-8081-exec-2] INFO  o.a.c.c.C.[Tomcat].[localhost].[/] - Initializing Spring DispatcherServlet 'dispatcherServlet'
18:02:52.835 [http-nio-8081-exec-2] INFO  o.s.web.servlet.DispatcherServlet - Initializing Servlet 'dispatcherServlet'
18:02:52.839 [http-nio-8081-exec-2] INFO  o.s.web.servlet.DispatcherServlet - Completed initialization in 3 ms
18:03:07.934 [http-nio-8081-exec-8] INFO  c.s.x.men.service.VocabularyService - Vocabulary updated via Settings API.
18:05:15.225 [restartedMain] INFO  com.sermas.x.men.Application - Starting Application using Java 21.0.11 with PID 31740 (R:\OneDrive - King's College London\Workspace\Projects\SERMAS_KCL\Repositories\X-Men(Spring-Boot)\X-Men_3.0\target\classes started by Rish in R:\OneDrive - King's College London\Workspace\Projects\SERMAS_KCL\Repositories\X-Men(Spring-Boot)\X-Men_3.0)
18:05:15.226 [restartedMain] INFO  com.sermas.x.men.Application - No active profile set, falling back to 1 default profile: "default"
18:05:15.279 [restartedMain] INFO  o.s.b.d.e.DevToolsPropertyDefaultsPostProcessor - Devtools property defaults active! Set 'spring.devtools.add-properties' to 'false' to disable
18:05:16.957 [restartedMain] INFO  o.s.b.w.e.tomcat.TomcatWebServer - Tomcat initialized with port 8081 (http)
18:05:16.968 [restartedMain] INFO  o.a.coyote.http11.Http11NioProtocol - Initializing ProtocolHandler ["http-nio-8081"]
18:05:16.971 [restartedMain] INFO  o.a.catalina.core.StandardService - Starting service [Tomcat]
18:05:16.972 [restartedMain] INFO  o.a.catalina.core.StandardEngine - Starting Servlet engine: [Apache Tomcat/10.1.31]
18:05:17.026 [restartedMain] INFO  o.a.c.c.C.[Tomcat].[localhost].[/] - Initializing Spring embedded WebApplicationContext
18:05:17.027 [restartedMain] INFO  o.s.b.w.s.c.ServletWebServerApplicationContext - Root WebApplicationContext: initialization completed in 1746 ms
18:05:17.544 [restartedMain] INFO  c.s.x.m.s.HaskellDerivationFetcher - HaskellDerivationFetcher initialized with base URL: http://localhost:9091
18:05:17.648 [restartedMain] INFO  c.sermas.x.men.service.SettingsStore - Applied persisted vocabulary from C:\Users\Dell\.xmen\settings.json.
18:05:17.648 [restartedMain] INFO  c.sermas.x.men.service.SettingsStore - Applied persisted active theme 'paper-light'.
18:05:17.648 [restartedMain] INFO  c.sermas.x.men.service.SettingsStore - Applied persisted UI preferences.
18:05:17.806 [restartedMain] WARN  o.s.b.a.s.s.UserDetailsServiceAutoConfiguration - 

Using generated security password: fd553bc6-34cf-4d08-a9d7-fb4e362da986

This generated password is for development use only. Your security configuration must be updated before running your application in production.

18:05:17.839 [restartedMain] INFO  o.s.s.c.a.a.c.InitializeUserDetailsBeanManagerConfigurer$InitializeUserDetailsManagerConfigurer - Global AuthenticationManager configured with UserDetailsService bean with name inMemoryUserDetailsManager
18:05:18.168 [restartedMain] INFO  o.s.b.a.e.web.EndpointLinksResolver - Exposing 1 endpoint beneath base path '/actuator'
18:05:18.399 [restartedMain] WARN  o.s.b.a.t.ThymeleafAutoConfiguration$DefaultTemplateResolverConfiguration - Cannot find template location: classpath:/templates/ (please add some templates, check your Thymeleaf configuration, or set spring.thymeleaf.check-template-location=false)
18:05:18.585 [restartedMain] INFO  o.s.b.d.a.OptionalLiveReloadServer - LiveReload server is running on port 35729
18:05:18.637 [restartedMain] INFO  o.a.coyote.http11.Http11NioProtocol - Starting ProtocolHandler ["http-nio-8081"]
18:05:18.656 [restartedMain] INFO  o.s.b.w.e.tomcat.TomcatWebServer - Tomcat started on port 8081 (http) with context path '/'
18:05:18.667 [restartedMain] INFO  com.sermas.x.men.Application - Started Application in 3.871 seconds (process running for 4.445)
18:05:18.768 [JavaFX-Launcher] WARN  javafx - Unsupported JavaFX configuration: classes were loaded from 'unnamed module @2473b9ce'
18:05:19.609 [JavaFX Application Thread] INFO  c.s.x.m.user_interface.XMenInterface - Splash video 'X - Men 2.0.mp4' loaded; playing at 1280.0x800.0 with audio.
18:05:31.821 [http-nio-8081-exec-1] INFO  o.a.c.c.C.[Tomcat].[localhost].[/] - Initializing Spring DispatcherServlet 'dispatcherServlet'
18:05:31.822 [http-nio-8081-exec-1] INFO  o.s.web.servlet.DispatcherServlet - Initializing Servlet 'dispatcherServlet'
18:05:31.824 [http-nio-8081-exec-1] INFO  o.s.web.servlet.DispatcherServlet - Completed initialization in 2 ms
18:07:38.858 [http-nio-8081-exec-10] INFO  c.s.x.men.service.VocabularyService - Vocabulary updated via Settings API.
18:19:13.686 [restartedMain] INFO  com.sermas.x.men.Application - Starting Application using Java 21.0.11 with PID 27556 (R:\OneDrive - King's College London\Workspace\Projects\SERMAS_KCL\Repositories\X-Men(Spring-Boot)\X-Men_3.0\target\classes started by Rish in R:\OneDrive - King's College London\Workspace\Projects\SERMAS_KCL\Repositories\X-Men(Spring-Boot)\X-Men_3.0)
18:19:13.688 [restartedMain] INFO  com.sermas.x.men.Application - No active profile set, falling back to 1 default profile: "default"
18:19:13.753 [restartedMain] INFO  o.s.b.d.e.DevToolsPropertyDefaultsPostProcessor - Devtools property defaults active! Set 'spring.devtools.add-properties' to 'false' to disable
18:19:15.588 [restartedMain] INFO  o.s.b.w.e.tomcat.TomcatWebServer - Tomcat initialized with port 8081 (http)
18:19:15.597 [restartedMain] INFO  o.a.coyote.http11.Http11NioProtocol - Initializing ProtocolHandler ["http-nio-8081"]
18:19:15.601 [restartedMain] INFO  o.a.catalina.core.StandardService - Starting service [Tomcat]
18:19:15.601 [restartedMain] INFO  o.a.catalina.core.StandardEngine - Starting Servlet engine: [Apache Tomcat/10.1.31]
18:19:15.648 [restartedMain] INFO  o.a.c.c.C.[Tomcat].[localhost].[/] - Initializing Spring embedded WebApplicationContext
18:19:15.648 [restartedMain] INFO  o.s.b.w.s.c.ServletWebServerApplicationContext - Root WebApplicationContext: initialization completed in 1894 ms
18:19:16.157 [restartedMain] INFO  c.s.x.m.s.HaskellDerivationFetcher - HaskellDerivationFetcher initialized with base URL: http://localhost:9091
18:19:16.265 [restartedMain] INFO  c.sermas.x.men.service.SettingsStore - Applied persisted vocabulary from C:\Users\Dell\.xmen\settings.json.
18:19:16.265 [restartedMain] INFO  c.sermas.x.men.service.SettingsStore - Applied persisted active theme 'paper-light'.
18:19:16.265 [restartedMain] INFO  c.sermas.x.men.service.SettingsStore - Applied persisted UI preferences.
18:19:16.420 [restartedMain] WARN  o.s.b.a.s.s.UserDetailsServiceAutoConfiguration - 

Using generated security password: 6e41610a-46a2-45b7-9af5-1cdeabc392c1

This generated password is for development use only. Your security configuration must be updated before running your application in production.

18:19:16.451 [restartedMain] INFO  o.s.s.c.a.a.c.InitializeUserDetailsBeanManagerConfigurer$InitializeUserDetailsManagerConfigurer - Global AuthenticationManager configured with UserDetailsService bean with name inMemoryUserDetailsManager
18:19:16.785 [restartedMain] INFO  o.s.b.a.e.web.EndpointLinksResolver - Exposing 1 endpoint beneath base path '/actuator'
18:19:17.030 [restartedMain] WARN  o.s.b.a.t.ThymeleafAutoConfiguration$DefaultTemplateResolverConfiguration - Cannot find template location: classpath:/templates/ (please add some templates, check your Thymeleaf configuration, or set spring.thymeleaf.check-template-location=false)
18:19:17.251 [restartedMain] INFO  o.s.b.d.a.OptionalLiveReloadServer - LiveReload server is running on port 35729
18:19:17.297 [restartedMain] INFO  o.a.coyote.http11.Http11NioProtocol - Starting ProtocolHandler ["http-nio-8081"]
18:19:17.317 [restartedMain] INFO  o.s.b.w.e.tomcat.TomcatWebServer - Tomcat started on port 8081 (http) with context path '/'
18:19:17.332 [restartedMain] INFO  com.sermas.x.men.Application - Started Application in 4.194 seconds (process running for 4.978)
18:19:17.427 [JavaFX-Launcher] WARN  javafx - Unsupported JavaFX configuration: classes were loaded from 'unnamed module @2473b9ce'
18:19:18.285 [JavaFX Application Thread] INFO  c.s.x.m.user_interface.XMenInterface - Splash video 'X - Men 2.0.mp4' loaded; playing at 1280.0x800.0 with audio.
18:19:30.676 [http-nio-8081-exec-1] INFO  o.a.c.c.C.[Tomcat].[localhost].[/] - Initializing Spring DispatcherServlet 'dispatcherServlet'
18:19:30.676 [http-nio-8081-exec-1] INFO  o.s.web.servlet.DispatcherServlet - Initializing Servlet 'dispatcherServlet'
18:19:30.680 [http-nio-8081-exec-1] INFO  o.s.web.servlet.DispatcherServlet - Completed initialization in 4 ms
18:19:42.830 [http-nio-8081-exec-7] INFO  c.s.x.men.service.VocabularyService - Vocabulary updated via Settings API.
18:21:07.980 [http-nio-8081-exec-7] INFO  c.s.x.men.service.VocabularyService - Vocabulary updated via Settings API.
18:21:08.031 [http-nio-8081-exec-8] INFO  c.sermas.x.men.service.ThemeService - Active theme switched to 'powder-blue'.
18:21:52.199 [restartedMain] INFO  com.sermas.x.men.Application - Starting Application using Java 21.0.11 with PID 21544 (R:\OneDrive - King's College London\Workspace\Projects\SERMAS_KCL\Repositories\X-Men(Spring-Boot)\X-Men_3.0\target\classes started by Rish in R:\OneDrive - King's College London\Workspace\Projects\SERMAS_KCL\Repositories\X-Men(Spring-Boot)\X-Men_3.0)
18:21:52.201 [restartedMain] INFO  com.sermas.x.men.Application - No active profile set, falling back to 1 default profile: "default"
18:21:52.256 [restartedMain] INFO  o.s.b.d.e.DevToolsPropertyDefaultsPostProcessor - Devtools property defaults active! Set 'spring.devtools.add-properties' to 'false' to disable
18:21:53.861 [restartedMain] INFO  o.s.b.w.e.tomcat.TomcatWebServer - Tomcat initialized with port 8081 (http)
18:21:53.871 [restartedMain] INFO  o.a.coyote.http11.Http11NioProtocol - Initializing ProtocolHandler ["http-nio-8081"]
18:21:53.874 [restartedMain] INFO  o.a.catalina.core.StandardService - Starting service [Tomcat]
18:21:53.876 [restartedMain] INFO  o.a.catalina.core.StandardEngine - Starting Servlet engine: [Apache Tomcat/10.1.31]
18:21:53.924 [restartedMain] INFO  o.a.c.c.C.[Tomcat].[localhost].[/] - Initializing Spring embedded WebApplicationContext
18:21:53.924 [restartedMain] INFO  o.s.b.w.s.c.ServletWebServerApplicationContext - Root WebApplicationContext: initialization completed in 1667 ms
18:21:54.510 [restartedMain] INFO  c.s.x.m.s.HaskellDerivationFetcher - HaskellDerivationFetcher initialized with base URL: http://localhost:9091
18:21:54.615 [restartedMain] INFO  c.sermas.x.men.service.SettingsStore - Applied persisted vocabulary from C:\Users\Dell\.xmen\settings.json.
18:21:54.615 [restartedMain] INFO  c.sermas.x.men.service.SettingsStore - Applied persisted active theme 'powder-blue'.
18:21:54.615 [restartedMain] INFO  c.sermas.x.men.service.SettingsStore - Applied persisted UI preferences.
18:21:54.761 [restartedMain] WARN  o.s.b.a.s.s.UserDetailsServiceAutoConfiguration - 

Using generated security password: c252c0c4-ddb4-4d77-8ba4-362239c9b013

This generated password is for development use only. Your security configuration must be updated before running your application in production.

18:21:54.791 [restartedMain] INFO  o.s.s.c.a.a.c.InitializeUserDetailsBeanManagerConfigurer$InitializeUserDetailsManagerConfigurer - Global AuthenticationManager configured with UserDetailsService bean with name inMemoryUserDetailsManager
18:21:55.170 [restartedMain] INFO  o.s.b.a.e.web.EndpointLinksResolver - Exposing 1 endpoint beneath base path '/actuator'
18:21:55.485 [restartedMain] WARN  o.s.b.a.t.ThymeleafAutoConfiguration$DefaultTemplateResolverConfiguration - Cannot find template location: classpath:/templates/ (please add some templates, check your Thymeleaf configuration, or set spring.thymeleaf.check-template-location=false)
18:21:55.746 [restartedMain] INFO  o.s.b.d.a.OptionalLiveReloadServer - LiveReload server is running on port 35729
18:21:55.795 [restartedMain] INFO  o.a.coyote.http11.Http11NioProtocol - Starting ProtocolHandler ["http-nio-8081"]
18:21:55.825 [restartedMain] INFO  o.s.b.w.e.tomcat.TomcatWebServer - Tomcat started on port 8081 (http) with context path '/'
18:21:55.837 [restartedMain] INFO  com.sermas.x.men.Application - Started Application in 4.084 seconds (process running for 4.748)
18:21:55.960 [JavaFX-Launcher] WARN  javafx - Unsupported JavaFX configuration: classes were loaded from 'unnamed module @2473b9ce'
18:21:56.682 [JavaFX Application Thread] INFO  c.s.x.m.user_interface.XMenInterface - Splash video 'X - Men 2.0.mp4' loaded; playing at 1280.0x800.0 with audio.
18:22:09.374 [http-nio-8081-exec-1] INFO  o.a.c.c.C.[Tomcat].[localhost].[/] - Initializing Spring DispatcherServlet 'dispatcherServlet'
18:22:09.375 [http-nio-8081-exec-1] INFO  o.s.web.servlet.DispatcherServlet - Initializing Servlet 'dispatcherServlet'
18:22:09.378 [http-nio-8081-exec-1] INFO  o.s.web.servlet.DispatcherServlet - Completed initialization in 3 ms
18:22:16.431 [http-nio-8081-exec-7] INFO  c.s.x.men.service.VocabularyService - Vocabulary updated via Settings API.
18:25:52.052 [restartedMain] INFO  com.sermas.x.men.Application - Starting Application using Java 21.0.11 with PID 15520 (R:\OneDrive - King's College London\Workspace\Projects\SERMAS_KCL\Repositories\X-Men(Spring-Boot)\X-Men_3.0\target\classes started by Rish in R:\OneDrive - King's College London\Workspace\Projects\SERMAS_KCL\Repositories\X-Men(Spring-Boot)\X-Men_3.0)
18:25:52.055 [restartedMain] INFO  com.sermas.x.men.Application - No active profile set, falling back to 1 default profile: "default"
18:25:52.107 [restartedMain] INFO  o.s.b.d.e.DevToolsPropertyDefaultsPostProcessor - Devtools property defaults active! Set 'spring.devtools.add-properties' to 'false' to disable
18:25:53.698 [restartedMain] INFO  o.s.b.w.e.tomcat.TomcatWebServer - Tomcat initialized with port 8081 (http)
18:25:53.709 [restartedMain] INFO  o.a.coyote.http11.Http11NioProtocol - Initializing ProtocolHandler ["http-nio-8081"]
18:25:53.711 [restartedMain] INFO  o.a.catalina.core.StandardService - Starting service [Tomcat]
18:25:53.712 [restartedMain] INFO  o.a.catalina.core.StandardEngine - Starting Servlet engine: [Apache Tomcat/10.1.31]
18:25:53.756 [restartedMain] INFO  o.a.c.c.C.[Tomcat].[localhost].[/] - Initializing Spring embedded WebApplicationContext
18:25:53.757 [restartedMain] INFO  o.s.b.w.s.c.ServletWebServerApplicationContext - Root WebApplicationContext: initialization completed in 1650 ms
18:25:54.256 [restartedMain] INFO  c.s.x.m.s.HaskellDerivationFetcher - HaskellDerivationFetcher initialized with base URL: http://localhost:9091
18:25:54.359 [restartedMain] INFO  c.sermas.x.men.service.SettingsStore - Applied persisted vocabulary from C:\Users\Dell\.xmen\settings.json.
18:25:54.359 [restartedMain] INFO  c.sermas.x.men.service.SettingsStore - Applied persisted active theme 'powder-blue'.
18:25:54.359 [restartedMain] INFO  c.sermas.x.men.service.SettingsStore - Applied persisted UI preferences.
18:25:54.537 [restartedMain] WARN  o.s.b.a.s.s.UserDetailsServiceAutoConfiguration - 

Using generated security password: 4d2b36e9-7e54-465b-b974-d3954ba7ccca

This generated password is for development use only. Your security configuration must be updated before running your application in production.

18:25:54.567 [restartedMain] INFO  o.s.s.c.a.a.c.InitializeUserDetailsBeanManagerConfigurer$InitializeUserDetailsManagerConfigurer - Global AuthenticationManager configured with UserDetailsService bean with name inMemoryUserDetailsManager
18:25:54.897 [restartedMain] INFO  o.s.b.a.e.web.EndpointLinksResolver - Exposing 1 endpoint beneath base path '/actuator'
18:25:55.130 [restartedMain] WARN  o.s.b.a.t.ThymeleafAutoConfiguration$DefaultTemplateResolverConfiguration - Cannot find template location: classpath:/templates/ (please add some templates, check your Thymeleaf configuration, or set spring.thymeleaf.check-template-location=false)
18:25:55.294 [restartedMain] INFO  o.s.b.d.a.OptionalLiveReloadServer - LiveReload server is running on port 35729
18:25:55.345 [restartedMain] INFO  o.a.coyote.http11.Http11NioProtocol - Starting ProtocolHandler ["http-nio-8081"]
18:25:55.374 [restartedMain] INFO  o.s.b.w.e.tomcat.TomcatWebServer - Tomcat started on port 8081 (http) with context path '/'
18:25:55.391 [restartedMain] INFO  com.sermas.x.men.Application - Started Application in 3.761 seconds (process running for 4.387)
18:25:55.504 [JavaFX-Launcher] WARN  javafx - Unsupported JavaFX configuration: classes were loaded from 'unnamed module @2473b9ce'
18:25:56.300 [JavaFX Application Thread] INFO  c.s.x.m.user_interface.XMenInterface - Splash video 'X - Men 2.0.mp4' loaded; playing at 1280.0x800.0 with audio.
18:26:08.783 [http-nio-8081-exec-2] INFO  o.a.c.c.C.[Tomcat].[localhost].[/] - Initializing Spring DispatcherServlet 'dispatcherServlet'
18:26:08.783 [http-nio-8081-exec-2] INFO  o.s.web.servlet.DispatcherServlet - Initializing Servlet 'dispatcherServlet'
18:26:08.786 [http-nio-8081-exec-2] INFO  o.s.web.servlet.DispatcherServlet - Completed initialization in 3 ms
18:26:16.333 [http-nio-8081-exec-7] INFO  c.s.x.men.service.VocabularyService - Vocabulary updated via Settings API.
18:29:14.914 [restartedMain] INFO  com.sermas.x.men.Application - Starting Application using Java 21.0.11 with PID 20452 (R:\OneDrive - King's College London\Workspace\Projects\SERMAS_KCL\Repositories\X-Men(Spring-Boot)\X-Men_3.0\target\classes started by Rish in R:\OneDrive - King's College London\Workspace\Projects\SERMAS_KCL\Repositories\X-Men(Spring-Boot)\X-Men_3.0)
18:29:14.916 [restartedMain] INFO  com.sermas.x.men.Application - No active profile set, falling back to 1 default profile: "default"
18:29:14.977 [restartedMain] INFO  o.s.b.d.e.DevToolsPropertyDefaultsPostProcessor - Devtools property defaults active! Set 'spring.devtools.add-properties' to 'false' to disable
18:29:16.584 [restartedMain] INFO  o.s.b.w.e.tomcat.TomcatWebServer - Tomcat initialized with port 8081 (http)
18:29:16.595 [restartedMain] INFO  o.a.coyote.http11.Http11NioProtocol - Initializing ProtocolHandler ["http-nio-8081"]
18:29:16.597 [restartedMain] INFO  o.a.catalina.core.StandardService - Starting service [Tomcat]
18:29:16.597 [restartedMain] INFO  o.a.catalina.core.StandardEngine - Starting Servlet engine: [Apache Tomcat/10.1.31]
18:29:16.648 [restartedMain] INFO  o.a.c.c.C.[Tomcat].[localhost].[/] - Initializing Spring embedded WebApplicationContext
18:29:16.649 [restartedMain] INFO  o.s.b.w.s.c.ServletWebServerApplicationContext - Root WebApplicationContext: initialization completed in 1671 ms
18:29:17.159 [restartedMain] INFO  c.s.x.m.s.HaskellDerivationFetcher - HaskellDerivationFetcher initialized with base URL: http://localhost:9091
18:29:17.284 [restartedMain] INFO  c.sermas.x.men.service.SettingsStore - Applied persisted vocabulary from C:\Users\Dell\.xmen\settings.json.
18:29:17.284 [restartedMain] INFO  c.sermas.x.men.service.SettingsStore - Applied persisted active theme 'powder-blue'.
18:29:17.284 [restartedMain] INFO  c.sermas.x.men.service.SettingsStore - Applied persisted UI preferences.
18:29:17.439 [restartedMain] WARN  o.s.b.a.s.s.UserDetailsServiceAutoConfiguration - 

Using generated security password: c780af9b-adb6-4fc4-be8c-d296670b032f

This generated password is for development use only. Your security configuration must be updated before running your application in production.

18:29:17.466 [restartedMain] INFO  o.s.s.c.a.a.c.InitializeUserDetailsBeanManagerConfigurer$InitializeUserDetailsManagerConfigurer - Global AuthenticationManager configured with UserDetailsService bean with name inMemoryUserDetailsManager
18:29:17.771 [restartedMain] INFO  o.s.b.a.e.web.EndpointLinksResolver - Exposing 1 endpoint beneath base path '/actuator'
18:29:17.986 [restartedMain] WARN  o.s.b.a.t.ThymeleafAutoConfiguration$DefaultTemplateResolverConfiguration - Cannot find template location: classpath:/templates/ (please add some templates, check your Thymeleaf configuration, or set spring.thymeleaf.check-template-location=false)
18:29:18.175 [restartedMain] INFO  o.s.b.d.a.OptionalLiveReloadServer - LiveReload server is running on port 35729
18:29:18.226 [restartedMain] INFO  o.a.coyote.http11.Http11NioProtocol - Starting ProtocolHandler ["http-nio-8081"]
18:29:18.245 [restartedMain] INFO  o.s.b.w.e.tomcat.TomcatWebServer - Tomcat started on port 8081 (http) with context path '/'
18:29:18.260 [restartedMain] INFO  com.sermas.x.men.Application - Started Application in 3.792 seconds (process running for 4.399)
18:29:18.355 [JavaFX-Launcher] WARN  javafx - Unsupported JavaFX configuration: classes were loaded from 'unnamed module @2473b9ce'
18:29:19.106 [JavaFX Application Thread] INFO  c.s.x.m.user_interface.XMenInterface - Splash video 'X - Men 2.0.mp4' loaded; playing at 1280.0x800.0 with audio.
18:29:31.391 [http-nio-8081-exec-2] INFO  o.a.c.c.C.[Tomcat].[localhost].[/] - Initializing Spring DispatcherServlet 'dispatcherServlet'
18:29:31.391 [http-nio-8081-exec-2] INFO  o.s.web.servlet.DispatcherServlet - Initializing Servlet 'dispatcherServlet'
18:29:31.394 [http-nio-8081-exec-2] INFO  o.s.web.servlet.DispatcherServlet - Completed initialization in 3 ms
18:29:36.906 [http-nio-8081-exec-6] INFO  c.s.x.men.service.VocabularyService - Vocabulary updated via Settings API.
18:31:00.485 [restartedMain] INFO  com.sermas.x.men.Application - Starting Application using Java 21.0.11 with PID 35572 (R:\OneDrive - King's College London\Workspace\Projects\SERMAS_KCL\Repositories\X-Men(Spring-Boot)\X-Men_3.0\target\classes started by Rish in R:\OneDrive - King's College London\Workspace\Projects\SERMAS_KCL\Repositories\X-Men(Spring-Boot)\X-Men_3.0)
18:31:00.489 [restartedMain] INFO  com.sermas.x.men.Application - No active profile set, falling back to 1 default profile: "default"
18:31:00.535 [restartedMain] INFO  o.s.b.d.e.DevToolsPropertyDefaultsPostProcessor - Devtools property defaults active! Set 'spring.devtools.add-properties' to 'false' to disable
18:31:02.209 [restartedMain] INFO  o.s.b.w.e.tomcat.TomcatWebServer - Tomcat initialized with port 8081 (http)
18:31:02.218 [restartedMain] INFO  o.a.coyote.http11.Http11NioProtocol - Initializing ProtocolHandler ["http-nio-8081"]
18:31:02.221 [restartedMain] INFO  o.a.catalina.core.StandardService - Starting service [Tomcat]
18:31:02.221 [restartedMain] INFO  o.a.catalina.core.StandardEngine - Starting Servlet engine: [Apache Tomcat/10.1.31]
18:31:02.265 [restartedMain] INFO  o.a.c.c.C.[Tomcat].[localhost].[/] - Initializing Spring embedded WebApplicationContext
18:31:02.266 [restartedMain] INFO  o.s.b.w.s.c.ServletWebServerApplicationContext - Root WebApplicationContext: initialization completed in 1728 ms
18:31:02.750 [restartedMain] INFO  c.s.x.m.s.HaskellDerivationFetcher - HaskellDerivationFetcher initialized with base URL: http://localhost:9091
18:31:02.846 [restartedMain] INFO  c.sermas.x.men.service.SettingsStore - Applied persisted vocabulary from C:\Users\Dell\.xmen\settings.json.
18:31:02.847 [restartedMain] INFO  c.sermas.x.men.service.SettingsStore - Applied persisted active theme 'powder-blue'.
18:31:02.847 [restartedMain] INFO  c.sermas.x.men.service.SettingsStore - Applied persisted UI preferences.
18:31:03.027 [restartedMain] WARN  o.s.b.a.s.s.UserDetailsServiceAutoConfiguration - 

Using generated security password: 910d035c-c385-4b6a-a296-e4670fcd36b9

This generated password is for development use only. Your security configuration must be updated before running your application in production.

18:31:03.052 [restartedMain] INFO  o.s.s.c.a.a.c.InitializeUserDetailsBeanManagerConfigurer$InitializeUserDetailsManagerConfigurer - Global AuthenticationManager configured with UserDetailsService bean with name inMemoryUserDetailsManager
18:31:03.355 [restartedMain] INFO  o.s.b.a.e.web.EndpointLinksResolver - Exposing 1 endpoint beneath base path '/actuator'
18:31:03.599 [restartedMain] WARN  o.s.b.a.t.ThymeleafAutoConfiguration$DefaultTemplateResolverConfiguration - Cannot find template location: classpath:/templates/ (please add some templates, check your Thymeleaf configuration, or set spring.thymeleaf.check-template-location=false)
18:31:03.792 [restartedMain] INFO  o.s.b.d.a.OptionalLiveReloadServer - LiveReload server is running on port 35729
18:31:03.840 [restartedMain] INFO  o.a.coyote.http11.Http11NioProtocol - Starting ProtocolHandler ["http-nio-8081"]
18:31:03.857 [restartedMain] INFO  o.s.b.w.e.tomcat.TomcatWebServer - Tomcat started on port 8081 (http) with context path '/'
18:31:03.872 [restartedMain] INFO  com.sermas.x.men.Application - Started Application in 3.848 seconds (process running for 4.436)
18:31:03.971 [JavaFX-Launcher] WARN  javafx - Unsupported JavaFX configuration: classes were loaded from 'unnamed module @2473b9ce'
18:31:04.641 [JavaFX Application Thread] INFO  c.s.x.m.user_interface.XMenInterface - Splash video 'X - Men 2.0.mp4' loaded; playing at 1280.0x800.0 with audio.
18:31:17.159 [http-nio-8081-exec-2] INFO  o.a.c.c.C.[Tomcat].[localhost].[/] - Initializing Spring DispatcherServlet 'dispatcherServlet'
18:31:17.159 [http-nio-8081-exec-2] INFO  o.s.web.servlet.DispatcherServlet - Initializing Servlet 'dispatcherServlet'
18:31:17.161 [http-nio-8081-exec-2] INFO  o.s.web.servlet.DispatcherServlet - Completed initialization in 2 ms
18:31:22.678 [http-nio-8081-exec-7] INFO  c.s.x.men.service.VocabularyService - Vocabulary updated via Settings API.
18:31:43.581 [http-nio-8081-exec-1] INFO  c.s.x.men.service.VocabularyService - Vocabulary updated via Settings API.
18:31:43.604 [http-nio-8081-exec-2] INFO  c.sermas.x.men.service.ThemeService - Active theme switched to 'neon-pink'.
18:33:20.718 [restartedMain] INFO  com.sermas.x.men.Application - Starting Application using Java 21.0.11 with PID 17660 (R:\OneDrive - King's College London\Workspace\Projects\SERMAS_KCL\Repositories\X-Men(Spring-Boot)\X-Men_3.0\target\classes started by Rish in R:\OneDrive - King's College London\Workspace\Projects\SERMAS_KCL\Repositories\X-Men(Spring-Boot)\X-Men_3.0)
18:33:20.720 [restartedMain] INFO  com.sermas.x.men.Application - No active profile set, falling back to 1 default profile: "default"
18:33:20.773 [restartedMain] INFO  o.s.b.d.e.DevToolsPropertyDefaultsPostProcessor - Devtools property defaults active! Set 'spring.devtools.add-properties' to 'false' to disable
18:33:22.617 [restartedMain] INFO  o.s.b.w.e.tomcat.TomcatWebServer - Tomcat initialized with port 8081 (http)
18:33:22.628 [restartedMain] INFO  o.a.coyote.http11.Http11NioProtocol - Initializing ProtocolHandler ["http-nio-8081"]
18:33:22.631 [restartedMain] INFO  o.a.catalina.core.StandardService - Starting service [Tomcat]
18:33:22.632 [restartedMain] INFO  o.a.catalina.core.StandardEngine - Starting Servlet engine: [Apache Tomcat/10.1.31]
18:33:22.682 [restartedMain] INFO  o.a.c.c.C.[Tomcat].[localhost].[/] - Initializing Spring embedded WebApplicationContext
18:33:22.683 [restartedMain] INFO  o.s.b.w.s.c.ServletWebServerApplicationContext - Root WebApplicationContext: initialization completed in 1909 ms
18:33:23.207 [restartedMain] INFO  c.s.x.m.s.HaskellDerivationFetcher - HaskellDerivationFetcher initialized with base URL: http://localhost:9091
18:33:23.325 [restartedMain] INFO  c.sermas.x.men.service.SettingsStore - Applied persisted vocabulary from C:\Users\Dell\.xmen\settings.json.
18:33:23.325 [restartedMain] INFO  c.sermas.x.men.service.SettingsStore - Applied persisted active theme 'neon-pink'.
18:33:23.325 [restartedMain] INFO  c.sermas.x.men.service.SettingsStore - Applied persisted UI preferences.
18:33:23.507 [restartedMain] WARN  o.s.b.a.s.s.UserDetailsServiceAutoConfiguration - 

Using generated security password: 4e2f239d-2d82-4cfe-a19b-19f34088b2e3

This generated password is for development use only. Your security configuration must be updated before running your application in production.

18:33:23.536 [restartedMain] INFO  o.s.s.c.a.a.c.InitializeUserDetailsBeanManagerConfigurer$InitializeUserDetailsManagerConfigurer - Global AuthenticationManager configured with UserDetailsService bean with name inMemoryUserDetailsManager
18:33:23.897 [restartedMain] INFO  o.s.b.a.e.web.EndpointLinksResolver - Exposing 1 endpoint beneath base path '/actuator'
18:33:24.121 [restartedMain] WARN  o.s.b.a.t.ThymeleafAutoConfiguration$DefaultTemplateResolverConfiguration - Cannot find template location: classpath:/templates/ (please add some templates, check your Thymeleaf configuration, or set spring.thymeleaf.check-template-location=false)
18:33:24.301 [restartedMain] INFO  o.s.b.d.a.OptionalLiveReloadServer - LiveReload server is running on port 35729
18:33:24.350 [restartedMain] INFO  o.a.coyote.http11.Http11NioProtocol - Starting ProtocolHandler ["http-nio-8081"]
18:33:24.369 [restartedMain] INFO  o.s.b.w.e.tomcat.TomcatWebServer - Tomcat started on port 8081 (http) with context path '/'
18:33:24.382 [restartedMain] INFO  com.sermas.x.men.Application - Started Application in 4.14 seconds (process running for 4.82)
18:33:24.470 [JavaFX-Launcher] WARN  javafx - Unsupported JavaFX configuration: classes were loaded from 'unnamed module @2473b9ce'
18:33:25.209 [JavaFX Application Thread] INFO  c.s.x.m.user_interface.XMenInterface - Splash video 'X - Men 2.0.mp4' loaded; playing at 1280.0x800.0 with audio.
18:33:37.465 [http-nio-8081-exec-3] INFO  o.a.c.c.C.[Tomcat].[localhost].[/] - Initializing Spring DispatcherServlet 'dispatcherServlet'
18:33:37.465 [http-nio-8081-exec-3] INFO  o.s.web.servlet.DispatcherServlet - Initializing Servlet 'dispatcherServlet'
18:33:37.468 [http-nio-8081-exec-3] INFO  o.s.web.servlet.DispatcherServlet - Completed initialization in 3 ms
18:33:44.352 [JavaFX Application Thread] INFO  c.s.x.m.s.chatbot.ChatBotService - Extracted 6 AIML brain resources into C:\Users\Dell\AppData\Local\Temp\xmen-aiml-1031323651310302408\xmen
18:33:44.353 [JavaFX Application Thread] INFO  c.s.x.m.s.chatbot.ChatBotService - Loading X-Men AIML brain from C:\Users\Dell\AppData\Local\Temp\xmen-aiml-1031323651310302408\xmen\
18:33:44.486 [JavaFX Application Thread] INFO  c.s.x.m.s.chatbot.ChatBotService - ChatBotService status: AIML brain loaded from C:\Users\Dell\AppData\Local\Temp\xmen-aiml-1031323651310302408\xmen\
18:33:51.712 [http-nio-8081-exec-2] INFO  c.s.x.men.service.VocabularyService - Vocabulary updated via Settings API.
18:33:54.846 [http-nio-8081-exec-3] INFO  c.s.x.men.service.VocabularyService - Vocabulary updated via Settings API.
18:33:54.866 [http-nio-8081-exec-1] INFO  c.sermas.x.men.service.ThemeService - Active theme switched to 'ocean-cobalt'.
18:34:04.908 [http-nio-8081-exec-4] INFO  c.s.x.men.service.VocabularyService - Vocabulary updated via Settings API.
18:34:15.934 [http-nio-8081-exec-9] INFO  c.s.x.men.service.VocabularyService - Vocabulary updated via Settings API.
18:34:15.941 [http-nio-8081-exec-2] INFO  c.sermas.x.men.service.ThemeService - Active theme switched to 'slate-blue'.
18:37:17.081 [restartedMain] INFO  com.sermas.x.men.Application - Starting Application using Java 21.0.11 with PID 25304 (R:\OneDrive - King's College London\Workspace\Projects\SERMAS_KCL\Repositories\X-Men(Spring-Boot)\X-Men_3.0\target\classes started by Rish in R:\OneDrive - King's College London\Workspace\Projects\SERMAS_KCL\Repositories\X-Men(Spring-Boot)\X-Men_3.0)
18:37:17.082 [restartedMain] INFO  com.sermas.x.men.Application - No active profile set, falling back to 1 default profile: "default"
18:37:17.135 [restartedMain] INFO  o.s.b.d.e.DevToolsPropertyDefaultsPostProcessor - Devtools property defaults active! Set 'spring.devtools.add-properties' to 'false' to disable
18:37:18.777 [restartedMain] INFO  o.s.b.w.e.tomcat.TomcatWebServer - Tomcat initialized with port 8081 (http)
18:37:18.787 [restartedMain] INFO  o.a.coyote.http11.Http11NioProtocol - Initializing ProtocolHandler ["http-nio-8081"]
18:37:18.790 [restartedMain] INFO  o.a.catalina.core.StandardService - Starting service [Tomcat]
18:37:18.790 [restartedMain] INFO  o.a.catalina.core.StandardEngine - Starting Servlet engine: [Apache Tomcat/10.1.31]
18:37:18.829 [restartedMain] INFO  o.a.c.c.C.[Tomcat].[localhost].[/] - Initializing Spring embedded WebApplicationContext
18:37:18.832 [restartedMain] INFO  o.s.b.w.s.c.ServletWebServerApplicationContext - Root WebApplicationContext: initialization completed in 1695 ms
18:37:19.365 [restartedMain] INFO  c.s.x.m.s.HaskellDerivationFetcher - HaskellDerivationFetcher initialized with base URL: http://localhost:9091
18:37:19.481 [restartedMain] INFO  c.sermas.x.men.service.SettingsStore - Applied persisted vocabulary from C:\Users\Dell\.xmen\settings.json.
18:37:19.481 [restartedMain] INFO  c.sermas.x.men.service.SettingsStore - Applied persisted active theme 'slate-blue'.
18:37:19.481 [restartedMain] INFO  c.sermas.x.men.service.SettingsStore - Applied persisted UI preferences.
18:37:19.654 [restartedMain] WARN  o.s.b.a.s.s.UserDetailsServiceAutoConfiguration - 

Using generated security password: 8701260d-272a-4250-a39d-aa99892a8594

This generated password is for development use only. Your security configuration must be updated before running your application in production.

18:37:19.685 [restartedMain] INFO  o.s.s.c.a.a.c.InitializeUserDetailsBeanManagerConfigurer$InitializeUserDetailsManagerConfigurer - Global AuthenticationManager configured with UserDetailsService bean with name inMemoryUserDetailsManager
18:37:20.072 [restartedMain] INFO  o.s.b.a.e.web.EndpointLinksResolver - Exposing 1 endpoint beneath base path '/actuator'
18:37:20.318 [restartedMain] WARN  o.s.b.a.t.ThymeleafAutoConfiguration$DefaultTemplateResolverConfiguration - Cannot find template location: classpath:/templates/ (please add some templates, check your Thymeleaf configuration, or set spring.thymeleaf.check-template-location=false)
18:37:20.497 [restartedMain] INFO  o.s.b.d.a.OptionalLiveReloadServer - LiveReload server is running on port 35729
18:37:20.547 [restartedMain] INFO  o.a.coyote.http11.Http11NioProtocol - Starting ProtocolHandler ["http-nio-8081"]
18:37:20.568 [restartedMain] INFO  o.s.b.w.e.tomcat.TomcatWebServer - Tomcat started on port 8081 (http) with context path '/'
18:37:20.582 [restartedMain] INFO  com.sermas.x.men.Application - Started Application in 3.927 seconds (process running for 4.64)
18:37:20.684 [JavaFX-Launcher] WARN  javafx - Unsupported JavaFX configuration: classes were loaded from 'unnamed module @2473b9ce'
18:37:21.451 [JavaFX Application Thread] INFO  c.s.x.m.user_interface.XMenInterface - Splash video 'X - Men 2.0.mp4' loaded; playing at 1280.0x800.0 with audio.
18:37:33.876 [http-nio-8081-exec-1] INFO  o.a.c.c.C.[Tomcat].[localhost].[/] - Initializing Spring DispatcherServlet 'dispatcherServlet'
18:37:33.877 [http-nio-8081-exec-1] INFO  o.s.web.servlet.DispatcherServlet - Initializing Servlet 'dispatcherServlet'
18:37:33.879 [http-nio-8081-exec-1] INFO  o.s.web.servlet.DispatcherServlet - Completed initialization in 2 ms
18:38:28.638 [restartedMain] INFO  com.sermas.x.men.Application - Starting Application using Java 21.0.11 with PID 12000 (R:\OneDrive - King's College London\Workspace\Projects\SERMAS_KCL\Repositories\X-Men(Spring-Boot)\X-Men_3.0\target\classes started by Rish in R:\OneDrive - King's College London\Workspace\Projects\SERMAS_KCL\Repositories\X-Men(Spring-Boot)\X-Men_3.0)
18:38:28.639 [restartedMain] INFO  com.sermas.x.men.Application - No active profile set, falling back to 1 default profile: "default"
18:38:28.701 [restartedMain] INFO  o.s.b.d.e.DevToolsPropertyDefaultsPostProcessor - Devtools property defaults active! Set 'spring.devtools.add-properties' to 'false' to disable
18:38:30.287 [restartedMain] INFO  o.s.b.w.e.tomcat.TomcatWebServer - Tomcat initialized with port 8081 (http)
18:38:30.298 [restartedMain] INFO  o.a.coyote.http11.Http11NioProtocol - Initializing ProtocolHandler ["http-nio-8081"]
18:38:30.301 [restartedMain] INFO  o.a.catalina.core.StandardService - Starting service [Tomcat]
18:38:30.301 [restartedMain] INFO  o.a.catalina.core.StandardEngine - Starting Servlet engine: [Apache Tomcat/10.1.31]
18:38:30.347 [restartedMain] INFO  o.a.c.c.C.[Tomcat].[localhost].[/] - Initializing Spring embedded WebApplicationContext
18:38:30.348 [restartedMain] INFO  o.s.b.w.s.c.ServletWebServerApplicationContext - Root WebApplicationContext: initialization completed in 1644 ms
18:38:30.851 [restartedMain] INFO  c.s.x.m.s.HaskellDerivationFetcher - HaskellDerivationFetcher initialized with base URL: http://localhost:9091
18:38:30.945 [restartedMain] INFO  c.sermas.x.men.service.SettingsStore - Applied persisted vocabulary from C:\Users\Dell\.xmen\settings.json.
18:38:30.945 [restartedMain] INFO  c.sermas.x.men.service.SettingsStore - Applied persisted active theme 'slate-blue'.
18:38:30.945 [restartedMain] INFO  c.sermas.x.men.service.SettingsStore - Applied persisted UI preferences.
18:38:31.084 [restartedMain] WARN  o.s.b.a.s.s.UserDetailsServiceAutoConfiguration - 

Using generated security password: c927783e-d000-4f31-aedc-b740648dc295

This generated password is for development use only. Your security configuration must be updated before running your application in production.

18:38:31.119 [restartedMain] INFO  o.s.s.c.a.a.c.InitializeUserDetailsBeanManagerConfigurer$InitializeUserDetailsManagerConfigurer - Global AuthenticationManager configured with UserDetailsService bean with name inMemoryUserDetailsManager
18:38:31.453 [restartedMain] INFO  o.s.b.a.e.web.EndpointLinksResolver - Exposing 1 endpoint beneath base path '/actuator'
18:38:31.716 [restartedMain] WARN  o.s.b.a.t.ThymeleafAutoConfiguration$DefaultTemplateResolverConfiguration - Cannot find template location: classpath:/templates/ (please add some templates, check your Thymeleaf configuration, or set spring.thymeleaf.check-template-location=false)
18:38:31.860 [restartedMain] INFO  o.s.b.d.a.OptionalLiveReloadServer - LiveReload server is running on port 35729
18:38:31.903 [restartedMain] INFO  o.a.coyote.http11.Http11NioProtocol - Starting ProtocolHandler ["http-nio-8081"]
18:38:31.918 [restartedMain] INFO  o.s.b.w.e.tomcat.TomcatWebServer - Tomcat started on port 8081 (http) with context path '/'
18:38:31.931 [restartedMain] INFO  com.sermas.x.men.Application - Started Application in 3.754 seconds (process running for 4.356)
18:38:32.023 [JavaFX-Launcher] WARN  javafx - Unsupported JavaFX configuration: classes were loaded from 'unnamed module @2473b9ce'
18:38:32.664 [JavaFX Application Thread] INFO  c.s.x.m.user_interface.XMenInterface - Splash video 'X - Men 2.0.mp4' loaded; playing at 1280.0x800.0 with audio.
18:38:45.263 [http-nio-8081-exec-1] INFO  o.a.c.c.C.[Tomcat].[localhost].[/] - Initializing Spring DispatcherServlet 'dispatcherServlet'
18:38:45.263 [http-nio-8081-exec-1] INFO  o.s.web.servlet.DispatcherServlet - Initializing Servlet 'dispatcherServlet'
18:38:45.265 [http-nio-8081-exec-1] INFO  o.s.web.servlet.DispatcherServlet - Completed initialization in 2 ms
18:38:45.661 [JavaFX Application Thread] WARN  c.s.x.m.u.MainSceneFactory - MediaPlayer error: {}
javafx.scene.media.MediaException: [com.sun.media.jfxmediaimpl.platform.gstreamer.GSTMediaPlayer@41b3693b] ERROR_MEDIA_INVALID: ERROR_MEDIA_INVALID
	at javafx.scene.media.MediaException.getMediaException(MediaException.java:161)
	at javafx.scene.media.MediaPlayer$_MediaErrorListener.onError(MediaPlayer.java:2624)
	at com.sun.media.jfxmediaimpl.NativeMediaPlayer$EventQueueThread.HandleErrorEvents(NativeMediaPlayer.java:692)
	at com.sun.media.jfxmediaimpl.NativeMediaPlayer$EventQueueThread.run(NativeMediaPlayer.java:426)
18:38:57.277 [http-nio-8081-exec-6] INFO  c.s.x.men.service.VocabularyService - Vocabulary updated via Settings API.
18:40:46.031 [restartedMain] INFO  com.sermas.x.men.Application - Starting Application using Java 21.0.11 with PID 14212 (R:\OneDrive - King's College London\Workspace\Projects\SERMAS_KCL\Repositories\X-Men(Spring-Boot)\X-Men_3.0\target\classes started by Rish in R:\OneDrive - King's College London\Workspace\Projects\SERMAS_KCL\Repositories\X-Men(Spring-Boot)\X-Men_3.0)
18:40:46.032 [restartedMain] INFO  com.sermas.x.men.Application - No active profile set, falling back to 1 default profile: "default"
18:40:46.088 [restartedMain] INFO  o.s.b.d.e.DevToolsPropertyDefaultsPostProcessor - Devtools property defaults active! Set 'spring.devtools.add-properties' to 'false' to disable
18:40:48.178 [restartedMain] INFO  o.s.b.w.e.tomcat.TomcatWebServer - Tomcat initialized with port 8081 (http)
18:40:48.194 [restartedMain] INFO  o.a.coyote.http11.Http11NioProtocol - Initializing ProtocolHandler ["http-nio-8081"]
18:40:48.196 [restartedMain] INFO  o.a.catalina.core.StandardService - Starting service [Tomcat]
18:40:48.196 [restartedMain] INFO  o.a.catalina.core.StandardEngine - Starting Servlet engine: [Apache Tomcat/10.1.31]
18:40:48.263 [restartedMain] INFO  o.a.c.c.C.[Tomcat].[localhost].[/] - Initializing Spring embedded WebApplicationContext
18:40:48.264 [restartedMain] INFO  o.s.b.w.s.c.ServletWebServerApplicationContext - Root WebApplicationContext: initialization completed in 2174 ms
18:40:48.748 [restartedMain] INFO  c.s.x.m.s.HaskellDerivationFetcher - HaskellDerivationFetcher initialized with base URL: http://localhost:9091
18:40:48.857 [restartedMain] INFO  c.sermas.x.men.service.SettingsStore - Applied persisted vocabulary from C:\Users\Dell\.xmen\settings.json.
18:40:48.857 [restartedMain] INFO  c.sermas.x.men.service.SettingsStore - Applied persisted active theme 'slate-blue'.
18:40:48.857 [restartedMain] INFO  c.sermas.x.men.service.SettingsStore - Applied persisted UI preferences.
18:40:49.028 [restartedMain] WARN  o.s.b.a.s.s.UserDetailsServiceAutoConfiguration - 

Using generated security password: ffbdc190-d7c7-4a37-868a-af000f830cbf

This generated password is for development use only. Your security configuration must be updated before running your application in production.

18:40:49.049 [restartedMain] INFO  o.s.s.c.a.a.c.InitializeUserDetailsBeanManagerConfigurer$InitializeUserDetailsManagerConfigurer - Global AuthenticationManager configured with UserDetailsService bean with name inMemoryUserDetailsManager
18:40:49.411 [restartedMain] INFO  o.s.b.a.e.web.EndpointLinksResolver - Exposing 1 endpoint beneath base path '/actuator'
18:40:49.633 [restartedMain] WARN  o.s.b.a.t.ThymeleafAutoConfiguration$DefaultTemplateResolverConfiguration - Cannot find template location: classpath:/templates/ (please add some templates, check your Thymeleaf configuration, or set spring.thymeleaf.check-template-location=false)
18:40:49.824 [restartedMain] INFO  o.s.b.d.a.OptionalLiveReloadServer - LiveReload server is running on port 35729
18:40:49.871 [restartedMain] INFO  o.a.coyote.http11.Http11NioProtocol - Starting ProtocolHandler ["http-nio-8081"]
18:40:49.893 [restartedMain] INFO  o.s.b.w.e.tomcat.TomcatWebServer - Tomcat started on port 8081 (http) with context path '/'
18:40:49.905 [restartedMain] INFO  com.sermas.x.men.Application - Started Application in 4.361 seconds (process running for 4.986)
18:40:50.010 [JavaFX-Launcher] WARN  javafx - Unsupported JavaFX configuration: classes were loaded from 'unnamed module @2473b9ce'
18:40:50.574 [JavaFX Application Thread] INFO  c.s.x.m.user_interface.XMenInterface - Splash video 'X - Men 2.0.mp4' loaded; playing at 1280.0x800.0 with audio.
18:41:02.918 [http-nio-8081-exec-2] INFO  o.a.c.c.C.[Tomcat].[localhost].[/] - Initializing Spring DispatcherServlet 'dispatcherServlet'
18:41:02.918 [http-nio-8081-exec-2] INFO  o.s.web.servlet.DispatcherServlet - Initializing Servlet 'dispatcherServlet'
18:41:02.921 [http-nio-8081-exec-2] INFO  o.s.web.servlet.DispatcherServlet - Completed initialization in 3 ms
18:42:15.234 [restartedMain] INFO  com.sermas.x.men.Application - Starting Application using Java 21.0.11 with PID 10276 (R:\OneDrive - King's College London\Workspace\Projects\SERMAS_KCL\Repositories\X-Men(Spring-Boot)\X-Men_3.0\target\classes started by Rish in R:\OneDrive - King's College London\Workspace\Projects\SERMAS_KCL\Repositories\X-Men(Spring-Boot)\X-Men_3.0)
18:42:15.238 [restartedMain] INFO  com.sermas.x.men.Application - No active profile set, falling back to 1 default profile: "default"
18:42:15.293 [restartedMain] INFO  o.s.b.d.e.DevToolsPropertyDefaultsPostProcessor - Devtools property defaults active! Set 'spring.devtools.add-properties' to 'false' to disable
18:42:16.928 [restartedMain] INFO  o.s.b.w.e.tomcat.TomcatWebServer - Tomcat initialized with port 8081 (http)
18:42:16.939 [restartedMain] INFO  o.a.coyote.http11.Http11NioProtocol - Initializing ProtocolHandler ["http-nio-8081"]
18:42:16.944 [restartedMain] INFO  o.a.catalina.core.StandardService - Starting service [Tomcat]
18:42:16.945 [restartedMain] INFO  o.a.catalina.core.StandardEngine - Starting Servlet engine: [Apache Tomcat/10.1.31]
18:42:16.994 [restartedMain] INFO  o.a.c.c.C.[Tomcat].[localhost].[/] - Initializing Spring embedded WebApplicationContext
18:42:16.995 [restartedMain] INFO  o.s.b.w.s.c.ServletWebServerApplicationContext - Root WebApplicationContext: initialization completed in 1701 ms
18:42:17.500 [restartedMain] INFO  c.s.x.m.s.HaskellDerivationFetcher - HaskellDerivationFetcher initialized with base URL: http://localhost:9091
18:42:17.594 [restartedMain] INFO  c.sermas.x.men.service.SettingsStore - Applied persisted vocabulary from C:\Users\Dell\.xmen\settings.json.
18:42:17.595 [restartedMain] INFO  c.sermas.x.men.service.SettingsStore - Applied persisted active theme 'slate-blue'.
18:42:17.595 [restartedMain] INFO  c.sermas.x.men.service.SettingsStore - Applied persisted UI preferences.
18:42:17.732 [restartedMain] WARN  o.s.b.a.s.s.UserDetailsServiceAutoConfiguration - 

Using generated security password: cf091c4e-1db1-49d0-be5b-05bd8188605c

This generated password is for development use only. Your security configuration must be updated before running your application in production.

18:42:17.761 [restartedMain] INFO  o.s.s.c.a.a.c.InitializeUserDetailsBeanManagerConfigurer$InitializeUserDetailsManagerConfigurer - Global AuthenticationManager configured with UserDetailsService bean with name inMemoryUserDetailsManager
18:42:18.093 [restartedMain] INFO  o.s.b.a.e.web.EndpointLinksResolver - Exposing 1 endpoint beneath base path '/actuator'
18:42:18.310 [restartedMain] WARN  o.s.b.a.t.ThymeleafAutoConfiguration$DefaultTemplateResolverConfiguration - Cannot find template location: classpath:/templates/ (please add some templates, check your Thymeleaf configuration, or set spring.thymeleaf.check-template-location=false)
18:42:18.457 [restartedMain] INFO  o.s.b.d.a.OptionalLiveReloadServer - LiveReload server is running on port 35729
18:42:18.495 [restartedMain] INFO  o.a.coyote.http11.Http11NioProtocol - Starting ProtocolHandler ["http-nio-8081"]
18:42:18.511 [restartedMain] INFO  o.s.b.w.e.tomcat.TomcatWebServer - Tomcat started on port 8081 (http) with context path '/'
18:42:18.522 [restartedMain] INFO  com.sermas.x.men.Application - Started Application in 3.747 seconds (process running for 4.367)
18:42:18.607 [JavaFX-Launcher] WARN  javafx - Unsupported JavaFX configuration: classes were loaded from 'unnamed module @2473b9ce'
18:42:19.315 [JavaFX Application Thread] INFO  c.s.x.m.user_interface.XMenInterface - Splash video 'X - Men 2.0.mp4' loaded; playing at 1280.0x800.0 with audio.
18:42:31.705 [http-nio-8081-exec-1] INFO  o.a.c.c.C.[Tomcat].[localhost].[/] - Initializing Spring DispatcherServlet 'dispatcherServlet'
18:42:31.705 [http-nio-8081-exec-1] INFO  o.s.web.servlet.DispatcherServlet - Initializing Servlet 'dispatcherServlet'
18:42:31.708 [http-nio-8081-exec-1] INFO  o.s.web.servlet.DispatcherServlet - Completed initialization in 3 ms
18:43:29.086 [http-nio-8081-exec-2] INFO  c.s.x.men.service.VocabularyService - Vocabulary updated via Settings API.
18:45:43.327 [restartedMain] INFO  com.sermas.x.men.Application - Starting Application using Java 21.0.11 with PID 28756 (R:\OneDrive - King's College London\Workspace\Projects\SERMAS_KCL\Repositories\X-Men(Spring-Boot)\X-Men_3.0\target\classes started by Rish in R:\OneDrive - King's College London\Workspace\Projects\SERMAS_KCL\Repositories\X-Men(Spring-Boot)\X-Men_3.0)
18:45:43.330 [restartedMain] INFO  com.sermas.x.men.Application - No active profile set, falling back to 1 default profile: "default"
18:45:43.394 [restartedMain] INFO  o.s.b.d.e.DevToolsPropertyDefaultsPostProcessor - Devtools property defaults active! Set 'spring.devtools.add-properties' to 'false' to disable
18:45:45.041 [restartedMain] INFO  o.s.b.w.e.tomcat.TomcatWebServer - Tomcat initialized with port 8081 (http)
18:45:45.050 [restartedMain] INFO  o.a.coyote.http11.Http11NioProtocol - Initializing ProtocolHandler ["http-nio-8081"]
18:45:45.053 [restartedMain] INFO  o.a.catalina.core.StandardService - Starting service [Tomcat]
18:45:45.053 [restartedMain] INFO  o.a.catalina.core.StandardEngine - Starting Servlet engine: [Apache Tomcat/10.1.31]
18:45:45.100 [restartedMain] INFO  o.a.c.c.C.[Tomcat].[localhost].[/] - Initializing Spring embedded WebApplicationContext
18:45:45.101 [restartedMain] INFO  o.s.b.w.s.c.ServletWebServerApplicationContext - Root WebApplicationContext: initialization completed in 1705 ms
18:45:45.668 [restartedMain] INFO  c.s.x.m.s.HaskellDerivationFetcher - HaskellDerivationFetcher initialized with base URL: http://localhost:9091
18:45:45.778 [restartedMain] INFO  c.sermas.x.men.service.SettingsStore - Applied persisted vocabulary from C:\Users\Dell\.xmen\settings.json.
18:45:45.778 [restartedMain] INFO  c.sermas.x.men.service.SettingsStore - Applied persisted active theme 'slate-blue'.
18:45:45.778 [restartedMain] INFO  c.sermas.x.men.service.SettingsStore - Applied persisted UI preferences.
18:45:45.983 [restartedMain] WARN  o.s.b.a.s.s.UserDetailsServiceAutoConfiguration - 

Using generated security password: 84693c2f-770e-4c76-959a-ff19e47d1a37

This generated password is for development use only. Your security configuration must be updated before running your application in production.

18:45:46.010 [restartedMain] INFO  o.s.s.c.a.a.c.InitializeUserDetailsBeanManagerConfigurer$InitializeUserDetailsManagerConfigurer - Global AuthenticationManager configured with UserDetailsService bean with name inMemoryUserDetailsManager
18:45:46.338 [restartedMain] INFO  o.s.b.a.e.web.EndpointLinksResolver - Exposing 1 endpoint beneath base path '/actuator'
18:45:46.569 [restartedMain] WARN  o.s.b.a.t.ThymeleafAutoConfiguration$DefaultTemplateResolverConfiguration - Cannot find template location: classpath:/templates/ (please add some templates, check your Thymeleaf configuration, or set spring.thymeleaf.check-template-location=false)
18:45:46.757 [restartedMain] INFO  o.s.b.d.a.OptionalLiveReloadServer - LiveReload server is running on port 35729
18:45:46.811 [restartedMain] INFO  o.a.coyote.http11.Http11NioProtocol - Starting ProtocolHandler ["http-nio-8081"]
18:45:46.826 [restartedMain] INFO  o.s.b.w.e.tomcat.TomcatWebServer - Tomcat started on port 8081 (http) with context path '/'
18:45:46.836 [restartedMain] INFO  com.sermas.x.men.Application - Started Application in 3.979 seconds (process running for 4.611)
18:45:46.927 [JavaFX-Launcher] WARN  javafx - Unsupported JavaFX configuration: classes were loaded from 'unnamed module @2473b9ce'
18:45:47.690 [JavaFX Application Thread] INFO  c.s.x.m.user_interface.XMenInterface - Splash video 'X - Men 2.0.mp4' loaded; playing at 1280.0x800.0 with audio.
18:45:59.915 [http-nio-8081-exec-2] INFO  o.a.c.c.C.[Tomcat].[localhost].[/] - Initializing Spring DispatcherServlet 'dispatcherServlet'
18:45:59.915 [http-nio-8081-exec-2] INFO  o.s.web.servlet.DispatcherServlet - Initializing Servlet 'dispatcherServlet'
18:45:59.918 [http-nio-8081-exec-2] INFO  o.s.web.servlet.DispatcherServlet - Completed initialization in 3 ms
18:46:02.053 [http-nio-8081-exec-7] INFO  c.s.x.men.service.VocabularyService - Vocabulary updated via Settings API.
18:50:07.658 [restartedMain] INFO  com.sermas.x.men.Application - Starting Application using Java 21.0.11 with PID 35260 (R:\OneDrive - King's College London\Workspace\Projects\SERMAS_KCL\Repositories\X-Men(Spring-Boot)\X-Men_3.0\target\classes started by Rish in R:\OneDrive - King's College London\Workspace\Projects\SERMAS_KCL\Repositories\X-Men(Spring-Boot)\X-Men_3.0)
18:50:07.660 [restartedMain] INFO  com.sermas.x.men.Application - No active profile set, falling back to 1 default profile: "default"
18:50:07.712 [restartedMain] INFO  o.s.b.d.e.DevToolsPropertyDefaultsPostProcessor - Devtools property defaults active! Set 'spring.devtools.add-properties' to 'false' to disable
18:50:09.313 [restartedMain] INFO  o.s.b.w.e.tomcat.TomcatWebServer - Tomcat initialized with port 8081 (http)
18:50:09.322 [restartedMain] INFO  o.a.coyote.http11.Http11NioProtocol - Initializing ProtocolHandler ["http-nio-8081"]
18:50:09.326 [restartedMain] INFO  o.a.catalina.core.StandardService - Starting service [Tomcat]
18:50:09.327 [restartedMain] INFO  o.a.catalina.core.StandardEngine - Starting Servlet engine: [Apache Tomcat/10.1.31]
18:50:09.369 [restartedMain] INFO  o.a.c.c.C.[Tomcat].[localhost].[/] - Initializing Spring embedded WebApplicationContext
18:50:09.370 [restartedMain] INFO  o.s.b.w.s.c.ServletWebServerApplicationContext - Root WebApplicationContext: initialization completed in 1657 ms
18:50:09.864 [restartedMain] INFO  c.s.x.m.s.HaskellDerivationFetcher - HaskellDerivationFetcher initialized with base URL: http://localhost:9091
18:50:09.981 [restartedMain] INFO  c.sermas.x.men.service.SettingsStore - Applied persisted vocabulary from C:\Users\Dell\.xmen\settings.json.
18:50:09.981 [restartedMain] INFO  c.sermas.x.men.service.SettingsStore - Applied persisted active theme 'slate-blue'.
18:50:09.981 [restartedMain] INFO  c.sermas.x.men.service.SettingsStore - Applied persisted UI preferences.
18:50:10.136 [restartedMain] WARN  o.s.b.a.s.s.UserDetailsServiceAutoConfiguration - 

Using generated security password: 1210305e-5cf3-4a4d-89d2-b82430d9ef0b

This generated password is for development use only. Your security configuration must be updated before running your application in production.

18:50:10.163 [restartedMain] INFO  o.s.s.c.a.a.c.InitializeUserDetailsBeanManagerConfigurer$InitializeUserDetailsManagerConfigurer - Global AuthenticationManager configured with UserDetailsService bean with name inMemoryUserDetailsManager
18:50:10.496 [restartedMain] INFO  o.s.b.a.e.web.EndpointLinksResolver - Exposing 1 endpoint beneath base path '/actuator'
18:50:10.731 [restartedMain] WARN  o.s.b.a.t.ThymeleafAutoConfiguration$DefaultTemplateResolverConfiguration - Cannot find template location: classpath:/templates/ (please add some templates, check your Thymeleaf configuration, or set spring.thymeleaf.check-template-location=false)
18:50:10.887 [restartedMain] INFO  o.s.b.d.a.OptionalLiveReloadServer - LiveReload server is running on port 35729
18:50:10.938 [restartedMain] INFO  o.a.coyote.http11.Http11NioProtocol - Starting ProtocolHandler ["http-nio-8081"]
18:50:10.959 [restartedMain] INFO  o.s.b.w.e.tomcat.TomcatWebServer - Tomcat started on port 8081 (http) with context path '/'
18:50:10.971 [restartedMain] INFO  com.sermas.x.men.Application - Started Application in 3.77 seconds (process running for 4.467)
18:50:11.071 [JavaFX-Launcher] WARN  javafx - Unsupported JavaFX configuration: classes were loaded from 'unnamed module @2473b9ce'
18:50:11.860 [JavaFX Application Thread] INFO  c.s.x.m.user_interface.XMenInterface - Splash video 'X - Men 2.0.mp4' loaded; playing at 1280.0x800.0 with audio.
18:50:24.417 [http-nio-8081-exec-5] INFO  o.a.c.c.C.[Tomcat].[localhost].[/] - Initializing Spring DispatcherServlet 'dispatcherServlet'
18:50:24.418 [http-nio-8081-exec-5] INFO  o.s.web.servlet.DispatcherServlet - Initializing Servlet 'dispatcherServlet'
18:50:24.420 [http-nio-8081-exec-5] INFO  o.s.web.servlet.DispatcherServlet - Completed initialization in 1 ms
18:50:32.221 [http-nio-8081-exec-7] INFO  c.s.x.men.service.VocabularyService - Vocabulary updated via Settings API.
18:51:01.333 [http-nio-8081-exec-3] INFO  c.s.x.men.service.VocabularyService - Vocabulary updated via Settings API.
18:51:01.350 [http-nio-8081-exec-2] INFO  c.sermas.x.men.service.ThemeService - Active theme switched to 'ultraviolet-lagoon'.
18:51:10.497 [http-nio-8081-exec-5] INFO  c.s.x.men.service.VocabularyService - Vocabulary updated via Settings API.
18:51:15.666 [http-nio-8081-exec-3] INFO  c.s.x.men.service.VocabularyService - Vocabulary updated via Settings API.
18:51:17.643 [http-nio-8081-exec-9] INFO  c.s.x.men.service.VocabularyService - Vocabulary updated via Settings API.
18:52:29.038 [http-nio-8081-exec-1] INFO  c.s.x.m.s.i.HybridDerivationService - Haskell derivation DISABLED - using Java implementation
18:52:29.040 [http-nio-8081-exec-1] INFO  c.s.x.m.u.SetupKnowledgeExtractor - Extracted principal from Setup rule: $Human
18:52:29.040 [http-nio-8081-exec-1] INFO  c.s.x.m.u.SetupKnowledgeExtractor - Extracted 4 type values for principal $Human
18:52:29.041 [http-nio-8081-exec-1] INFO  c.s.x.m.u.ForgetMutationParser - Found Forget values for rule H_2: [pw1]
18:52:29.041 [http-nio-8081-exec-1] INFO  c.s.x.m.s.i.DerivationCheckServiceImpl - Extracting MONOTONIC knowledge for rule: H_1
18:52:29.041 [http-nio-8081-exec-1] INFO  c.s.x.m.s.i.DerivationCheckServiceImpl - Precondition State data: <$B1,$B2,nH,pw1,pw2,ltkH>
18:52:29.042 [http-nio-8081-exec-1] INFO  c.s.x.m.s.i.DerivationCheckServiceImpl - Postcondition State data: <$B1,$B2,nH,pw1,pw2,ltkH>
18:52:29.042 [http-nio-8081-exec-1] INFO  c.s.x.m.s.i.DerivationCheckServiceImpl - Full MONOTONIC knowledge K: [$B1, $B2, nH, pw1, pw2, ltkH]
18:52:29.043 [http-nio-8081-exec-1] INFO  c.s.x.m.s.i.ForgetMutationStrategy - Algorithm 1 - Processing rule H_2 with 1 forget targets
18:52:29.043 [http-nio-8081-exec-1] INFO  c.s.x.m.s.i.ForgetMutationStrategy - Knowledge K: [$B1, $B2, nH, pw1, pw2, ltkH, aenc((nH, nB), pk(ltkH))]
18:52:29.043 [http-nio-8081-exec-1] INFO  c.s.x.m.s.i.ForgetMutationStrategy - Forget set: [pw1]
18:52:29.044 [http-nio-8081-exec-1] INFO  c.s.x.m.s.i.ForgetMutationStrategy - Blocking mode: CASE1_WEAK
18:52:29.044 [http-nio-8081-exec-1] INFO  c.s.x.m.s.i.ForgetMutationStrategy - Forget triggers Neglect on rule H_2 - removing 1 internal action(s) using forgotten message pw1
18:52:29.044 [http-nio-8081-exec-1] INFO  c.s.x.m.s.i.ForgetMutationStrategy - Target message m2: senc(($Human, pw1), k(nH, nB))
18:52:29.044 [http-nio-8081-exec-1] WARN  c.s.x.m.s.i.ForgetMutationStrategy - No derivations found for target senc(($Human, pw1), k(nH, nB)) - falling back to textual substitution
18:52:29.047 [http-nio-8081-exec-1] INFO  c.s.x.m.s.i.ForgetMutationStrategy - Applying textual substitution {pw1=pw2} to rule H_2
18:52:29.051 [http-nio-8081-exec-1] INFO  c.s.x.m.c.ForgetMutationController - Captured derivation tree output (2523 characters)
18:52:29.054 [http-nio-8081-exec-1] INFO  com.sermas.x.men.service.ZipService - Added derivation tree to ZIP: Bank_revised_new_DerivationTree.txt
18:53:23.946 [http-nio-8081-exec-3] INFO  c.s.x.m.s.i.HybridDerivationService - Haskell derivation DISABLED - using Java implementation
18:53:23.946 [http-nio-8081-exec-3] INFO  c.s.x.m.u.SetupKnowledgeExtractor - Extracted principal from Setup rule: $Human
18:53:23.946 [http-nio-8081-exec-3] INFO  c.s.x.m.u.SetupKnowledgeExtractor - Extracted 4 type values for principal $Human
18:53:23.946 [http-nio-8081-exec-3] INFO  c.s.x.m.u.ForgetMutationParser - Found Forget values for rule H_2: [pw1]
18:53:23.947 [http-nio-8081-exec-3] INFO  c.s.x.m.s.i.DerivationCheckServiceImpl - Extracting MONOTONIC knowledge for rule: H_1
18:53:23.947 [http-nio-8081-exec-3] INFO  c.s.x.m.s.i.DerivationCheckServiceImpl - Precondition State data: <$B1,$B2,nH,pw1,pw2,ltkH>
18:53:23.947 [http-nio-8081-exec-3] INFO  c.s.x.m.s.i.DerivationCheckServiceImpl - Postcondition State data: <$B1,$B2,nH,pw1,pw2,ltkH>
18:53:23.947 [http-nio-8081-exec-3] INFO  c.s.x.m.s.i.DerivationCheckServiceImpl - Full MONOTONIC knowledge K: [$B1, $B2, nH, pw1, pw2, ltkH]
18:53:23.947 [http-nio-8081-exec-3] INFO  c.s.x.m.s.i.ForgetMutationStrategy - Algorithm 1 - Processing rule H_2 with 1 forget targets
18:53:23.947 [http-nio-8081-exec-3] INFO  c.s.x.m.s.i.ForgetMutationStrategy - Knowledge K: [$B1, $B2, nH, pw1, pw2, ltkH, aenc((nH, nB), pk(ltkH))]
18:53:23.947 [http-nio-8081-exec-3] INFO  c.s.x.m.s.i.ForgetMutationStrategy - Forget set: [pw1]
18:53:23.947 [http-nio-8081-exec-3] INFO  c.s.x.m.s.i.ForgetMutationStrategy - Blocking mode: CASE1_WEAK
18:53:23.947 [http-nio-8081-exec-3] INFO  c.s.x.m.s.i.ForgetMutationStrategy - Forget triggers Neglect on rule H_2 - removing 1 internal action(s) using forgotten message pw1
18:53:23.947 [http-nio-8081-exec-3] INFO  c.s.x.m.s.i.ForgetMutationStrategy - Target message m2: senc(($Human, pw1), k(nH, nB))
18:53:23.947 [http-nio-8081-exec-3] WARN  c.s.x.m.s.i.ForgetMutationStrategy - No derivations found for target senc(($Human, pw1), k(nH, nB)) - falling back to textual substitution
18:53:23.947 [http-nio-8081-exec-3] INFO  c.s.x.m.s.i.ForgetMutationStrategy - Applying textual substitution {pw1=pw2} to rule H_2
18:53:23.949 [http-nio-8081-exec-3] INFO  c.s.x.m.c.ForgetMutationController - Captured derivation tree output (2523 characters)
18:53:23.950 [http-nio-8081-exec-3] INFO  com.sermas.x.men.service.ZipService - Added derivation tree to ZIP: Bank_revised_new_DerivationTree.txt
19:31:31.987 [restartedMain] INFO  com.sermas.x.men.Application - Starting Application using Java 21.0.11 with PID 31576 (R:\OneDrive - King's College London\Workspace\Projects\SERMAS_KCL\Repositories\X-Men(Spring-Boot)\X-Men_3.0\target\classes started by Rish in R:\OneDrive - King's College London\Workspace\Projects\SERMAS_KCL\Repositories\X-Men(Spring-Boot)\X-Men_3.0)
19:31:31.989 [restartedMain] INFO  com.sermas.x.men.Application - No active profile set, falling back to 1 default profile: "default"
19:31:32.053 [restartedMain] INFO  o.s.b.d.e.DevToolsPropertyDefaultsPostProcessor - Devtools property defaults active! Set 'spring.devtools.add-properties' to 'false' to disable
19:31:33.784 [restartedMain] INFO  o.s.b.w.e.tomcat.TomcatWebServer - Tomcat initialized with port 8081 (http)
19:31:33.796 [restartedMain] INFO  o.a.coyote.http11.Http11NioProtocol - Initializing ProtocolHandler ["http-nio-8081"]
19:31:33.799 [restartedMain] INFO  o.a.catalina.core.StandardService - Starting service [Tomcat]
19:31:33.799 [restartedMain] INFO  o.a.catalina.core.StandardEngine - Starting Servlet engine: [Apache Tomcat/10.1.31]
19:31:33.846 [restartedMain] INFO  o.a.c.c.C.[Tomcat].[localhost].[/] - Initializing Spring embedded WebApplicationContext
19:31:33.847 [restartedMain] INFO  o.s.b.w.s.c.ServletWebServerApplicationContext - Root WebApplicationContext: initialization completed in 1792 ms
19:31:34.400 [restartedMain] INFO  c.s.x.m.s.HaskellDerivationFetcher - HaskellDerivationFetcher initialized with base URL: http://localhost:9091
19:31:34.518 [restartedMain] INFO  c.sermas.x.men.service.SettingsStore - Applied persisted vocabulary from C:\Users\Dell\.xmen\settings.json.
19:31:34.519 [restartedMain] INFO  c.sermas.x.men.service.SettingsStore - Applied persisted active theme 'ultraviolet-lagoon'.
19:31:34.519 [restartedMain] INFO  c.sermas.x.men.service.SettingsStore - Applied persisted UI preferences.
19:31:34.698 [restartedMain] WARN  o.s.b.a.s.s.UserDetailsServiceAutoConfiguration - 

Using generated security password: c1f5c969-6078-478f-a7d4-67c023c6444e

This generated password is for development use only. Your security configuration must be updated before running your application in production.

19:31:34.731 [restartedMain] INFO  o.s.s.c.a.a.c.InitializeUserDetailsBeanManagerConfigurer$InitializeUserDetailsManagerConfigurer - Global AuthenticationManager configured with UserDetailsService bean with name inMemoryUserDetailsManager
19:31:35.080 [restartedMain] INFO  o.s.b.a.e.web.EndpointLinksResolver - Exposing 1 endpoint beneath base path '/actuator'
19:31:35.348 [restartedMain] WARN  o.s.b.a.t.ThymeleafAutoConfiguration$DefaultTemplateResolverConfiguration - Cannot find template location: classpath:/templates/ (please add some templates, check your Thymeleaf configuration, or set spring.thymeleaf.check-template-location=false)
19:31:35.521 [restartedMain] INFO  o.s.b.d.a.OptionalLiveReloadServer - LiveReload server is running on port 35729
19:31:35.565 [restartedMain] INFO  o.a.coyote.http11.Http11NioProtocol - Starting ProtocolHandler ["http-nio-8081"]
19:31:35.587 [restartedMain] INFO  o.s.b.w.e.tomcat.TomcatWebServer - Tomcat started on port 8081 (http) with context path '/'
19:31:35.599 [restartedMain] INFO  com.sermas.x.men.Application - Started Application in 4.139 seconds (process running for 4.961)
19:31:35.706 [JavaFX-Launcher] WARN  javafx - Unsupported JavaFX configuration: classes were loaded from 'unnamed module @2473b9ce'
19:31:36.620 [JavaFX Application Thread] INFO  c.s.x.m.user_interface.XMenInterface - Splash video 'X - Men 2.0.mp4' loaded; playing at 1280.0x800.0 with audio.
19:31:49.157 [http-nio-8081-exec-2] INFO  o.a.c.c.C.[Tomcat].[localhost].[/] - Initializing Spring DispatcherServlet 'dispatcherServlet'
19:31:49.157 [http-nio-8081-exec-2] INFO  o.s.web.servlet.DispatcherServlet - Initializing Servlet 'dispatcherServlet'
19:31:49.160 [http-nio-8081-exec-2] INFO  o.s.web.servlet.DispatcherServlet - Completed initialization in 3 ms
19:33:47.363 [http-nio-8081-exec-9] INFO  c.s.x.men.service.VocabularyService - Vocabulary updated via Settings API.
19:34:09.581 [http-nio-8081-exec-2] INFO  c.s.x.men.service.VocabularyService - Vocabulary updated via Settings API.
19:34:14.589 [http-nio-8081-exec-3] INFO  c.s.x.men.service.VocabularyService - Vocabulary updated via Settings API.
19:39:08.698 [http-nio-8081-exec-6] INFO  c.s.x.men.service.VocabularyService - Vocabulary updated via Settings API.
19:39:08.760 [http-nio-8081-exec-8] INFO  c.sermas.x.men.service.ThemeService - Active theme switched to 'charcoal-mono'.
19:39:30.768 [http-nio-8081-exec-5] INFO  c.s.x.men.service.VocabularyService - Vocabulary updated via Settings API.
19:50:13.997 [http-nio-8081-exec-1] INFO  c.s.x.men.service.VocabularyService - Vocabulary updated via Settings API.
19:50:18.150 [http-nio-8081-exec-5] INFO  c.s.x.men.service.VocabularyService - Vocabulary updated via Settings API.
19:50:20.147 [http-nio-8081-exec-7] INFO  c.s.x.men.service.VocabularyService - Vocabulary updated via Settings API.
19:50:21.628 [http-nio-8081-exec-10] INFO  c.s.x.men.service.VocabularyService - Vocabulary updated via Settings API.
19:50:22.610 [http-nio-8081-exec-9] INFO  c.s.x.men.service.VocabularyService - Vocabulary updated via Settings API.
19:50:34.156 [http-nio-8081-exec-7] INFO  c.s.x.men.service.VocabularyService - Vocabulary updated via Settings API.
19:51:11.829 [JavaFX Application Thread] INFO  c.s.x.m.s.chatbot.ChatBotService - Extracted 6 AIML brain resources into C:\Users\Dell\AppData\Local\Temp\xmen-aiml-1387510587373277876\xmen
19:51:11.830 [JavaFX Application Thread] INFO  c.s.x.m.s.chatbot.ChatBotService - Loading X-Men AIML brain from C:\Users\Dell\AppData\Local\Temp\xmen-aiml-1387510587373277876\xmen\
19:51:12.128 [JavaFX Application Thread] INFO  c.s.x.m.s.chatbot.ChatBotService - ChatBotService status: AIML brain loaded from C:\Users\Dell\AppData\Local\Temp\xmen-aiml-1387510587373277876\xmen\
19:56:00.629 [http-nio-8081-exec-8] INFO  c.s.x.men.service.VocabularyService - Vocabulary updated via Settings API.
19:56:03.139 [http-nio-8081-exec-4] INFO  c.s.x.men.service.VocabularyService - Vocabulary updated via Settings API.
19:56:03.151 [http-nio-8081-exec-3] INFO  c.sermas.x.men.service.ThemeService - Active theme switched to 'toxic-orchid'.
19:56:12.030 [http-nio-8081-exec-5] INFO  c.s.x.men.service.VocabularyService - Vocabulary updated via Settings API.
19:56:25.050 [http-nio-8081-exec-5] INFO  c.s.x.men.service.VocabularyService - Vocabulary updated via Settings API.
19:56:25.063 [http-nio-8081-exec-9] INFO  c.sermas.x.men.service.ThemeService - Active theme switched to 'pine-forest'.
19:56:37.325 [http-nio-8081-exec-1] INFO  c.s.x.m.s.i.HybridDerivationService - Haskell derivation DISABLED - using Java implementation
19:56:37.329 [http-nio-8081-exec-1] INFO  c.s.x.m.u.SetupKnowledgeExtractor - Extracted principal from Setup rule: $Human
19:56:37.332 [http-nio-8081-exec-1] INFO  c.s.x.m.u.SetupKnowledgeExtractor - Extracted 4 type values for principal $Human
19:56:37.332 [http-nio-8081-exec-1] INFO  c.s.x.m.u.ForgetMutationParser - Found Forget values for rule H_2: [pw1]
19:56:37.334 [http-nio-8081-exec-1] INFO  c.s.x.m.s.i.DerivationCheckServiceImpl - Extracting MONOTONIC knowledge for rule: H_1
19:56:37.334 [http-nio-8081-exec-1] INFO  c.s.x.m.s.i.DerivationCheckServiceImpl - Precondition State data: <$B1,$B2,nH,pw1,pw2,ltkH>
19:56:37.335 [http-nio-8081-exec-1] INFO  c.s.x.m.s.i.DerivationCheckServiceImpl - Postcondition State data: <$B1,$B2,nH,pw1,pw2,ltkH>
19:56:37.336 [http-nio-8081-exec-1] INFO  c.s.x.m.s.i.DerivationCheckServiceImpl - Full MONOTONIC knowledge K: [$B1, $B2, nH, pw1, pw2, ltkH]
19:56:37.339 [http-nio-8081-exec-1] INFO  c.s.x.m.s.i.ForgetMutationStrategy - Algorithm 1 - Processing rule H_2 with 1 forget targets
19:56:37.340 [http-nio-8081-exec-1] INFO  c.s.x.m.s.i.ForgetMutationStrategy - Knowledge K: [$B1, $B2, nH, pw1, pw2, ltkH, aenc((nH, nB), pk(ltkH))]
19:56:37.340 [http-nio-8081-exec-1] INFO  c.s.x.m.s.i.ForgetMutationStrategy - Forget set: [pw1]
19:56:37.340 [http-nio-8081-exec-1] INFO  c.s.x.m.s.i.ForgetMutationStrategy - Blocking mode: CASE1_WEAK
19:56:37.340 [http-nio-8081-exec-1] INFO  c.s.x.m.s.i.ForgetMutationStrategy - Forget triggers Neglect on rule H_2 - removing 1 internal action(s) using forgotten message pw1
19:56:37.341 [http-nio-8081-exec-1] INFO  c.s.x.m.s.i.ForgetMutationStrategy - Target message m2: senc(($Human, pw1), k(nH, nB))
19:56:37.342 [http-nio-8081-exec-1] WARN  c.s.x.m.s.i.ForgetMutationStrategy - No derivations found for target senc(($Human, pw1), k(nH, nB)) - falling back to textual substitution
19:56:37.348 [http-nio-8081-exec-1] INFO  c.s.x.m.s.i.ForgetMutationStrategy - Applying textual substitution {pw1=pw2} to rule H_2
19:56:37.357 [http-nio-8081-exec-1] INFO  c.s.x.m.c.ForgetMutationController - Captured derivation tree output (2523 characters)
19:56:37.368 [http-nio-8081-exec-1] INFO  com.sermas.x.men.service.ZipService - Added derivation tree to ZIP: Bank_revised_new_DerivationTree.txt
